⁉️|!?|?|interpunkční znaménka|otázka|otazník|vykřičník a otazník|značka|zvolání
ℹ️|informace|značka informace
↔️|šipka doleva a doprava|šipka vlevo a vpravo
↕️|dolů|nahoru|šipka nahoru a dolů
↖️|severozápad|šikmo|šipka doleva nahoru|šipka vlevo nahoru|směr|strany|světové|vedlejší
↗️|severovýchod|šikmo|šipka doprava nahoru|šipka vpravo nahoru|směr|strany|světové|vedlejší
↘️|jihovýchod|šikmo|šipka doprava dolů|šipka vpravo dolů|směr|strany|světové|vedlejší
↙️|jihozápad|šikmo|šipka doleva dolů|šipka vlevo dolů|směr|strany|světové|vedlejší
⌨️|klávesnice|počítač
☀️|hvězda|jasno|jasný|paprsky|počasí|slunce|slunečno|sluníčko|slunný|vesmír
☁️|mráček|mračna|mrak|oblak|počasí|zamračeno
☂️|déšť|deštník|fialová|oblečení|otevřený deštník|paraple|počasí|pršet|prší
☃️|chladno|mrznout|počasí|sněhulák|sníh|zima
☄️|kometa|kosmické těleso|kosmos|vesmír|vlasatice
☑️|✓|fajfka|hlasování|hotovo|krabice|okénko|políčko|volby|zaškrtnuté políčko|zaškrtnutí
☔|déšť|deštník s kapkami deště|dešťové kapky|kapka|oblečení|paraple|počasí|pršet|prší
☕|čaj|horký|kafčo|kafe|kafíčko|káva|kavárna|kofein|kouřící|nápoj|pára|pití|ráno|starbucks|teplý nápoj
☘️|irsko|irský|jetel|rostlina|štěstí|trojlístek|zelený
☠️|kosti|kostra|lebka a zkřížené hnáty|lebka se zkříženými hnáty|mrtvý|obličej|příšera|smajlík|smrt|tělo|tvář|výraz|zkřížené hnáty
☢️|radioaktivita|radioaktivity|radioaktivní|značka
☣️|biohazard|biologické|nebezpečí|riziko|značka
☦️|křesťanský|křesťanství|kříž|náboženství|pravoslavný kříž
☸️|buddhismus|buddhista|dharma|kolo dharmy|kormidlo|náboženství
☹️|mračit se|obličej|smajlík|smutek|smutný|tvář|výraz|zamračení|zamračený obličej|zamračený výraz
♈|beran|horoskop|skopec|znamení berana|zvěrokruh
♉|býk|horoskop|tur|vůl|znamení býka|zvěrokruh
♐|horoskop|střelec|znamení střelce|zvěrokruh
♑|horoskop|koza|kozoroh|znamení kozoroha|zvěrokruh
♒|horoskop|nosič|voda|vodnář|vodonoš|znamení vodnáře|zvěrokruh
♓|horoskop|ryba|ryby|znamení ryb|zvěrokruh
♠️|barva karty|hra|karta|piky
♣️|barva karty|hra|karta|kříže
♥️|barva karty|červený|city|emoce|hra|karta|láska|srdce|srdíčko
♦️|barva karty|hra|kára|karta|káry
♨️|horké prameny|horko|horký pramen|lázeň|pára|pramen|termální prameny|vřídlo
⚒️|hornictví|horník|kladivo a špičák|mlátek a želízko|nářadí|nástroj|práce|špičák|težba|zaměstnání
⚓|cestování|kotva|loď|moře|nástroj|oceán|plavba|přístav|zakotvit|zařízení
⚔️|boj|kordy|legenda|meče|pohádka|rytíř|šavle|zbraň|zkřížené
⚖️|hmotnost|miskové váhy|nářadí|nástroj|rovnováha|spravedlnost|váha|váhy|vyvažovací váhy|znamení zvěrokruhu|zvěrokruh
⚗️|alembik|chemie|destilace|destilační přístroj|křivule|laboratoř|náčiní|nádobí|nástroj
⚙️|mechanika|nářadí|nástroj|ozubené kolo|převod|přístroj
✂️|nástroj|nůžky|papír|šmik|střih|stříhání|stříhat
✅|✓|bílá značka zaškrtnutí|fajfka|hotovo|opraveno|ověřeno|správně|tlačítko se značkou zaškrtnutí|zaškrtnutí|zelené tlačítko|značka
✈️|cestování|doprava|letadlo|létat|letiště|letoun|tryskáč|tryskové letadlo
✉️|dopis|e-mail|email|list|obálka|pošta|psaníčko|zásilka
✒️|atrament|černé pero|hrot černého pera|inkoustové pero|pero|plnicí pero|tuš
✔️|✓|fajfka|hotovo|opraveno|ověřeno|správně|velká značka zaškrtnutí|zaškrtnutí|značka
✖️|×|krát|křížek|násobení|násobit|součin|x|znak|zrušení|zrušit
✡️|davidova hvězda|hexagram|hvězda|judaizmus|náboženství|víra|židovská hvězda|židovský
✨|*|čarovat|hvězda|hvězdičky|jiskra|jiskřit|jiskry|kouzlo|magie|noc|třpytit se|zářit
✳️|*|hvězda|hvězdička|osmicípá hvězdička|zelená
✴️|*|hvězda|hvězdička|oranžová|osmicípá hvězda
❄️|chladno|počasí|sněhová vločka|sněžit|sníh|vločka|zima
❇️|*|hvězdička|jiskérka|jiskra|jiskřička|jiskřit|třpyt
❓|?|červený otazník|dotaz|interpunkční znaménka|otázka|otazník|ptát se|značka
❔|?|bílý otazník|interpunkční znaménka|obrys|otazník|značka
❕|!|bílý vykřičník|interpunkce|interpunkční znaménka|obrys|vykřičník|značka
❗|!|červený vykřičník|interpunkční znaménka|pozor|rozkaz|vykřičník|výstraha|značka
❣️|!|interpunkce|interpunkční znaménka|srdce jako vykřičník|vykřičník|značka|znaménko
❤️|červený|city|emoce|láska|rudé srdce|srdce|zamilovaný
➕|+|kladný|matematika|plus|přičíst|přičítat|připočítat|sčítání|sčítat|sečíst|součet|velké znaménko plus|znak plus
➖|-|−|matematika|minus|mínus|odčítání|odečíst|odečítat|počítat|rozdíl|velké znaménko minus|záporný|znak minus
➗|÷|dělení|děleno|matematika|podíl|velké znaménko dělení|znak dělení
⤴️|nahoru|šipka doprava stáčející se nahoru|šipka vpravo zatáčející nahoru
⤵️|dolů|šipka doprava stáčející se dolů|šipka vpravo zatáčející dolů
〰️|čára|dlouhá vlnovka|interpunkce|interpunkční|pomlčka|vlnitá|vlnovka|vlny|znaménka
㊗️|blahopřání|blahopřejeme|gratulace|gratulovat|ideogram|japonský kruhový ideogram gratulace|japonština|štěstí|štítek s japonským znakem blahopřání
㊙️|ideogram|japonský kruhový ideogram tajemství|japonština|štítek s japonským znakem tajné|tajemství|utajení
😀|obličej|radostný|smajlík|smát se|smích|spokojený|šťastný|tvář|úšklebek|úsměv|veselý|výraz se širokým úsměvem|vysmátý|zubící se obličej|zuby
😃|hlasitý smích|jupí|obličej|otevřený|paráda|smajlík|spokojený|šťastný|super|tvář|úsměv|ústa|výraz s úsměvem s otevřenou pusou|zubící se obličej s velkýma očima|zuby
😄|hlasitý smích|křenit se|lol|obličej|oko|otevřený|řehtat se|smajlík|smát se|tvář|úsměv|ústa|výraz s úsměvem s otevřenou pusou a rozzářenýma očima|zubící se obličej s usměvavýma očima
😁|křenit se|obličej|oči|oko|řehtat se|rozzářený obličej s usměvavýma očima|smajlík|smát se|tvář|úšklebek|úsměv|výraz se širokým úsměvem s rozzářenýma očima|zuby
😆|chacha|haha|hehe|hlasitý|křenit|lol|mžourající|obličej|otevřený|řehtat|rofl|smajlík|smích|spokojený|tlemit|tvář|úsměv|ústa|výraz|zubící
😅|nervózní smích|obličej|otevřený|pot|rozrušený|smajlík|stres|studený|tvář|úsměv|výraz s úsměvem s otevřenou pusou a studeným potem|zubící se obličej s kapkou potu
🤣|brečet|haha|hehe|lol|obličej|popukání|řehtat|rozesmátý|se|slza|slzet|smajlík|smíchy|sranda|šťastný|tvář|válet|veselý|výraz
😂|brečet|haha|hehe|lol|obličej|řehtat|rozesmátý|se|slza|slzet|slzící|smajlík|smíchy|sranda|šťastný|tvář|válet|veselý|výraz
🙂|obličej s mírným úsměvem|pousmát se|smajlík|spokojený|šťastný|tvář|úsměv|veselý|výraz mírného úsměvu
🙃|haha|hehe|hlavou dolů|obličej|obrácený|převrácený|smajlík|tvář vzhůru nohama|úsměv|usmívat se|výraz|vzhůru nohama
🫠|horko|mizení|rozpaky|rozpouštění|rozpuštění|rozpustit se|roztékání|spokojenost|tající obličej|tání
😉|flirtovat|mrk mrk|mrkající obličej|mrkající smajlík|mrknout|mrknutí|obličej|škádlení|smajlík|tvář|výraz|zamrkat
😊|červenání|červenat se|milý|obličej|oko|radost|ruměnec|smajlík|smějící se obličej s usměvavýma očima|spokojený|tvář|úsměv|usměvavý|výraz s úsměvem se smějícíma se očima|zardění|zářit štěstím|zrudnutí
😇|anděl|andílek|duše|dušička|fantasy|halo|mírumilovný|nevinný|obličej|pohádka|smajlík|spokojený|šťastný|svatoušek|svatozář|svatý|tvář|úsměv|výraz
🥰|láska|mám tě ráda|milovat|miluji tě|mít rád|obličej|romantika|smajlík|srdce|srdíčka|úsměv|usmívající se obličej se třemi srdíčky|zakoukaný|zaláskovaný|zamilovanost|zamilovaný|zbožňování|zbožňovat
😍|láska|miluji tě|miluju tě|nádhera|obličej|oči|oko|polibek|pusa|romantika|smajlík|srdce|srdíčka|tvář|úsměv|usmívající se obličej se srdíčky místo očí|úsmívající se tvář s očima ve tvaru srdíček|výraz|zamilovaný
🤩|hvězda|nadšený|obličej s hvězdami v očích|oči|páni|paráda|šklebící|smajlík|tvář|tyjo|úsměv|výraz|wow
😘|chybíš|flirt|láska|miluji|miluju|muck|obličej|polibek|posílající|pusa|pusinka|pusu|ráno|romantika|rozkošný|smajlík|srdce|tvář|výraz
😗|flirtovat|láska|líbající obličej|miluji tě|miluju tě|muck|obličej|polibek|pusa|pusinka|rande|smajlík|tvář|výraz polibku
☺️|obličej|obrys|pohoda|potěšený|silueta|smajlík|šťastný|tvář|úsměv|usměvavý|usmívající se obličej|uvolněný|výraz úsměvu
😚|červenat se|flirt|láska|líbající obličej se zavřenýma očima|miluji tě|miluju tě|obličej|oči|oko|polibek|pusa|pusinka|ruměnec|smajlík|tvář|výraz polibku se zavřenýma očima|zardění|zavřený|zrudnutí
😙|dobrou noc|flirt|ily|láska|líbající obličej s usměvavýma očima|miluji tě|miluju tě|obličej|oko|polibek|pusa|pusinka|rande|smajlík|tvář|úsměv|výraz polibku s úsměvem|zavřené oči
🥲|dojatý|dojetí|hrdý|slza|slzy radosti|slzy štěstí|smajlík|tvář|úleva|úsměv|usmívající se obličej se slzou|vděčný|výraz
😋|chutný|hladový|jídlo|jíst|lahodný|mňam|ňam|obličej|olizující se obličej|olizující se tvář|rozpustilý|smajlík|sytý|tvář|úsměv|výborný|vychutnávat|vynikající|vypláznutý jazyk|výraz
😛|jazyk|obličej s vyplazeným jazykem|paráda|párty|smajlík|super|tvář s vyplazeným jazykem|vypláznutý jazyk|výraz
😜|bláznivý|jazyk|legrace|mrkající obličej s vypláznutým jazykem|mrknout|mrknutí|obličej|oko|potrhlý|praštěný|smajlík|sranda|tvář s vyplazeným jazykem a mrkajícím okem|ujetý|vtip|výraz|ztřeštěný
🤪|blázen|jedno oko větší než druhé|malé|obličej|oči|oko|šílenec|šílený obličej|šílený výraz|smajlík|tvář|velké|výraz|zbláznit se
😝|ble|chuť|děs|fuj|jazyk|mžourající obličej s vypláznutým jazykem|nechutné|obličej|oko|omg|smajlík|tvář s vyplazeným jazykem a zavřenýma očima|vypláznutý jazyk|výraz|zavřené oči
🤑|boháč|bohatství|dolar|obličej s penězi na jazyku|peníze|prachy|pusa|smajlík|tvář s penězi na jazyku|ústa|výplata|výraz
🤗|gesto objetí|obejmout|objetí|obličej s otevřenou náručí|ruce|ruka|smajlík|tvář|výraz
🤭|aha|ajaj|chichotání|hihňat se|jejda|jéje|obličej s dlaní před pusou|obličej s rukou na ústech|oj|oops|ouha|překvapení|ruka|smajlík|šok|tajemství|tvář|ups|výraz
🫢|mlčet|neuvěřitelné|nevěřícnost|nevíra|obličej s otevřenýma očima a dlaní před pusou|omg|pohoršení|překvapení|proboha|šokovaný|trapas|údiv|úlek|úžas
🫣|bát se|bojím|koukat|kuk|nakukování|obličej vykukující jedním okem|rozpaky|schovávat se|šmírování|špehovat|stud|stydět se|stydlivost|stydlivý|uchvácení|vykouknutí|zaujetí|zírání
🤫|buď potichu|obličej s prsem na ústech|obličej s prstem na puse|pst|pšt|ruka|smajlík|ššš|ticho|tiše|tišit|tvář|utišit|výraz|zticha
🤔|hloubat|hmm|obličej|přemítat|přemýšlet|smajlík|tvář|uvažovat|výraz|zadumaný|zamyšlení|zamyšlený obličej|zvažovat
🫡|ano pane|ano paní|být v pozoru|pozdrav|pozor|rozkaz|salutování|salutovat|salutující obličej|slunečno|vojenský pozdrav|vojsko|vyhlížet|zastíněné oči|zastínit oči před sluncem
🤐|ani muk|držet jazyk za zuby|jako ryba|mlčet|mlčím|nepovím|neřeknu|obličej s pusou na zip|pst|pšt|smajlík|tajemství|tvář s pusou na zip|ústa|výraz|zip
🤨|cože|hmm|mírné překvapení|nedůvěra|nedůvěřivý|nesouhlas|nevěřícný|nevěřit|obličej se zvednutým obočím|překvapení|skepse|skeptický|smajlík|tvář|výraz
😐|bez výrazu|kamenná tvář|kamenný výraz|neutrální|nezábavný|nezájem|nezajímavý|nudný|obličej s neutrálním výrazem|prázdný výraz|smajlík|trapné|tvář|výraz|závist
😑|bez výrazu|kamenný výraz|mrtvý|obličej bez výrazu|omg|prázdný výraz|smajlík|tvář bez výrazu|výraz|wtf|závist
😶|bez výrazu|beze slov|nemám slov|němý|nepříjemné|obličej bez úst|oněmělý|prázdný výraz|prekérní situace|smajlík|tajemství|tajný|ticho|tichý|trapné|tvář bez úst|ústa|výraz
🫥|deprese|introvert|já tu nejsem|mizící|neviditelný|obličej s tečkovaným obrysem|schovaný|skrytý|stud|zmizet
😶‍🌫️|duchem nepřítomný|hlava v oblacích|nepřítomný|obličej v mlze|obličej v oblacích|smajlík|tvář
😏|drzost|drzý|flirt|floutek|lstivý|mazaný|mrkat|obličej|poťouchlý|přidrzlý|prohnaný|samolibý|smajlík|tvář|úlisný|úšklebek|úsměv|vilný|vychytralý|výraz
😒|divný|dobře|fajn|naštvaný|nešťastný|nevěřícný|nuda|obličej se znuděným výrazem|smajlík|to je fuk|tvář|výraz|wtf|závist|znuděný
🙄|ježišmarja|koulející|koulet očima|koulí očima|obličej s očima v sloup|obracet oči|oči v sloup|smajlík|to je fuk|tvář s očima v sloup|v sloup|výraz
😬|grimasa s vyceněnými zuby|křenit se|nepříjemný|obličej|prekérní|šklebit se|smajlík|trapný|tvář s krokodýlím úsměvem|úsměv|výraz|zubař|zuby
😮‍💨|foukat|kouřit|lapání po dechu|obličej|oddechnutí|pískání|povzdech|šepot|smajlík|uf|úleva|vyčerpaný|výdech|vydechnutí|vydechující|vyfukující|výraz
🤥|lež|lhář|lhát|lživá tvář s dlouhým nosem|obličej lháře|pinocchio|podvodník|prolhaný|smajlík|tvář|výraz
🫨|obličej|panika|překvapení|šok|třas|třesavka|třesoucí se obličej|tvář|vibrace|výraz|zemětřesení
🙂‍↔️|kroucení hlavou ze strany na stranu|nesouhlas|vrtění
🙂‍↕️|ano|kývání hlavou nahoru a dolů|kývnutí|přikývnutí|přikyvování|souhlas
😌|klidný|obličej s výrazem úlevy|smajlík|tvář|úleva|výraz úlevy|vyrovnaný|zen
😔|deprimovaný|hrozný|obličej se skleslým výrazem|skleslý|sklíčený|smajlík|smutný|trudnomyslný|trudomyslný|tvář|výraz|zadumaný|zádumčivý|zahloubaný|zamyšlený|zklamaný|znuděný|ztracený
😪|brečet|nachlazený|obličej|ospalý obličej|ospalý výraz|plakat|rozespalý|smajlík|smutný|spánek|tvář|unavený|uplakaný|výraz
🤤|bryndat|chutné|cintat|hlad|obličej|slina|slinit|slintající obličej|slintající tvář|slintání|slintat blahem|sliny|smajlík|tvář|vynikající|výraz
😴|chrnět|chrr|dobrou|noc|obličej|ospalý|pochrupovat|postel|šlofík|spánek|spát|spící|tvář|unavený|usínat|utahaný|výraz|zdřímnout|zívat|zzz
🫩|kruhy|obličej|oči|ospalost|pozdě|únava|váčky|vyčerpanost|znuděnost
😷|bacily|bakterie|dermatolog|doktor|lékař|maska|nachlazený|nemocný|obličej s lékařskou rouškou|prevence|rouška|rýma|smajlík|tvář s doktorskou rouškou|výraz|zubař
🤒|angína|chřipka|horečka|nemocný|obličej s teploměrem|smajlík|teploměr|teplota|tvář s teploměrem v puse|výraz
🤕|au|bolest|bolí|boule|obličej s ovázanou hlavou|obvaz|ofačovaná hlava|smajlík|tvář|výraz|zafačovaný|zranění|zraněný
🤢|ble|blinkat|fuj|nechutný|nevolno|obličej se znechuceným výrazem|smajlík|tvář|výraz|znechucení|znechucený výraz|zvracet
🤮|ble|blít|fuj|nechutný|nemocný|nevolnost|obličej|smajlík|špatně|tvář|výraz|žaludek|zvracející obličej|zvracet|zvratky
🤧|chřipka|horečka|kapesník|kýchající obličej|kýchat|na zdraví|nachlazený|nemocný|obličej|rýma|smajlík|smrkat|tvář|výraz|zdravíčko
🥵|červený obličej|horečka|horečnatý|horko|obličej|pocení|přehřátý|rozpálený obličej|rudý obličej|smajlík|umírat|úpal|uřícený|úžeh|vedro|vypláznutý jazyk|zadýchaný|zpocený|ztěžka oddechovat
🥶|chladný|drkotat zuby|modrý|mráz|mrzne|námraza|obličej|omrzliny|pod nulou|promodralý|promrzlý|rampouchy|smajlík|sníh|studený|zamrzlý|zasněžený|zima|zledovatělý|zmrzlý
🥴|dezorientovaný|líznutý|malátný|mít závrať|motá se mi hlava|omámený|opilost|opilý|pod vlivem|přiopilý|různě velké oči|šilhající|závrať|zpitomělý obličej|zvlněná pusa
😵|mrtvý|nevolnost|obličej s výrazem závrati|smajlík|tvář|unavený|výraz závrati|závrať
😵‍💫|hypnotizovaný|motat se|no páni|obličej se spirálami místo očí|páni|potíže|smajlík|spirála|spirály místo očí|výraz|závrať|zhypnotizovaný|zmatený
🤯|explodující hlava|nemožné|není možné|neuvěřitelné|obličej|smajlík|šok|tvář|výbuch|vybuchující hlava|výraz
🤠|klobouk|kovbojka|obličej s kovbojským kloboukem|smajlík|tvář s kovbojským kloboukem|výraz
🥳|čepička|frkačka|gratulace|hurá|jupí|konfety|nadšení|narozeniny|narozky|nejlepší|obličej|oslava|pařit|párty|radost|sláva|slavit|smajlík|všechno|zábava
🥸|brýle|incognito|inkognito|knír|maskovaný|obličej v přestrojení|obočí|přestrojení|převlek|smajlík|špehovat|špion|tvář|výraz
😎|brýle|cool|fešák|fešanda|frajer|jasno|naparovat|obličej|oči|oko|paráda|pláž|rebel|sluneční|smajlík|stylový|úsměv|uvolněný|vítěz|výraz
🤓|brýle|chytrý|geek|inteligentní|nerd|nešika|obličej šprta|smajlík|šplhoun|šprt|tvář|výraz
🧐|boháč|bohatý|fajnový|konvenční|luxusní|monokl|nóbl|obličej s brýlovým monoklem|obličej s monoklem|prudérní|smajlík|staromódní|tvář|výraz|zámožný
😕|hm|matoucí|meh|nejistý|nevím|obličej|popletený|promiň|smajlík|smutný|tvář|výraz|zmatený
🫤|ech|frustrovaný|meh|na pochybách|nejistý|nerozhodný|nic moc|obličej s pusou našikmo|pf|pochyby|skeptický|zklamání|zmatený
😟|bát se|nervozita|nervózní|obavy|obličej|překvapený|smajlík|smutný|starosti|strachovat se|stres|tvář|ustaraný obličej|úzkostlivý|výraz obav
🙁|mírně zamračený obličej|obličej|smajlík|smutek|smutný|tvář|výraz mírného zamračení|zamračení
😮|dokořán|kecáš|nekecej|neuvěřitelné|nevěřím|obličej|omg|otevřená|páni|překvapený|pusa|smajlík|šok|soucit|tvář|tyjo|ústa|vážně|výraz|wow
😯|obličej se zaraženým výrazem|ohromený|omg|páni|překvapený|smajlík|šokovaný|tichý|tvář|tyjo|výraz tváře beze slov|wow|zaražený
😲|naprosto|nekecej|nemožné|není možné|nevěřícný|obličej|ohromený|omg|smajlík|šok|to snad ne|tvář|udivený|úplně|úžas|užaslý|výraz ohromení|wtf|zaskočený
😳|bože|červenat|cože|ohromený|páni|překvapení|překvapený|provinilý|rozpaky|šílené|stydět|stydlivý|trapas|trapné|údiv|udivený|výraz|wow|zrudnout
🫪|nafouklý|obličej|panika|překvapený|smajlík|šokovaný|úzkost|zranitelný
🥺|milost|obličej|pěkně prosím|proč ne|prosba|prosebný obličej|prosící|prosit|psí oči|škemrat|slitování|smajlík|smutné oči|smutný|žadonění|žadonit
🥹|aww|dojetí|emoce|hněv|hrdost|obdiv|obličej se slzami na krajíčku|pěkně prosím|pláč|pocity|prosík|psí oči|rozpaky|sebeovládání|slzičky|slzy na krajíčku|slzy štěstí|smutek|vděčnost
😦|cože|obličej|otevřený|polekat se|překvapení|smajlík|tvář|úlek|ústa|vyděšený|vylekaný|výraz zamračení s otevřenou pusou|vystrašený|zamračení|zamračený obličej s otevřenou pusou|zaražený|zděšený
😧|cože|nepříjemný|nešťastný|obličej|páni|překvapení|šok|strašidelný|stres|tvář|utrápený|úzkost|vyděšený|výraz|wow|zmučený|ztrápený
😨|bát se|děs|obavy|obličej|smajlík|strach|tvář|ustrašený|úzkostlivý|vyděšený|výraz strachu|znepokojený|ztrápený
😰|chladno|jejda|modrá|nervózní|obličej|otevřený|pot|smajlík|spěchat|studený|tvář s otevřenou pusou zalitá studeným potem|uspěchaný|ústa|uštvaný|úzkostný obličej se studeným potem|vyděšený|vylekaný|výraz
😥|o chlup|obličej|smajlík|smutný obličej s výrazem úlevy|tvář|údiv|uf|úleva|úzkost|výraz zklamání a úlevy|zklamání
😢|brečet|chybět|hrozný|nešťastný|obličej|pláč|plačící obličej|plačící výraz|plakat|ronit slzy|slza|slzička|smajlík|smutek|stýská se mi|tvář|výraz|zkroušený
😭|brečet|nářek|naříkat|nešťastný|obličej|pláč|plakat|potoky slz|řvát|slza|smajlík|smutek|tvář|výraz|vzlykat|zoufale plačící obličej|zoufale plačící výraz
😱|bát se|děs|edvard munch|hrůza|křičet strachy|munch|obličej křičící hrůzou|překvapený|smajlík|šokovaný|strach|tvář|vyděšený|výkřik|výraz strachu|vystrašený|zděšený
😖|frustrovaný|mrzutý|naštvaný|obličej s pláčem na krajíčku|otrávený|pocit|podrážděný|překvapený|rozpačitý|rozrušený|škleb|smajlík|smutný|tvář|výraz rozpaků|zatraceně|zmatený|znechucený
😣|bolest hlavy|koncentrace|migréna|obličej s umíněným výrazem|šklebit se|smajlík|soustředit se|tvář|umíněnost|výraz|vytrvalost|vytrvalý výraz
😞|deprimovaný|hrůza|nešťastný|obličej|prohrát|provinilý|selhání|skleslý|sklíčený|smajlík|tvář|vina|výraz|zklamání|zklamaný|zkroušený|ztráta
😓|bolest hlavy|chladno|nervózní|obličej|pot|sklíčený obličej se studeným potem|smajlík|smutný|studený|to bylo o chlup|tvář zalitá studeným potem|vyděšený|výraz
😩|brečet|hladový|naštvaný|neštastný|obličej|ospalý|plakat|selhání|smajlík|smutný|tvář|únava|unavený|utahaný|vyčerpání|vyčerpaný obličej|výraz|zkroušený
😫|kýchat|kýchnutí|obličej|smajlík|smutný|tvář|únava|unavený obličej|unavený výraz|výraz|zdřímnutí
🥱|dobrou noc|nuda|ospalý|smajlík|unavený|utahaný|výraz|zdřímnout si|zívající obličej|zívat|znuděný|zzz
😤|funět|hněv|naštvaný|navztekaný|obličej|odfouknutí|pára|rozčilený|rozhněvaný|rozhořčení|rozlícený|rozzuřený|triumf|vítězství|vyfouknutí|výraz|vztek|zloba|zlost|zuřit
😡|běsnit|červená|červený|hněv|naštvaný|nazlobený|obličej s podrážděným výrazem|podrážděný|rozhněvaný|rozzuřený|rudý|smajlík|tvář|výraz|vztek|zloba|zlost|zuřivost|zuřivý
😠|frustrovaný|hněvivý|naštvaný|nešťastný|obličej|rozčilený|rozhněvaný|rozrušený|rozzlobený|rozzuřený|smajlík|tvář|výraz|vzteklý|zloba|zlost|zuřivost|zuřivý
🤬|cenzura|klení|klít|láteřit|nadávající|nadávat|nadávka|naštvaný|neslušný|obličej se symboly na puse|obličej se symboly přes ústa|rozzlobený|smajlík|spílat|tvář|vulgarismy|vulgární|výraz
😈|čert|ďábel|ďáblík|démon|fantasy|fialový čert|obličej|pohádka|rohatý|rohy|škodolibý|smajlík|tvář|úsměv s rohy|usmívající se obličej s rohy|výraz
👿|čert|ďábel|démon|fantasy|naštvaný|navztekaný|obličej|pohádka|rohy|rozzlobený|škodolibý|skřet|smajlík|tvář|výraz|vztek|zákeřný|zlomyslný|zlý
💀|kostlivec|kostra|lebka|mrtvý|obličej|pohádka|příšera|smajlík|smrt|tělo|tvář|výraz
💩|ble|exkrement|fekálie|fuj|hnůj|hovínko|hovňousek|hromádka|lejno|obličej|příšera|smajlík|smradlavý|smrdí|trus|tvář|výkal|výraz|zápach
🤡|kašpar|klaunský obličej|obličej|šašek|smajlík|tvář klauna|výraz
👹|bytost|ďábel|fantasy|japonský|lidožrout|maska|monstrum|obličej|obr|pohádka|příšera|smajlík|strašák|strašidlo|tvář|výraz|zlobr
👺|bytost|fantasy|japonský|maska|obličej|pohádka|příšera|rozzlobený|skřet|skřítek|smajlík|šotek|strašák|strašidlo|tvář|výraz|zlý|zuřivý
👻|bubák|bububu|bytost|duch|fantasy|halloween|obličej|pohádka|příšera|smajlík|strašidelný|strašidlo|tvář|výraz
👽|bytost|fantasy|mimozemšťan|obličej|pohádka|příšera|sci-fi|smajlík|tvář|ufon|ufoun|vesmír|výraz
👾|bytost|fantasy|hra|marťan|mimozemská příšera|mimozemšťan|obličej|pixely|pohádka|příšera|smajlík|space invaders|tvář|ufo|vesmír|vetřelec|výraz
🤖|automat|obličej robota|příšera|robot|smajlík|tvář|výraz
😺|hlasitý smích|kočičí úsměv s otevřenou pusou|kočka|obličej|otevřený|pusa|šklebící se kočičí obličej|smajlík|tvář|úšklebek|úsměv|ústa|výraz|zvíře
😸|kočičí široký úsměv s rozzářenýma očima|kočka|křenit se|obličej|oko|řehtat se|šklebící se kočka s usměvavýma očima|smajlík|smát se|tvář|úšklebek|úsměv|výraz|zvíře
😹|brečet smíchy|hlasitý smích|kočičí obličej slzící smíchy|kočka se slzami radosti|lol|obličej|radost|slza|slzy smíchu|smajlík|smích|tvář|výraz|zvíře
😻|kočičí úsměv s očima ve tvaru srdíček|kočka|láska|obličej|oči|oko|smajlík|srdce|srdíčka|tvář|úsměv|usmívající se kočka se srdíčky místo očí|výraz|zamilovaná kočka|zamilovaný|zvíře
😼|ironický|ironie|jízlivý|kočičí jízlivý úsměv|kočičí obličej s jízlivým úsměvem|kočka|obličej|sarkastický|smajlík|tvář|úsměv|výraz|zvíře
😽|kočičí polibek se zavřenýma očima|kočka|líbající kočičí obličej|obličej|oči|oko|polibek|pusa|pusinka|smajlík|tvář|výraz|zvíře
🙀|jej|kočičí|kočka|obličej|páni|překvapení|smajlík|tvář|uf|únava|unavená kočka|vyčerpání|vyčerpaný|výraz|wow|zívat|zvíře
😿|kočka|obličej|pláč|plačící kočičí obličej|plačící kočka|plakat|ronit slzy|slza|slzička|smajlík|smutek|smutný|tvář|uplakaný|výraz|zvíře
😾|hněv|kočičí obličej s podrážděným výrazem|kočka|naštvaný|nazlobený|obličej|podrážděná kočka|podráždění|podrážděný|rozzlobený|smajlík|trucující|tvář|výraz|vztek|zloba|zlost|zuřivý|zvíře
🙈|dívat|gesto|nemůžu|nevidět|nevidím|nic|oči|omg|opice|ruce|schovat|stydět|tajemství|vyděšený|výraz|zákaz|zakryté|zlo|zvíře
🙉|gesto|neposlouchat|neslyšet|neslyším|nic|obličej|opice|pšt|ruce|ššš|tvář|uši|výraz|zacpané|zákaz|zakázáno|zakryté|zlo|zvíře
🙊|gesto|jejda|mlčet|nemluvím|nepovím|nic|obličej|opice|psst|ruce|tajemství|ticho|ups|ústa|výraz|zákaz|zakrytá|zlo|zvíře
💌|dopis|láska|milostný dopis|pošta|romance|romantika|srdce|srdíčko|valentýn|zamilovaný|zásilka
💘|amorek|city|ily|láska|miluji tě|miluju tě|romance|romantika|šíp|srdce prostřelené šípem|srdce se šípem|srdíčko|střela|valentýn
💝|city|ily|láska|mašle|miluji tě|miluju tě|srdce s mašlí|srdíčko|stuha|stužka|valentýn|výročí
💖|city|dobrou noc|ily|jiskra|jiskřící srdce|láska|miluji tě|miluju tě|polibek|pusa|srdce|srdíčko|třpytivé srdce|vzrušení|zářící srdce
💗|city|ily|láska|miluji tě|miluju tě|nervozita|puls|rostoucí|srdce|srdíčko|tep|tlukot srdce|tlukoucí srdce|vzrušení
💓|bušení|bušící srdce|city|ily|láska|miluji tě|miluju tě|puls|srdce|srdíčko|tep|tlukot srdce
💞|city|ily|kolo|láska|miluju tě|otáčející se srdce|otáčení|rozkošný|roztomilý|srdce vířící v kole|srdíčka|víření|výročí
💕|city|dvě srdce|ily|láska|miluji tě|rande|růžová|srdce|srdíčka|výročí
💟|bílé srdce|city|fialové srdce|ily|láska|miluji tě|miluju tě|srdce jako ozdoba|srdíčko
💔|city|emoce|nešťastný|osamělý|sklíčený|smutný|srdce|zarmoucený|zdrcený|zlomené srdce|zlomený|zlomit|zničený
❤️‍🔥|hořet|hořící srdce|láska|nejsvětější srdce|plamen|srdce|vášeň
❤️‍🩹|náplast|uzdravit|vyléčit|záplata|záplatované srdce|zdraví|zlepšení|zotavení
🩷|láska|líbí|roztomilý|růžová|růžové srdce|růžové srdíčko|srdce|srdíčko
🧡|láska|oranžová|oranžové srdce|srdce|srdíčko
💛|city|ily|láska|miluji tě|miluju tě|srdce|srdeční|srdíčko|žlutá|žluté srdce
💚|city|ily|láska|miluji tě|miluju tě|romantika|srdce|srdíčko|zelená|zelené srdce
💙|city|ily|láska|miluji tě|miluju tě|modrá|modré srdce|romantika|srdce|srdíčko
🩵|azurová|láska|líbí|modrozelená|petrolejová|šedozelená|srdce|srdíčko|světle modrá|světlemodrá|světlemodré srdce|světlemodré srdíčko
💜|city|fialová|fialové srdce|ily|láska|miluji tě|miluju tě|nejlepší|srdce|srdíčko
🤎|hnědá|hnědé srdce|hnědé srdíčko|láska|srdce|srdíčko
🖤|černá|černé|smutek|srdce|srdíčko|zkaženost|zlo|zlý
🩶|břidlice|břidlicová|láska|líbí|šedá|šedé srdce|šedé srdíčko|šedivá|srdce|srdíčko|stříbrná
🤍|bílá|bílé srdce|bílé srdíčko|láska|srdce|srdíčko
💋|city|láska|otisk rtů|polibek|pusa|pusinka|rande|romance|romantika|rty|sexy|srdce
💯|100|ano|na jedničku|opravdu|pecka|plný počet|rozhodně|skóre|souhlas|sto bodů|stoprocentní|že váháš
💢|hněv|japonský symbol hněvu|komiksový|manga|naštvaný|rozzlobený|úder|vztek|žíly|zloba|zlost
🫯|debata|hádka|nesouhlas|povyk|roztržka|spor|zápas
💥|bomba|bum|exploze|komiks|náraz|obrázek|rána|srážka|třesk|vybouchnout|výbuch
💫|hvězda|hvězdička|hvězdičky|kometa|komiks|padající hvězda|zářivý|závrať
💦|cákání|cákat|cvičení|kapat|kapičky|kapky potu|komiks|obrázek|odkapávat|pot|šplouchat|stříkající|trénink|voda
💨|běh|komiks|kouř|letím|musím běžet|nadýmání|oblak kouře|obrázek|prdět|pšouknout|spěch|větry
🕳️|díra|jáma|jamka|kanál|otvor
💬|bublina řeči|dialog|komiksová bublina|obrázek|odmlka|píše|psaní|řečová bublina|rozhovor|sms|textová bublina|zpráva
👁️‍🗨️|bublina řeči|oko v bublině řeči|oko v řečové bublině|řečová bublina|svědectví|svědek|textová bublina
🗨️|bublina řeči vlevo|dialog|levá řečová bublina|mluvit|řeč|textová bublina
🗯️|balónek|bublina naštvané řeči vpravo|hněv|naštvaný|pravá rozzlobená bublina|rozzlobený|textová bublina|vztek|zloba|zlost
💭|balónek|bublina|komiksová bublina|myšlenka|myšlenková bublina|nápad|obrázek|snění|sny|vymyslet
💤|chrnět|chrr|dobrou noc|komiks|ospalý|pochrupovat|šlofík|spánek|spát|spinkat|unavený|usínat|utahaný|zdřímnout si|zzz
👋|ahoj|čau|gesto|haló|jsi tam|letím|mávající ruka|mávání|mávat|musím běžet|nashledanou|nazdárek|pa|pá pá|ruka|tělo|zatím
🤚|dlaň|hřbet zvednuté ruky|ruka|stop|zastavit|zdvižená|zvednutá ruka v gestu stop
🖐️|nech toho|přestaň|prst|roztažené prsty|ruka s roztaženými prsty|stop|tělo|zvednutá ruka s roztaženými prsty
✋|5|high five|pět|plácneme si|plácnutí|pozdrav|ruka|stop|tělo|zvednutá ruka
🖖|prst|ruce|ruka|spock|star trek|tělo|vulkánec|vulkánský pozdrav
🫱|doprava|napřáhnout|podaná ruka|podat ruku|potřást rukou|pravá|ruka otočená doprava|stisk|vpravo
🫲|doleva|levá|napřáhnout|podaná ruka|podat ruku|potřást rukou|ruka otočená doleva|stisk|vlevo
🫳|huš|kšá|odehnání|odhánět|puštění|ruka otočená dlaní dolů|upuštění|upustit|zamítnutí|zvednout|zvednutí
🫴|blíž|chycení|dej mi ruku|dlaň vzhůru|nabídka|podat ruku|pojď|pokynutí|ruka otočená dlaní vzhůru|zdvihnout
🫷|high five|odmítnutí|plácnutí|počkej|ruka tlačící vlevo|stop|tlak|vpravo
🫸|high five|odmítnutí|plácnutí|počkej|ruka tlačící vpravo|stop|tlak|vpravo
👌|chápu|dokonalý|gesto ok|jasně|ok|paráda|peckovní|perfektní|prvotřídní|rozumím|ruka|špetka|super|tělo|top
🤌|dobrota|fakt dobrý|gesto rukou|ironie|italské gesto|italské sarkastické gesto|já ti to říkal|otázka|prsty|rozčilení|ruka|sarkasmus|sevřené|špetka z pěti prstů|to je jasný|top|vysvětlovat|zdůraznění
🤏|gesto málo|jenom trochu|krapet|malé množství|maličko|málo|prsty|ruka|špetka|tak trochu|troška
✌️|gesto vítězství|mír|prsty|ruka|tělo|vítězství|znamení míru|znamení vítězství
🤞|držím palce|prsty|ruka|štěstí|zkřížené prsty pro štěstí|zkřížit
🫰|drahé|drahota|drahý|gesto lásky|k-pop|láska|lusknutí|nákladný|peníze|ruka se zkříženým palcem a ukazováčkem|srdce|srdíčko
🤟|gesto miluji tě|ily|láska|miluji tě|miluju tě|rockerské gesto|ruka|tři prsty
🤘|gesto parohů|gesto rohů|hudba|metal|paroháč|parohy|prst|rock|rohy|ruka|tělo
🤙|gesto zavolej mi|ruka s gestem zavolej mi|zatelefonovat|zavolat|zavolej
👈|hřbet ruky ukazující vlevo|prst|ruka s prstem ukazujícím vlevo|tělo|ukazováček|ukazovat
👉|hřbet ruky ukazující vpravo|prst|ruka s prstem ukazujícím vpravo|tělo|ukazováček|ukazovat
👆|hřbet ruky ukazující nahoru|nahoře|nahoru|prst|ruka s prstem ukazujícím nahoru|tělo|ukazováček|ukazovat
🖕|fakáč|prostředníček|prostředník|prst|ruka|tělo|urážka|urážlivé gesto|vulgární
👇|dole|dolů|hřbet ruky ukazující dolů|prst|ruka s prstem ukazujícím dolů|tělo|ukazováček|ukazovat
☝️|nahoru|prst|ruka ukazující nahoru|tělo|ukazováček|ukazovat
🫵|dloubnout|hele|jen ty|obviňovat|píchnout|ruka|šťouchnout|ty tam|ukázat prstem|ukazováček namířený na diváka|ukazovat prstem|vy tam
👍|+1|ano|chápu|dobře|jasně|jo|lajkovat|like|nádhera|nahoru|ok|palec|paráda|rozumím|ruka|skvělý|souhlas|super|tělo
👎|-1|dolů|nelíbí se mi|palec|ruka|špatný|tělo
✊|držet palce|držím pěsti|pěst|ruka|síla|solidarita|tělo|úder|zaťatá|zvednutá pěst
👊|dohoda|kámo|klouby prstů|namířená pěst|pěst|rána pěstí|rozhodně|ruka|souhlas|tělo|ťuknout pěstí|úder|určitě|zaťatá|zatnutá
🤛|doleva|pěst mířící doleva|zaťatá pěst směřující doleva
🤜|doprava|pěst mířící doprava|pozdrav|ruka|tělo|ťuknout pěstí|zaťatá pěst směřující doprava
👏|aplaus|dobrá práce|gratulace|ovace|paráda|potlesk|ruka|skvělý|souhlas|super|tělo|tleskající ruce|tleskám|tleskat|uznání
🙌|dlaně|gesto|hurá|oslava|oslavovat|ruka|sláva|tělo|velebit|zdvižená|zvednutá|zvednuté ruce
🫶|gesto lásky|láska|milovat|miluji tě|ruce spojené do tvaru srdce|ruka|srdce|srdíčko
👐|dlaně|obejmout|objetí|otevřený|rozevřené dlaně|ruka|tělo|třepotat rukama
🤲|modlit se|modlitba|přání|prosba|rozevřené dlaně|ruce dlaněmi vzhůru|zdvižené dlaně vedle sebe
🤝|dohoda|dohodnuto|domluva|domluveno|podání|potřást si rukama|potřesení rukama|ruka|rukou|ruku na to|ruky|schůzka|seznámení|souhlas|stisk
🙏|děkuji|díky|five|gesto|high|modlitba|plácnout|plácnutí|poklona|požehnaný|prosím|prosit|ruce|sepjaté|složené|úpěnlivě|žádat
✍️|píšící ruka|písmo|psací|psaní|psát|ruka|tělo
💅|kosmetika|lak na nehty|lakovat|leštit|manikúra|nalakované nehty|nalakovat nehty|nehet|péče|tělo
🤳|foťák|fotoaparát|selfíčko|selfie|telefon
💪|bicák|biceps|činky|kulturista|kulturistika|nabouchaný biceps|nabušený|obrázek|paže|posilovat|posilovna|síla|silný|svalovec|svaly|tělo|zatnutý biceps
🦾|handicap|hendikep|invalidní|mechanická paže|pomůcka|postižení|prostetická paže|protetická paže|protetika|protéza|usnadnění
🦿|handicap|hendikep|invalidní|mechanická noha|pomůcka|postižení|prostetická noha|protetická noha|protetika|protéza|usnadnění
🦵|chodidlo|koleno|končetina|kopanec|kopat|kopnout|kopnutí|lidské tělo|nakopnout|noha ohnutá v koleni
🦶|chodidla|chodidlo|dupat|kopanec|kopat|kopnout|kopnutí|kotník|nakopnout|noha|nohy|pata|šlapka|šlápnutí
👂|naslouchat|poslouchat|slyšet|tělo|ucho|uši|zvuk
🦻|handicap|hendikep|naslouchadlo|naslouchátko|nedoslýchavost|neslyšící|pomůcka|postižení|ucho s naslouchátkem|usnadnění
👃|aroma|čenichat|čichat|cítit|čmuchat|nos|nozdry|odér|pach|strkat nos|tělo|vlezlý|vonět|vůně|zápach
🧠|chytrý|inteligence|inteligentní|iq|mícha|mozeček|mozek|šedá kůra mozková
🫀|anatomie|aorta|kardiologie|krev|puls|pulz|srdce|srdeční orgán|tep|tlukot
🫁|anatomie|dech|dýchací|dýchání|hrudník|nádech|orgán|plíce|průdušky|průdušnice|respirace|výdech
🦷|běloskvoucí|dentista|perlička|stomatolog|zubařka|zubní|zuby
🦴|kostička|kostlivec|kostra|kůstka|pes|skelet
👀|bulvy|koukat|nakouknout|obličej|oči|oko|omg|pokukovat|tělo|tvář|vidět|vykulený|výraz|vytřeštěné oči|vyvalený
👁️|1 oko|hnědé|jedno oko|oko|tělo
👅|jazyk|lízat|olíznout|srkat|tělo|vypláznout|vypláznutý
👄|krása|polibek|pusa|rtěnka|rty|tělo|ústa|zuby
🫦|flirtování|nejistota|nervozita|obava|okusovat|polibek|rtěnka|rty|sexy|skousnutý ret|starost|strach|svádění
👶|batole|člověk|dítě|kojenec|malé dítě|malý|miminko|mimino|nemluvně|novorozeně|těhotenství|těhotná|žvatlat
🧒|člověk|děcko|dítě|genderově neutrální|malé|mladý|neutrální|ratolest
👦|chlapec|chlapeček|člověk|dítě|hoch|kluk|malý
👧|člověk|copatá|copy|culíky|dcera|děvče|dívka|holčička|holka|malá|panna|zvěrokruh
🧑|člověk|dospělák|dospělý|neutrální|osoba
👱|blond vlasy|blonďák|blondýn|člověk s blond vlasy|muž s blond vlasy|plavovlasý|světlé vlasy
👨|brácha|bratr|chlapec|člověk|kamarád|kluk|muž|přítel
🧔|brada|člověk s vousy|osoba s plnovousem|plnovous|vousáč|vousatý|vousy
🧔‍♂️|muž s plnovousem|plnovous|vousáč
👱‍♂️|blond|blonďák|muž|plavovlasý|světlovlasý
👩|blonďatá|blondýna|člověk|dívka|paní|plavovlasá|sestřih|účes|žena
🧔‍♀️|plnovous|vousatá žena|žena s plnovousem
👱‍♀️|blondýna|blondýnka|člověk|osoba|plavovláska|světlovláska|žena
🧓|člověk|důchodce|neutrální|osoba|postarší|šedovlasý|stará|starší člověk|starší dospělý člověk|starý
👴|člověk|děda|dědeček|důchodce|moudrý|muž|pán|plešatět|plešatý|senior|stařec|starý|vševěd
👵|babička|blondýna|člověk|moudrá|paní|seniorka|špatný účes|stará|stařena|stařenka|staromódní|starý|žena
🙍|mračit se|naštvaný|nespokojená|rozčilený|rozladěná|rozrušená|výraz|zamračená osoba|zamračená žena|zamračení|zamračený|zklamaná|znepokojená
🙍‍♂️|člověk|mračit se|muž|nespokojený|rozesmutnělý|rozladěný|rozrušený|výraz|zamračený
🙍‍♀️|výraz|zamračená žena|zamračený|žena
🙎|člověk|naštvaná|nespokojená|nespokojenost|nespokojený výraz|podrážděná osoba|podrážděná žena|podráždění|trucovat|trucující žena|výraz|žena
🙎‍♂️|člověk|mračit se|muž|podráždění|podrážděný|výraz|zamračený
🙎‍♀️|podrážděná žena|podrážděný|výraz|žena
🙅|a dost|gesto nesouhlasu|gesto odmítnutí|nech toho|přestaň|ruka|stop|zákaz|zakázáno|žena se zkříženýma rukama
🙅‍♂️|člověk|muž nesouhlasí|muž s gestem nesouhlasu|nesouhlas|ruka|zákaz|zakázáno|zkřížené ruce
🙅‍♀️|nesouhlas|zákaz|žena s gestem nesouhlasu
🙆|baletka|cvičení|gesto souhlasu|ok|omg|pirueta|protahování|ruce nad hlavou|ruka|souhlas|strečink|žena souhlasí
🙆‍♂️|ano|člověk|cvičení|gesto souhlasu|muž s gestem souhlasu|muž souhlasí|ok|omg|ruka|souhlas
🙆‍♀️|ano|ok|souhlas|žena s gestem souhlasu
💁|diva|dlaň|drby|drzost|drzý|ironie|muž|oprsklý|pomoc|přidrzlý|primadona|přinést|ruka|sarkasmus|sarkastický|skrčená|vážně|vzhůru|zapomeň|žena
💁‍♂️|diva|dlaň|drby|drzost|drzý|ironie|muž|oprsklý|pomoc|přidrzlý|primadona|přinést|ruka|sarkasmus|sarkastický|skrčená|vážně|vzhůru|zapomeň
💁‍♀️|concierge|drzost|informace|ironie|pomoc|poslíček|recepce|recepční|ruka|sarkasmus|žena s dlaní vzhůru
🙋|ano prosím|gesto|haló|já vím|mám otázku|mávat|osoba se zvednutou rukou|přihlásit se|ruka|šťastný|zde|žena se hlásí|žena zvedá ruku|zvednutá
🙋‍♂️|člověk zvedá ruku|gesto|hlásit se|já vím|mávat|muž se zvednutou rukou|muž zvedá ruku|přihlášení|přihlásit se|prosím|ruka|tady|zamávat|zde|zvednutá ruka|zvednutí
🙋‍♀️|přihlášení|ruka|žena se zvednutou rukou|zvednutí
🧏|handicap|hendikep|hluchá osoba|hluchota|nedoslýchavost|neslyšící|pomůcka|postižení|sluch|slyšet|ucho|usnadnění
🧏‍♂️|hluchota|hluchý|muž|nedoslýchavost|nedoslýchavý
🧏‍♀️|hluchá|hluchota|nedoslýchavá|nedoslýchavost|žena
🙇|gesto|lítost|meditovat|modlitba|muž se klaní|omluva|omluvné gesto|pardon|poklona|promiň|prosba|úcta|uklánějící se osoba|úklona
🙇‍♂️|gesto|lítost|muž|omluva|poklona|prosba|úcta|uklánějící se muž|úklona
🙇‍♀️|člověk|gesto|lítost|meditace|meditovat|omluva|omluvné gesto|pardon|poklona|promiň|prosba|úcta|uklánějící se žena|úklona|žena se klaní
🤦|čelo|chycení|cože|dlaň|facepalm|hlava|jen to ne|nevíra|osoba chytající se za hlavu|proč já|rozhořčení|smajlík|to snad ne|tvář|už zase|vážně|výraz|zoufalství
🤦‍♂️|čelo|chycení|cože|dlaň|facepalm|hlava|jen to ne|muž chytající se za hlavu|nevěřícně kroutit hlavou|nevěřit|nevíra|rozčilení|rozhořčení|smajlík|tvář|vážně|výraz|zoufalství
🤦‍♀️|čelo|chycení|chytat se za hlavu|cože|dlaň|facepalm|hlava|jen to ne|nevěřit|nevíra|rozčilení|rozhořčení|smajlík|tvář|vážně|výraz|žena chytající se za hlavu|žena se chytá za hlavu|zoufalství
🤷|co já vím|je mi to jedno|možná|nejistota|nerozhodnost|nevědomost|nevím|nezájem|osoba krčící rameny|pochybnost|pochyby|pokrčení|pokrčit|ramena|to je fuk
🤷‍♂️|co já vím|je mi to jedno|krčit rameny|muž krčí rameny|muž krčící rameny|nejistota|nerozhodnost|netuším|nevědomost|nevím|nezájem|neznalost|pochybnost|pochyby|pokrčení|pokrčit|ramena|to je fuk
🤷‍♀️|co já vím|je mi to jedno|krčit rameny|nejistota|nerozhodnost|netuším|nevědomost|nevím|nezájem|neznalost|pochybnost|pochyby|pokrčení|pokrčit|ramena|to je fuk|žena krčí rameny|žena krčící rameny
🧑‍⚕️|doktorka|nemocnice|sestřička|terapeutka|zdravotnice|zdravotník/zdravotnice
👨‍⚕️|člověk|doktor|lékař|muž|nemocnice|ošetřovatel|povolání|práce|terapeut|zdravotní péče|zdravotník
👩‍⚕️|člověk|doktorka|lékařka|nemocnice|ošetřovatelka|povolání|práce|sestra|sestřička|terapeutka|zdravotní péče|zdravotnice|žena
🧑‍🎓|absolventka|studentka|studující
👨‍🎓|absolvent|člověk|muž|promoce|student|univerzita|vysoká škola
👩‍🎓|absolventka|člověk|promoce|studentka|univerzita|žena
🧑‍🏫|instruktorka|profesorka|učitelka|vyučující
👨‍🏫|člověk|cvičitel|instruktor|kantor|lektor|muž|pedagog|povolání|práce|přednášející|přednáška|profesor|škola|školitel|učitel|vyučující|vzdělání
👩‍🏫|člověk|instruktorka|kantorka|lektorka|pedagožka|povolání|práce|přednášející|přednáška|profesorka|škola|školitelka|učitelka|vyučující|vzdělání|žena
🧑‍⚖️|právo|soudce/soudkyně|soudkyně|spravedlnost|váhy
👨‍⚖️|advokát|člověk|muž|povolání|práce|právník|právo|soudce|spravedlnost|váhy
👩‍⚖️|advokátka|člověk|povolání|práce|právnička|právo|soudkyně|spravedlnost|váhy|žena
🧑‍🌾|farmář/farmářka|farmářka|sedlák|selka|zahradnice|zahradník|zemědělec|zemědělkyně
👨‍🌾|člověk|farmář|muž|povolání|práce|rančer|rolník|sedlák|záhradkář|zahradník|zemědělec
👩‍🌾|člověk|farmářka|povolání|práce|rančerka|rolnice|selka|záhradkářka|zahradnice|zemědělkyně|žena
🧑‍🍳|kuchař/kuchařka|kuchařka|šéfkuchařka
👨‍🍳|člověk|kuchař|kuchyně|muž|povolání|práce|restaurace|šéfkuchař|vařit
👩‍🍳|člověk|kuchařka|kuchyně|povolání|práce|restaurace|šéfkuchařka|vařit|žena
🧑‍🔧|elektrikářka|mechanička|mechanik/mechanička|montérka|opravářka|řemeslnice|řemeslník|živnostnice|živnostník
👨‍🔧|člověk|elektrikář|elektrotechnik|instalatér|mechanik|montér|muž|opravář|povolání|práce|řemeslník|zámečník|živnostník
👩‍🔧|člověk|elektrikářka|elektrotechnička|instalatérka|mechanička|montérka|opravářka|povolání|práce|řemeslnice|zámečnice|žena|živnostnice
🧑‍🏭|dělnice|dělník|osoba pracující v továrně|průmysl|továrna|výroba
👨‍🏭|člověk|dělník v továrně|dílna|fabrika|montér|muž|povolání|práce|průmysl|svářeč|továrna|výroba
👩‍🏭|člověk|dělnice v továrně|dílna|fabrika|montérka|povolání|práce|průmysl|svářečka|továrna|výroba|žena
🧑‍💼|architektka|bílý límeček|byznys|kancelář|manažer/manažerka|manažerka|úřednice|úředník
👨‍💼|architekt|bílé límečky|bílý límeček|byznys|člověk|kancelář|manažer|muž|povolání|práce|úředník
👩‍💼|architektka|bílé límečky|bílý límeček|byznys|člověk|kancelář|manažerka|povolání|práce|úřednice|žena
🧑‍🔬|biolog|bioložka|chemička|chemik|fyzička|fyzik|inženýrka|matematička|matematik|vědec/vědkyně|vědkyně
👨‍🔬|biolog|chemik|člověk|fyzik|inženýr|matematik|muž|povolání|práce|věda|vědec|vynálezce|výzkumník
👩‍🔬|bioložka|chemička|člověk|experimentátorka|fyzička|inženýrka|matematička|povolání|práce|věda|vědkyně|výzkumnice|žena
🧑‍💻|kodérka|programátor/programátorka|software|technologie|vynálezce|vynálezkyně|vývojářka
👨‍💻|ajťák|člověk|developer|inženýr|it|kodér|muž|notebook|počítačový software|povolání|práce|programátor|programování|software|technik|technologie|vynálezce|vývojář
👩‍💻|člověk|kodérka|notebook|počítač|povolání|práce|programátorka|programování|software|softwarová developerka|technologie|vynálezkyně|vývojářka|žena
🧑‍🎤|bavička|herec|herečka|hvězda|rockerka|zpěvačka|zpěvák/zpěvačka
👨‍🎤|bavič|člověk|herec|hvězda|muž|povolání|práce|punker|rocker|zábava|zpěvák
👩‍🎤|bavička|člověk|herečka|hvězda|povolání|práce|punkerka|rockerka|zábava|žena|zpěvačka
🧑‍🎨|malíř/malířka|malířka|paleta|umělec|umělkyně|umění
👨‍🎨|člověk|malíř|muž|paleta|povolání|práce|umělec|umění
👩‍🎨|člověk|malířka|malovat|paleta|povolání|práce|umělkyně|umění|žena
🧑‍✈️|letadlo|pilot/pilotka|pilotka
👨‍✈️|člověk|letadlo|letec|muž|pilot|povolání|práce
👩‍✈️|člověk|letadlo|letec|pilotka|povolání|práce|žena
🧑‍🚀|astronautka|kosmonaut/kosmonautka|kosmonautka|raketa|vesmíír
👨‍🚀|astronaut|člověk|kosmonaut|muž|povolání|práce|raketa|věda|vesmír
👩‍🚀|astronautka|člověk|kosmonautka|povolání|práce|raketa|vesmír|žena
🧑‍🚒|hasič/hasička|hasička|hasičské auto|požárnice|požárník|stříkačka
👨‍🚒|člověk|hasičské auto|muž|povolání|požární hadice|požárník|práce|stříkačka
👩‍🚒|člověk|hasička|hasičské auto|povolání|požární hadice|požárnice|práce|stříkačka|žena
👮|důstojník|polda|policajt|policie|policista|povolání|strážník|zákon|zatknout|zločin
👮‍♂️|muž|policajt|policie|policista|strážník
👮‍♀️|důstojnice|policajtka|policejní|policie|policistka|povolání|strážnice|zákon|zatknout|žena
🕵️|agent|člověk|čmuchal|detektiv|inspektor|muž|očko|povolání|práce|slídit|špeh|špión|špionáž|utajení|vyšetřovatel
🕵️‍♂️|agent|čmuchal|detektiv|inspektor|kriminální inspektor|muž|očko|špeh|špión|vyšetřovatel
🕵️‍♀️|agentka|člověk|čmuchalka|detektivka|inspektorka|kriminální inspektorka|očko|špehyně|špiónka|utajení|vyšetřovatelka|žena
💂|buckinghamský palác|člověk|garda|gardista|hlídač|hlídka|londýn|povolání|práce|přilba|strážce
💂‍♂️|muž|strážce
💂‍♀️|buckinghamský palác|člověk|garda|helma|hlídka|londýn|povolání|práce|přilba|strážkyně|žena
🥷|bojovník|člověk|kradmý|kukla|nájemný vrah|nenápadný|nindža|ninja|osoba|plížit se|přikrást se|špion|tajný
👷|bezpečnostní přilba|dělník na stavbě|helma|muž|ochranná přilba|povolání|rekonstrukce|stavba|stavební dělník
👷‍♂️|dělník|muž|stavař|stavba|stavební dělník
👷‍♀️|bezpečnostní přilba|člověk|dělnice|helma|povolání|práce|přilba|stavařka|stavba|stavební dělnice|žena
🫅|člověk s korunou na hlavě|korunovaný|královna|královský|monarcha|panovník|šlechta|veličenstvo|vládce|vznešený
🤴|člověk|fantasy|koruna|královský|panovník|pohádka|princ|vládce|vznešený
👸|člověk|fantasy|koruna|královna|pohádka|princezna|vládkyně
👳|člověk s turbanem|muž v turbanu|pokrývka hlavy|turban
👳‍♂️|muž s turbanem|turban
👳‍♀️|člověk|osoba|turban|žena s turbanem
👲|čepice|člověk|gua pi mao|kua pchi mao|muž s čínskou čepicí
🧕|bandana|člověk|hidžáb|mantila|šátek|tichel|závoj|žena s šátkem na hlavě|žena v šátku
🤵|člověk|formální|motýlek|muž ve smokingu|oblek|osoba ve smokingu|sako|smoking|smokink|společenský oděv|ženich
🤵‍♂️|muž ve smokingu|smoking|ženich
🤵‍♀️|smoking|žena ve smokingu
👰|člověk|nevěsta se závojem|osoba se závojem|svatba|svatební|vdavky|závoj
👰‍♂️|muž se závojem|svatba|závoj|ženich
👰‍♀️|nevěsta|svatba|závoj|žena se závojem
🤰|člověk|gravidní|těhotenství|těhotná|žena
🫃|břicho|člověk|nadmutý|plný|přejezený|těhotenství|těhotný muž
🫄|břicho|člověk|nadmutá|nadmutý|plná|plný|přejezený|těhotenství|těhotná osoba|těhotný
🤱|člověk|dítě|kojenec|kojení|kojit|krmení|maminka|mamka|matka|miminko|mimino|nemluvně|novorozeně|prsa|prso
👩‍🍼|chůva|dítě|kojenec|kojení|kojící maminka|kojit|krmení|krmící maminka|krmit|maminka|mamka|matka s dítětem|nemluvně|novorozenec|osoba|rodiče|žena krmící dítě z lahve
👨‍🍼|chůva|člověk|dítě|kojenec|kojení|krmení|krmící tatínek|krmit|muž krmící dítě z lahve|nemluvně|novorozenec|osoba|otec|táta|tatínek
🧑‍🍼|chůva|člověk|dítě|kojenec|kojení|krmení|krmit|nemluvně|novorozenec|osoba krmící dítě z lahve|rodiče
👼|anděl|andílek|člověk|dítě|fantasy|kostel|miminko|obličej|pohádka|smajlík|tvář|víra|výraz
🎅|člověk|děda mráz|fantasy|mikuláš|oslava|otec|pohádka|santa claus|vánoce
🤶|babička|člověk|fantasy|matka|oslava|pohádka|santa clausová|stará|stařenka|vánoce|žena
🧑‍🎄|čepice|člověk|fantasy|ježíšek|oslava|osoba|pohádka|santa claus|santovská čepice|slavit|svátky|vánoce|vánoční
🦸|batwoman|dobro|dobrý člověk|hrdina|hrdinka|klaďas|kladná postava|superhrdina|superhrdinka|superhrdinská postava|superschopnosti|superžena|wonderwoman
🦸‍♂️|hrdina|kladná postava|muž|superhrdina|superschopnost
🦸‍♀️|hrdinka|kladná postava|superhrdina|superhrdinka|superschopnost|žena
🦹|darebák|lotr|lump|muž|padouch|superpadouch|superschopnost|superzločinec|superzloduch|záporák|záporná postava|záporný hrdina|zločinec|zloduch|zlý
🦹‍♂️|muž|padouch|superpadouch|superschopnost|superzločinec|záporná postava
🦹‍♀️|padouška|superpadouška|superschopnost|superzloduška|záporná postava|žena
🧙|čarodějník|čarovat|černokněžník|člověk|kouzelník|kouzlo|mág|magie|rpg|zaklínadlo
🧙‍♂️|čarodějník|kouzelník|mág
🧙‍♀️|čarodějka|čarodějnice|kouzelnice|mágyně|vědma
🧚|duch|fantasy|křídla|oberon|puk|skřítek|titánie|víla s křídly|vílák
🧚‍♂️|oberon|okřídlený skřítek|puk|vílák
🧚‍♀️|divoženka|elfka|okřídlená víla|rusalka|titánie
🧛|drákula|krev|nemrtvý|nosferatu|obličej upíra|sát|špičáky|tesáky|upír|vampýr
🧛‍♂️|drákula|nemrtvý|upír|vampýr
🧛‍♀️|nemrtvá|upírka|vampýrka
🧜|ariel|moře|mořská bytost|mořská víla|mořská žena|mořský|muž|nymfa|panic|panna|postava|siréna|trojzubec
🧜‍♂️|mořský muž|nymfa|panic|poseidón|tritón
🧜‍♀️|mořská panna|nymfa|víla|žena
🧝|elf|fantasy|kouzelná|legolas|les|lotr|magie|obličej elfa|pán prstenů|postava|rpg
🧝‍♂️|elf|kouzelná|lesní|magie|muž|postava
🧝‍♀️|divoženka|elfka|kouzelná|les|magie|postava
🧞|aladin|duch z lahve|džin z lampy|kouzelná lampa|lahev|lampa|přání
🧞‍♂️|aladin|duch|džin|lahev|lampa|muž
🧞‍♀️|aladin|duch|džinka|lahev|lampa|žena
🧟|apokalypsa|chodící|děsivý|ghúl|halloween|mrtvá|mrtvola|mrtvý|nemrtvá|nemrtvý|strašidelný|zombie|zombík
🧟‍♂️|chodící|ghúl|mrtvola|mrtvý|nemrtvý muž|zombie|zombík
🧟‍♀️|chodící|ghúl|mrtvá|mrtvola|nemrtvá žena|zombice|zombie
🧌|fantasy|monstrum|nestvůra|obluda|obr|pohádka|příšera|trollovat|zlobr
🫈|bigfoot|chlupatý|divý člověk|kryptid|les|obr|seskveč|tajemný tvor|yetti
💆|bolest hlavy|masáž hlavy a obličeje|napětí|obličej|osoba na masáži obličeje|relaxační|salon|salón|spa|tvář|ukliňující|wellness|žena
💆‍♂️|bolest hlavy|člověk|masáž hlavy a obličeje|muž dostává masáž|muž na masáži obličeje|napětí|obličej|relaxační|salon|salón|tvář|uklidňující|výraz
💆‍♀️|masáž|obličej|tvář|žena na masáži obličeje
💇|holič|kadeřnictví|kadeřník|krása|nový účes|nůžky|osoba u kadeřníka|ostříhat|salon|salón|sestřih|stříhání vlasů|účes|vlasy|žena u kadeřnice
💇‍♂️|člověk|holička|holičství|kadeřnice|kadeřnictví|kadeřník|krása|muž u kadeřníka|salon|salón|sestřih|stříhání vlasů|účes|vlasy
💇‍♀️|holič|kadeřník|krása|salon|sestřih|stříhání|účes|vlasy|žena u kadeřníka
🚶|chodec|chodit|chůze|jdoucí muž|kráčející osoba|kráčet|krok|pěší|pěšky|procházka|túra|vykračovat si
🚶‍♂️|chodec|chůze|kráčející muž|muž|pěší|pěšky|procházka|túra
🚶‍♀️|chodec|chůze|člověk|jdoucí žena|jít|kráčející žena|kráčet|krok|loudat se|pěší|pěšky|procházka|šourat se|toulat se|túra|vykračovat si|výlet|žena
🧍|člověk|postoj|stát|stojící osoba
🧍‍♂️|muž|postoj|stojící
🧍‍♀️|postoj|stojící|žena
🧎|klečet|klečící člověk|klečící osoba|klek|kolena|na kolenou|poklek
🧎‍♂️|klečet|klečící|klek|muž|poklek
🧎‍♀️|klečet|klečící|klek|poklek|žena
🧑‍🦯|člověk se slepeckou holí|handicap|hendikep|pomůcka|postižení|slepý|usnadnění
👨‍🦯|handicap|hendikep|muž se slepeckou holí|nevidomý|pomůcka|postižení|slabozraký|slepecká hůl|slepota|slepý|usnadnění
👩‍🦯|bezbariérový přístup|handicap|hendikep|nevidomý|pomůcka|postižení|slabozraký|slepá|usnadnění|žena se slepeckou holí
🧑‍🦼|člověk na elektrickém invalidním vozíku|handicap|hendikep|invalidní|pomůcka|postižení|usnadnění|vozík
👨‍🦼|bezbariérový|elektrické kolečkové křeslo|elektrický invalidní vozík|handicap|hendikep|invalidní|mechanický invalidní vozík|motorizovaný invalidní vozík|muž na elektrickém invalidním vozíku|muž na invalidním vozíku|pomůcka|postižení|snížená mobilita|usnadnění|vozík
👩‍🦼|bezbariérový přístup|handicap|hendikep|invalidní|kolečkové křeslo|motorizovaný invalidní vozík|pomůcka|postižení|usnadnění|vozík|žena na elektrickém invalidním vozíku|žena v motorizovaném invalidním vozíku
🧑‍🦽|člověk na mechanickém invalidním vozíku|handicap|hendikep|invalidní|pomůcka|postižení|usnadnění|vozík
👨‍🦽|bezbariérový přístup|handicap|hendikep|invalidní|kolečkové křeslo|muž na mechanickém invalidním vozíku|muž v invalidním vozíku|muž v ručním invalidním vozíku|pomůcka|postižení|ručně poháněný invalidní vozík|usnadnění|vozík
👩‍🦽|bezbariérový|handicap|hendikep|invalidní|mechanický invalidní vozík|pomůcka|postižení|ručně poháněné kolečkové křeslo|ručně poháněný invalidní vozík|snížená mobilita|usnadnění|vozík|žena na mechanickém invalidním vozíku|žena na vozíku|žena v kolečkovém křesle
🏃|běh|běžec|běžící člověk|běžící osoba|chvátat|honem|maraton|rychlost|spěchat|tempo|závod
🏃‍♂️|běh|běžící muž|maraton|muž|závod
🏃‍♀️|běh|běžící žena|běžkyně|chvátat|člověk|honem|kvapit|maraton|pádit|rychle|rychlost|spěchat|už jdu|závod|žena
🧑‍🩰|baletka|baletní tanečník|tanečník
💃|člověk|elegantní|flamenco|ples|salsa|slavnostní|smím prosit|tančící žena|tancovat|tanec|tanečnice|tango|žena
🕺|člověk|elegantní|flamenco|muž|salsa|slavnostní|smím prosit|talent|tančící muž|tancovat|tanec|tanečnice|tanečník|tango|žena
🕴️|business|byznys|levitující byznysmen|manažer|muž|oblek|podnikání|povolání|práce
👯|dvojčata|holky na párty|kostým|králíček|králičí uši|osoby se zaječími oušky|párty|playboy|tanec|tanečnice|tanečník|uši|zajíček
👯‍♂️|člověk|dvojčata|králíček|králičí uši|muži na párty|muži se zaječími oušky|párty|playboy|tanec|tanečník|uši|zajíček
👯‍♀️|párty|tanec|tanečnice|uši|zajíček|ženy se zaječími oušky
🧖|člověk v sauně|lázeň|lázně|osoba v sauně|pára|parní|relaxace|sauna|spa|wellness|žena v sauně
🧖‍♂️|lázeň|lázně|muž v sauně|pára|parní|sauna
🧖‍♀️|lázeň|lázně|pára|parní|sauna|žena v sauně
🧗|člověk lezoucí po skalní stěně|hora|horolezec|horolezkyně|lezec|lezení|lezkyně|stěna
🧗‍♂️|horolezec|lezec|stěna
🧗‍♀️|horolezkyně|lezkyně|stěna
🤺|člověk|kord|meč|rapír|šermířka|šermovat|sportovní
🏇|člověk|dostihový kůň|dostihový závod|dostihy|klasická trojkoruna|kůň|sport|trojkoruna|závod|žokej na koni
⛷️|aktivita|člověk|lyžařka|lyže|lyžovat|sníh|sport|zima|zimní
🏂|člověk|jízda na snowboardu|lyže|prkno|sníh|snowboardista|snowboardistka|sport|zimní
🏌️|cvičné odpaliště|golfista|golfové hřiště|golfový míček|míček|muž hrající golf|odpálit|osoba hrající golf|sport
🏌️‍♂️|golfista|muž
🏌️‍♀️|člověk|golfistka|míček|odpaliště|sport|žena hrající golf
🏄|člověk|moře|oceán|osoba na surfu|prkno|sport|surfař|surfing|surfovací prkno|surfování|surfující člověk|vlny
🏄‍♂️|muž|prkno|surfař|surfing|surfování
🏄‍♀️|člověk|moře|oceán|pláž|prkno|sport|surfařka|surfing|surfování|surfovat|surfující člověk|vlny|žena
🚣|člun|kanoe|loďka|plavidlo|pramice|řeka|rybařit|veslař|veslice|veslování|veslovat|veslující osoba
🚣‍♂️|člun|loďka|muž|plavidlo|pramice|veslař|veslice|veslování
🚣‍♀️|člověk|člun|jezero|loďka|plavba|plavidlo|pramice|řeka|rybařit|sport|veslařka|veslice|veslování|výlet lodí|žena
🏊|bazén|člověk|muž|plavající muž|plavající osoba|plavání|plavat|plavecký závod|sport
🏊‍♂️|muž|plavání|plavec
🏊‍♀️|člověk|plavání|plavat|plavkyně|sport|žena
⛹️|basketbal|člověk|driblovat|driblující muž|hráč basketbalu|míč|muž s míčem|osoba driblující s míčem|sport
⛹️‍♂️|míč|muž driblující s míčem
⛹️‍♀️|basketbal|člověk|driblovat|driblující člověk|driblující žena|hráčka basketbalu|míč|sport|žena driblující s míčem|žena s míčem
🏋️|činka|dřep|kulturista|muž zvedající činky|osoba vzpírající činku|posilování|posilovna|powerlifting|silák|tíha|váha|vzpěrač|vzpírání|závaží
🏋️‍♂️|činka|muž|silák|tíha|váha|vzpěrač|vzpírání
🏋️‍♀️|činka|člověk zvedající činky|posilování|silná|sport|tíha|váha|vzpěračka|vzpírání|vzpírat|závaží|žena zvedající činky
🚴|člověk|cyklista|cyklistika|horské kolo|jízda na kole|kolo|muž na kole|osoba na kole|silniční kolo|sport
🚴‍♂️|cyklista|cyklistika|kolo|muž
🚴‍♀️|člověk|cyklistika|cyklistka|jet na kole|jízda na kole|kolo|sport|žena
🚵|člověk|cyklista|cyklistika|hora|horská cyklistika|horské kolo|jízda|kolo|muž na horském kole|osoba na horském kole|sport
🚵‍♂️|cyklistika|hora|horský cyklista|kolo|muž
🚵‍♀️|člověk|cyklistika|cyklistka|hora|horská cyklistka|horské kolo|jet na kole|jízda na kole|kolo|sport|žena na horském kole
🤸|akrobacie|člověk|gymnastika|hvězda|osoba dělající přemet stranou|radost|sport
🤸‍♂️|člověk|gymnasta|gymnastika|hvězda|muž dělá přemet stranou|muž dělající přemet stranou|přemet stranou|radost|sport
🤸‍♀️|akrobacie|člověk|gymnastika|gymnastka|hvězda|přemet stranou|radost|sport|žena dělá přemet stranou|žena dělající přemet stranou
🤼|bojový sport|boxerský ring|člověk|duel|sport|wrestling|zápasící dvojice|zápasník
🤼‍♂️|boxerský ring|člověk|muži|souboj|sport|wrestling|zápasící muži|zápasníci|zápasník
🤼‍♀️|boxerský ring|člověk|souboj|sport|wrestling|zápasící ženy|zápasnice|zápasník|žena|ženy
🤽|člověk|osoba hrající vodní pólo|plavání|plavat|pólo|sport|voda|vodní pólo|vodní sport
🤽‍♂️|atlet|člověk|hráč póla|hráč vodního póla|muž|pólo|sport|voda|vodní pólo|vodní sport
🤽‍♀️|atletka|člověk|hráčka póla|hráčka vodního póla|pólo|sport|voda|vodní pólo|vodní sport|žena
🤾|chytit|člověk|házená|házenkář|hodit|míč|nadhazovat|osoba hrající házenou|sport|zápas
🤾‍♂️|člověk|házená|házenkář|míč|muž|sport
🤾‍♀️|chytit|člověk|házená|házenkářka|hodit|míč|sport|vybíjená|žena s míčem
🤹|balancovat|cirkus|multitasking|rovnováha|šikovnost|žonglování|žonglovat|žonglující osoba
🤹‍♂️|balancovat|cirkus|člověk|míčky|multitasking|muž|rovnováha|šikovnost|žonglér|žonglování|žonglovat
🤹‍♀️|člověk|multitasking|rovnováha|šikovnost|žena|žonglérka|žonglování|žonglovat
🧘|člověk v pozici lotosového květu|jóga|jogínka|klid|lotosová|lotosový květ|meditace|osoba v lotosovém sedu|pozice|relaxace|turecký sed|zen
🧘‍♂️|jóga|lotosová|meditace|muž v lotosovém sedu|pozice
🧘‍♀️|jóga|lotosová|meditace|pozice|žena v lotosovém sedu
🛀|člověk ve vaně|domácnost|koupat se|koupelna|osoba ve vaně|sprcha|vana
🛌|chrnět|člověk v posteli|deka|dobrou noc|hotel|osoba v posteli|peřina|pochrupovat|polštář|postel|přikrývka|šlofík|spánek|spát|spící osoba|unavený|zachumlaný|zdřímnout si|zzz
🧑‍🤝‍🧑|člověk|držet se za ruce|dva lidé držící se za ruce|dvojice|lidé|osoba|pár|ruka
👭|bestie|bff|držící|dvě|dvojčata|dvojice|holky|kamarádka|kamarádky|kámošky|lesby|nejlepší|pár|přátelství|rande|ruce|ruka|sestry|za|ženy
👫|člověk|držet|dvojice|flirt|kamarád|láska|muž a žena držící se za ruce|muž a žena se drží za ruce|pár|rande|ruka|zamilovaní|žena
👬|blíženci|člověk|držet|dva muži držící se za ruce|dva muži se drží za ruce|dvojčata|dvojice|gayové|homosexuál|kamarádi|lgbtqia|lgtb|muž|pár|queer|randění|ruka|zamilovaní|zvěrokruh
💏|člověk|dvojice|láska|líbající se pár se srdcem|líbání|miláček|pár|polibek|pusa|pusinka|romance|romantika|srdce|výročí
💑|člověk|dvojice|láska|miláček|pár se srdcem|polibek|pusa|pusinka|romance|romantika|srdce|výročí
🗣️|hlava|mluvící hlava|mluvit|obličej|obrys|povídat|přednáška|proslov|řečník|silueta|smajlík|tvář|vyprávět|výraz
👤|busta|bysta|obrys|osoba|silueta busty|silueta bysty|stín|tajemný|záhada
👥|busta|bysta|hlavy|kamarád|lidé|nejlepší kamarádi|obrysy lidí|osoby|přátelé|silueta dvojice bust|siluety byst
🫂|člověk|díky|loučení|náruč|objetí|objímající se lidé|osoba|pozdrav|přátelství|sbohem|vděčnost
👪|chlapec|chlapeček|člověk|dítě|kluk|máma|matka|otec|rodiče|rodina|syn|táta
🧑‍🧑‍🧒|dítě|dospělý|rodina: dospělý, dospělý, dítě
🧑‍🧑‍🧒‍🧒|dítě|dospělý|rodina: dospělý, dospělý, dítě, dítě
🧑‍🧒|dítě|rodina: dospělý, dítě
🧑‍🧒‍🧒|dítě|rodina: dospělý, dítě, dítě
👣|bosky|bosý|chodidlo|chůze|jít|naboso|neobutý|oblečení|otisk|procházka|šlápota|šlépěj|stopa|stopy|tělo
🫆|bezpečnost|detektiv|identita|kriminalistika|otisky prstů|stopa|záhada|zločin
🐵|banán|hlava opice|obličej|opice|opička|smajlík|tvář|výraz|zoo|zvědavá opice|zvědavý george|zvíře
🐒|banán|džungle|opice|opička|zvíře
🦍|gorila|hlava|opice|prales|primát|příroda|zvíře
🦧|lidoop|opice|orangutan|primát|zvíře
🐶|domácí|hlava psa|mazlíček|obličej|pejsek|pes|rozkošný|roztomilý|smajlík|štěňátko|štěně|tvář|výraz|zvíře
🐕|domácí|fena|fenka|mazlíček|pejsek|pes|psík|zvíře
🦮|asistence|asistenční pes|labrador|nevidomý|postižení|průvodce|slabozraký|slepecký pes|vodicí pes|vůdce|zvíře
🐕‍🦺|asistence|asistenční pes|německý ovčák|pes|pomoc|postižení|služba|služební pes|vodicí pes|zvíře
🐩|chundelatý|domácí|mazlíček|načechraný|pes|pudlík|zvíře
🐺|hlava vlka|obličej|smajlík|tvář|vlčí hlava|vlčice|vlk|výraz|zvíře
🦊|hlava lišky|liščí|liška|obličej|tvář|zvíře
🦝|čistotný|medvídek|mýval|zvědavý|zvíře
🐱|domácí|hladit|hlava kočky|kočička|kočka|koťátko|kotě|mazlíček|obličej|smajlík|tvář|výraz|zvíře
🐈|domácí|kočička|kočka|koťátko|kotě|mazlíček|příroda|zvíře
🐈‍⬛|černá|číča|halloween|kočička|kočka|kocour|mňau|neštěstí|smůla|živočich|zvíře
🦁|hlava lva|horoskop|hříva|král zvířat|lev|obličej|řád bílého lva|řád lva|řev|řvaní|safari|silný|smajlík|tvář|výraz|znamení lva|zvěrokruh|zvíře
🐯|hlava tygra|obličej|predátor|šelma|smajlík|tvář|tygr|tygřík|velká kočka|výraz|zvíře
🐅|predátor|pruhovaný|šelma|tygr|velká kočka|zoo|zvíře
🐆|kočkovitá šelma|leopard|levhart|panter|pardál|predátor|šelma|velká kočka|zoo|zvíře
🐴|drezura|drezúra|farma|hlava koně|hříva|koník|kůň|příroda|smajlík|tvář|výraz|zvíře
🫎|los|parohy|paroží|savec|sob|wapiti|zvíře
🫏|mezek|mula|osel|savec|tvrdohlavý|umíněný|zvíře
🐎|derby|dostihový kůň|dostihy|farma|jezdecký|jezdectví|jízda|koník|koňské dostihy|kůň|triple crown|velká pardubická|závod|zvíře
🦄|duhový|hlava jednorožce|jednorožec|mytologie|obličej|roh|smajlík|tvář|výraz|zvíře
🦓|černobílý|kůň|pruhovaný|pruhy|zebra|zvíře
🦌|jelen|kolouch|laň|vysoká zvěř|zvíře
🦬|bizon|buvol|býk|stádo|živočich|zubr|zvíře
🐮|bůů|farma|hlava krávy|kráva|kraví|mléko|obličej|smajlík|tvář|výraz|zvíře
🐂|býk|farma|horoskop|skot|vůl|znamení býka|zvěrokruh|zvíře
🐃|bizon|buvol domácí|voda|vodní buvol|zoo|zvíře
🐄|bůů|farma|kráva|mléko|příroda|statek|zvíře
🐷|čuně|čuník|farma|hlava prasete|pašík|prasátko|prase|sádlo|slanina|smajlík|špek|tvář|vepřové|výraz|zvíře
🐖|čuně|čuník|farma|pašík|prasátko|prase|prasnice|sádlo|slanina|špek|svině|vepřové|zvíře
🐗|divočák|divoké prase|kanec|kňour|prase|vepř|zvíře
🐽|čenichat|čich|čmuchat|čumák|farma|obličej|prasečí rypák|rypáček|rypák|smajlík|tvář|výraz|zvíře
🐏|beran|horoskop|ovce|rohy|samec|znamení berana|zoo|zvěrokruh|zvíře
🐑|bahnice|béé|chundelatý|farma|jehňátko|jehně|ovce|ovečka|salaš|samice|vlna|zvíře
🐐|farma|horoskop|koza|kozoroh|mléko|znamení kozoroha|zvěrokruh|zvíře
🐪|dromedár|hrb|jednohrbý velbloud|poušť|příroda|velbloud jednohrbý|zvíře
🐫|drabař|dromedár|dvouhrbý velbloud|hrb|poušť|velbloud dvouhrbý|zvíře
🦙|alpaka|chundelatý|guanako|huňatý|lama|načechraný|vikuňa|vlna|zvíře
🦒|afrika|fleky|rohy|růžky|skvrny|žirafa|zoo|zvíře
🐘|příroda|slon|slůně|zoo|zvíře
🦣|chlupatý|huňatý|kel|kly|mamut|obří|pravěk|srstnatý|velký|vyhynulý|zvíře
🦏|afrika|nosorožec|roh|zoo|zvíře
🦛|hroch|hrošík|tlustokožec|zvíře
🐭|hlava myši|hlodavec|myšák|myšička|myška|obličej|smajlík|tvář|výraz|zvíře
🐁|bílá myš|hlodavec|laboratorní myš|myšička|myška|zvíře
🐀|hlodavec|kanál|krysa|potkan|zvíře
🐹|domácí|hlava křečka|hlodavec|křeček|mazlíček|obličej|smajlík|tvář|výraz|zvíře
🐰|domácí|hlava králíka|králíček|králík|mazlíček|obličej|příroda|smajlík|tvář|ušák|výraz|zajíc|zajíček|zvíře
🐇|domácí|králíček|králík|mazlíček|ušák|zajíc|zajíček|zvíře
🐿️|burunduk|čipmank|les|příroda|veverka|žalud|zvíře
🦫|bobr|hlodáky|hlodavec|hráz|kanada|živočich|zuby|zvíře
🦔|bodliny|ježek|ostny|pichlavý|schoulený|zvíře
🦇|letoun|netopýr|upír|vampýr|zvíře
🐻|bručet|brum|grizzly|hlava medvěda|medvědí|medvídě|medvídek|obličej|smajlík|tvář|výraz|zvíře
🐻‍❄️|arktida|bílý|hlava ledního medvěda|lední|medvěd
🐨|austrálie|koala|medvěd|medvídek|protinožci|zvíře
🐼|bambus|hlava pandy|obličej|panda|smajlík|tvář|výraz|zvíře
🦥|lenivý|lenochod|lenošit|lenost|líný|pomalý|zvíře
🦦|hravé|hravý|lovec ryb|loví ryby|rybařící|rybolov|vodní živočich|vydra|zvíře
🦨|pach|páchne|páchnoucí|skunk|smradlavé|smradlavý|smrdět|smrdí|tchoř|zvíře
🦘|austrálie|australský|hopsat|kapsa|klokan|klokánek|savec|skákat|skákavý|vačnatec|zvíře
🦡|jezevec|medojed|nora|škodná|zvíře
🐾|nohy|otisky tlap|stopa|stopy|ťapky|tlapa|tlapky
🦃|den díkůvzdání|díkůvzdání|hudrovat|krocan|krůta|pták|zvíře
🐔|kuře|pták|slepice|zvíře
🐓|farma|kohout|kokrhat|pták|zvíře
🐣|klubající|klubání|kuřátko|kuře|líhnoucí se kuře|líhnutí|ptáčátko|pták|skořápka|skořepina|vajíčko|vejce|vylíhnout se|vylíhnuté kuře|zvíře
🐤|kuřátko|kuře|ptáčátko|ptáček|pták|zvíře
🐥|kuřátko zepředu|kuře|ptáčátko|ptáček|pták|velikonoce|zvíře
🐦|holub|ornitologie|ptáček|pták|zvíře
🐧|antarktida|příroda|pták|tučňák|zvíře
🕊️|bílá holubice|holubice míru|létat|letící|mír|pták|zvíře
🦅|dravec|dravý|orel|pták|zvíře
🦆|kačenka|kačer|kachna|kachnička|pták|zvíře
🦢|bílý|labuť|labutí mládě|opeřenec|ošklivé káčátko|peří|pírko|pták|vznešený|zvíře
🦉|dravec|les|moudrost|moudrý|pták|sova|sýček|výr|zvíře
🦤|blboun|dodo|dronte|mauricijský|mauricius|nejapný|pták|velký|vyhynulý|vymřelý|živočich|zvíře
🪶|brko|lehké|lehký|let|opeření|peříčko|péro|pírko|ptačí|pták
🦩|nápadný|okázalý|plameňák|růžový pták|tropický|tropy|zvíře
🦚|barevný|honosný|krásný pták|náfuka|okázalý|ostentativní|paví pero|pávice|peří|pompézní|pták|pyšný|zvíře
🦜|ara|mluvící|mluvit|papoušek|papouškovat|pirát|pták|zvíře
🪽|andělský|křídlo|létání|letectví|mytologie|nebeský|pták
🐦‍⬛|černá|černý|havran|kavka|kos|krákání|krkavec|pták|vrána|zobák|zvíře
🪿|drůbež|hloupá|husa|kejhání|potrefená|pták|zvíře
🐦‍🔥|fantasy|fénix|legenda|mýtus|nesmrtelný|oheň na střeše|ohnivý pták|povstat z popela|pták ohnivák|reinkarnace|znovuzrození
🐸|hlava žáby|obličej|princezna|smajlík|tvář|výraz|žába|žabák|žabí princ|zvíře
🐊|aligátor|kajman|krokodýl|příroda|zoo|zvíře
🐢|obojživelník|pancíř|sladkovodní želva|suchozemská želva|želva|zvíře
🦎|čolek|gekon|ještěrka|plaz|salamandr|zvíře
🐍|hadonoš|horoskop|plaz|zvěrokruh|zvíře
🐲|dračí tvář|drak|hlava draka|obličej|pohádka|saň|smajlík|tvář|výraz|zvíře
🐉|čínský|drak|fantasy|pohádka|rytíři|zelený drak|zvíře
🦕|brachiosaurus|brontosaurus|dinosaurus|diplodocus|sauropod|vyhynulý|zvíře
🦖|dinosaurus|t-rex|tyrannosaurus rex|tyranosaurus rex|zvíře
🐳|moře|obličej|oceán|odfukující|pláž|smajlík|stříkající|tvář|velryba stříkající vodu|vodotrysk|výraz|zvíře
🐋|kytovec|moře|oceán|pláž|plejtvák|příroda|savec|velryba|zvíře
🐬|delfínek|moře|oceán|pláž|ploutev|skákající|zvíře
🫍|mořský|oceán|velryba
🦭|lachtan|lvoun|moře|mořský lev|mrož|oceán|tuleň|živočich|zvíře
🐟|horoskop|moře|rybaření|rybařit|rybička|rybka|rybolov|ryby|večeře|znamení ryb|zvěrokruh|zvíře
🐠|akvarijní|ryba|rybička|rybka|tropická ryba|tropický|zvíře
🐡|čtverzubec|fugu|ježík|příroda|ryba|zvíře
🦈|ryba|žralok|zvíře
🐙|chapadlo|chobotnice|chobotnička|cthulhu|hlavonožec|krakatice|kraken|měkkýš|moře|oceán|stvoření|zvíře
🐚|lastura|měkkýš|moře|mušle|mušlička|pláž|škeble|spirála|ulita|zvíře
🪸|klimatické změny|korálový útes|moře|oceán|ohrožený druh|útes
🪼|bezobratlí|chapadla|medúza|moře|mořská|popálení|požahání|žahavci|žahnutí|zvíře
🦀|horoskop|krab|rak|znamení raka|zvěrokruh|zvíře
🦞|humr|humří polévka|klepeta|korýš|langusta|plody moře|rak|zvíře
🦐|garnát|jídlo|korýš|kreveta|malý|moře|mořský|oceán|plody moře|zvíře
🦑|chobotnice|hlavonožec|jídlo|kalamár|kalmar|krakatice|měkkýš|mořské plody|oliheň|plody moře|sépie|zvíře
🦪|jídlo|perla|perleť|potápění|ústřice
🐌|hlemýžď|příroda|slimák|šneček|šnek|ulita|zahrada|zvíře
🦋|hmyz|krásný|modrásek|modrý motýl|motýl|zvíře
🐛|brouk|hmyz|housenka|příroda|stonožka|zahrada|zvíře
🐜|brouk|hmyz|mravenec|zahrada|zvíře
🐝|čmelák|hmyz|jaro|med|příroda|včela|včelička|včelka|zvíře
🪲|brouček|brouk|hmyz|živočich|zvíře
🐞|beruška|brouček|brouk|hmyz|příroda|sedmitečné|slunéčko|zahrada|zvíře
🦗|brouk|cvrček|hmyz|kobylka|koník|luční|orthoptera|rovnokřídlí|saranče|zvíře
🪳|brouk|fuj|havěť|hmyz|hnus|rus|škůdce|šváb|živočich|zvíře
🕷️|hmyz|pavouk|zvíře
🕸️|pavoučí|pavouk|pavučina|síť
🦂|horoskop|škorpion|štír|znamení štíra|zvěrokruh|zvíře
🦟|bodnutí|dengue|hmyz|horečka|komár|kousnutí|malárie|moskyt|štípanec|štípnutí|tropická nemoc|virus
🪰|bzučivka rudohlavá|hmyz|hnijící|larva|masařka|moucha|mucha|muška|nemoc|otravný|živočich|zvíře
🪱|červ|dešťovka|kroužkovec|parazit|živočich|žížala|zvíře
🦠|améba|bacil|bakterie|biologie|měňavka|mikrobiologie|mikroby|mikroorganismus|věda|virus
💐|květina|kytice|kytička|kytka|láska|narozeniny|pugét|rande|romance|romantika|rostlina|růže|výročí
🌸|jaro|květ třešně|květina|rostlina|rozkvetlá třešeň|sakura|třešeň|třešňový květ
💮|bílá květina|bílý|květina
🪷|buddhismus|čistota|hinduismus|indie|klid|květina|lotosový květ|relax|rozkvetlý|vietnam|vyrovnanost
🏵️|květina|rostlina|rozeta|růžice
🌹|červená|elegantní|krása|květina|rostlina|rudý|růže z lásky|valentýn
🥀|hynoucí|květina|růže|uvadlá|uvadlý|uvadnutá|vadnoucí|zvadlá květina|zvadnutá
🌺|ibišek|ibiškový květ|květina|kytička|kytka|rostlina|rozkvetlá
🌻|květina|příroda|rostlina|slunce|slunečnice|zasadit
🌼|květina|kytka|louka|pampeliška|podběl|pryskyřičník|pryskyřník|rostlina|žlutá květina
🌷|kvést|květina|kytička|kytka|rostlina|růst|tulipán
🪻|fialová|hledík|hyacint|květina|levandule|lupina|rostlina|vlčí bob
🌱|klíček|klíčící|klíčit|mladý|pučet|rašit|ratolest|rostlina|sazenice|semenáček|výhonek
🪴|dekorace|domácí|dům|květina v květináči|květináč|kytka|nuda|nudný|péče|pokojová|rostlina|růst|zasadit
🌲|borovice|jedle|jedlička|jehličnan|jehličnatý strom|les|neopadavý|příroda|rostlina|smrček|smrk|stálezelený|strom|vánoční stromeček
🌳|les|listnatý strom|opadavý|příroda|rostlina|strom|zelený
🌴|moře|palma|palmový|pláž|rostlina|strom|tropický
🌵|kaktus|poušť|příroda|rostlina|sucho
🌾|klas|klásek|obilí|obilniny|otep|rostlina|rýže|rýžové klasy|rýžový klas|snopek|zrní|zrno
🌿|bylina|bylinka|lísteček|lístek|listí|listoví|příroda|rostlina|snítka
🍀|4|čtyři|čtyřlístek|irsko|irský|jetel|list|rostlina|štěstí
🍁|javorový list|kanada|list|opadané listí|padající|podzimní|rostlina
🍂|list|opadavý|padající|podzim|rostlina|spadlý list
🍃|foukat|lístek|listí|padající list ve větru|padající třepotající se list|příroda|rostlina|třepetající|třepetat|třepotající|třepotat|vánek|větřík|vítr
🪹|hnízdečko|hnízdění|hnízdit|prázdné hnízdo|ptačí hnízdo|větvičky
🪺|hnízdění|hnízdo s vejci|ptáček|ptačí hnízdo|pták|snášet vejce|vajíčka|vejce|větvičky
🍄|houba|hřib|hříbek|jedovatá|jedovatý|muchomůrka
🪾|bez listí|dřevo|holé|kmen|mrtvé|neplodný|strom|sucho|větve|zima
🍇|červené hrozny|dionýsos|hrozen|hroznové víno|hrozny|jídlo|ovoce|rostlina|víno
🍈|ananasový meloun|cukrový meloun|jídlo|meloun|ovoce|rostlina|žlutý meloun
🍉|červený|jídlo|meloun|ovoce|rostlina|vodní
🍊|citrus|jídlo|mandarinka|oranžová|ovoce|pomeranč|rostlina|vitamin c|vitamín c
🍋|citron|citrón|citrus|jídlo|kyselý|ovoce|rostlina|žlutý citron
🍋‍🟩|citrus|kyselý|limeta|limetka|limetková šťáva|limetkový koláč|margarita|mojito|ovoce|salsa|tequila|tropické
🍌|banán|draslík|jídlo|ovoce|rostlina
🍍|ananas|jídlo|ovoce|piña colada|rostlina|tropický
🥭|jídlo|mangovník|mangový|ovoce|tropické|tropický
🍎|červená|červené jablko|jablko|jídlo|ovoce|rostlina|strava|zdravá strava|zdraví|zdravý|životospráva|zralý
🍏|jablíčko|jablko|jídlo|ovoce|rostlina|zelená|zelené jablko
🍐|hruška|jídlo|ovoce|rostlina|sad|zahrada
🍑|broskev|jídlo|meruňka|ovoce|rostlina
🍒|červená|jídlo|ovoce|rostlina|třešeň|třešinky|třešně|višně
🍓|jahoda|jídlo|ovoce|rostlina|zahrada
🫐|bobule|borůvkový|borůvky|jídlo|lesní|modré|modrý|ovoce|plod|potravina
🥝|jídlo|kivi|kiwi|ovoce
🍅|červená|jídlo|kečup|ovoce|rajče|rajské jablíčko|rostlina|zelenina
🫒|jídlo|olej|oliva|olivový|ovoce|plod|potravina|snítka|větvička|zelený
🥥|jídlo|kokosová palma|kokosový ořech|ořech|palma|piňa colada|piña colada|piňakoláda
🥑|avokádo|guacamole|jídlo|ovoce
🍆|baklažán|jídlo|lilek|rostlina|záhrada|zelenina
🥔|brambora|hlad|jídlo|lilek brambor|zahrada|zelenina
🥕|jídlo|karotka|kořenová zelenina|mrkev|mrkvička|zahrada|zelenina
🌽|farma|jídlo|klas|kukuřice|kukuřičný klas|obilí|plodiny|rostlina|sklizeň|úroda|zrno
🌶️|chilli|čili|feferonka|jídlo|kořeněný|koření|ostrý|pálivý|paprička|paprika|pikantní|rostlina
🫑|jídlo|kapie|paprika|potravina|sladká|zelená|zelenina
🥒|jídlo|kvašáky|kyselá|nakládačka|nakládaná|nakládané okurky|okurek|okurka|zelenina
🥬|bok čoj|čínské|jídlo|kadeřávek|kapusta|listová zelenina|pak čoj|salátové listy|zelenina|zelený|zelí
🥦|brokolice|brukev zelná|jídlo|kapusta|rostlina|zahrada|zelenina
🧄|aromatický|česnek|dochutit|jídlo|koření|ochucování|příchuť|zelenina
🧅|aromatický|cibule|cibulka|jídlo|koření|ochucování|příchuť|zelenina
🥜|arašídy|burák|burský oříšek|jídlo|lusk|olejná|ořech|podzemnice
🫘|fazol obecný|fazole|fazolky|jídlo|ledviny|luskoviny|luštěniny
🌰|jídlo|kaštanový|rostlina
🫚|čaj|koření|pivo|zázvor
🫛|edamame|hrách|hrachový lusk|hrášek|kulička|lusk|luštěniny|sója|zelenina
🍄‍🟫|hnědá houba|houbařit|houbová|hříbek|jídlo|les|portobello|příroda|sbírat houby|shiitake|zelenina
🫜|jídlo|kořen|ředkvička|řepa|salát|tuřín|vegetariánské|zahrada|zelenina
🍞|bochník|chléb|chleba|jídlo|karbohydráty|moučný|obilí|obilniny|obiloviny|pecen|pšenice|restaurace|sacharidy|toastový chleba
🥐|croissant|francouzské|francouzský|jídlo|kroasant|loupáček|loupák|pečivo|rohlík
🥖|bageta|francouzské|jídlo|pečivo|veka
🫓|arepa|chlebová placka|gordita|jídlo|lavaš|naan|nán|pita|potravina|tortilla|wrap
🥨|jídlo|kroucené|pečivo|preclík|zakroucený|zamotaný
🥯|bagel|bejgl|chléb|chleba|houska|namazat|pečivo|pekárna|pomazánka|snídaně
🥞|javorový sirup|jídlo|lívance|lívanec|máslo|palačinky|sirup|snídaně
🧇|forma|jídlo|moučník|mřížka|sendvičovač|snídaně|vafle|vaflovač
🧀|ementál|jídlo|klínek sýra|kousek sýra|sýrový
🍖|hlad|jídlo|kost|kýta|maso na kosti
🍗|drůbež|hladový|husa|jídlo|kachna|kost|krocan|kuřecí stehýnko|kýta|noha|stehno
🥩|červené maso|flákota|hovězí|jehněčí|jídlo|kotleta|krvavý|kus masa|maso|plátek masa|řízek|steak|vepřová kotleta|vepřové|žebírko
🥓|bůček|jídlo|maso|sádlo|slanina|smažený|tučný
🍔|burger|burgr|cheeseburger|fast food|fastfood|hamburger|hamburgr|hladový|jídlo|jíst|rychlé občerstvení
🍟|bramborové|brambory|fastfood|hranolky|jídlo|pomfritky|pomfrity|rychlé občerstvení
🍕|dílek|hladový|jídlo|klínek|kousek|pepperoni|pizza|salámová|sýrová
🌭|hořčice|hot dog|hotdog|jídlo|kečup|klobása|párek v rohlíku
🥪|chleba|jídlo|sandwich|sendvič|svačina|toast|toust
🌮|jídlo|mexická kuchyně|mexické|placka|tacos
🌯|burito|burritos|jídlo|mexická kuchyně|mexické|rolka|tortilla|wrap
🫔|jídlo|mexický|pamonha|placka|potravina|tamales|wrap
🥙|chlebová placka|falafel|gyros|jídlo|kebab|plněná pita|plněný|sendvič
🧆|boby|cizrna|cizrnový karbanátek|falafel|jídlo|karbanátky|koule|kuličky|luštěninová koule
🥚|jídlo|vajíčko|vejce
🍳|jídlo|pánev|restaurace|smažení|smažit|snídaně|vajíčko|vaření|vejce na pánvi|volské oko
🥘|jídlo|kastrol|mělká pánev|mělký rendlík s jídlem|paella|pánev s jídlem|plody moře|zapečené jídlo
🍲|dušené jídlo|guláš|hrnec jídla|jídlo|kouřící|polévka|vývar
🫕|čokoládové|fondue|fondy|jídlo|lyže|lyžování|potravina|rozteklý|švýcarské|švýcarský|sýrové|tavený
🥣|cereálie|cornflakes|jídlo|kaše|kornflejks|kornflejky|krupičná|kukuřičné|lupínky|miska se lžící|muesli|musli|müsli|ovesná|polévka|snídaně
🥗|jídlo|listová zelenina|okurek|rajče|salát|zdraví|zdravý|zelený
🍿|fastfood|film|jídlo|kino|popcorn|popkorn|pražená kukuřice|pukance|pukánky
🧈|jídlo|máselnička|máslo|mléčné výrobky|mlékárenské|mlékárna|mlékařské|mlékařství
🧂|chuť|dochucovadlo|jídlo|koření|kořenit|ochutit|posolit|přísada|slánka|slaný|solnička|sůl
🥫|jídlo v plechovce|konzerva|konzervované potraviny|plechovka
🍱|bento|japonský|jídlo|krabička bentó|rýže|sashimi|sushi
🍘|japonská směs|jídlo|keks|krekr|křupka|mořská řasa|rýže|rýžová sušenka|suchar|sušenka
🍙|japonská|japonský|jídlo|kulička|onigiri|rýže|rýžová koule|trojúhelník
🍚|hlad|jídlo|miska ryže|rýže|uvařená|vařená rýže|vařený
🍛|curry|jídlo|karí|kari s rýží|rýže
🍜|jídelní hůlky|jídlo|kouřící|miska nudlí|nudle|pára|pho|polévka|ramen
🍝|boloňské špagety|italská kuchyně|italský|jídlo|masové kuličky|rajská omáčka|restaurace|špagety|těstoviny
🍠|batát|brambora|jam|jídlo|opékaný|sladká brambora|sladký
🍢|japonský|jídlo|kebab|mořské plody|oden|plody moře|restaurace|špejle|špíz|tyčka
🍣|hlad|japonský|jídlo|losos|nigiri|rýže|sushi|suši|tuňák
🍤|garnát|jídlo|kreveta|smažená kreveta|smažené|smažený|tempura
🍥|dort|jídlo|koláček|restaurace|ryba|rybí karbanátek|rybí koláček se spirálkou|rýžový|spirála|surimi
🥮|čínský|měsíční koláč|pečivo|podzimní slavnosti|svátek|yuèbǐng
🍡|dango|dezert|japonský|jídlo|knedlíček|rýžový knedlík|sladkost|sladký|špejle|tyčka|zákusek
🥟|čínský knedlíček|dim sum|džiaozi|empanada|gjózu|gyoza|jiaozi|jídlo|knedlíček|knedlík|pelmeň|pelmeně|pirohy|pirožky|plněný knedlík|taštička|tortellini|wonton
🥠|budoucnost|čínský koláček štěstí|jídlo|koláček štěstí|předpověď|proroctví|sušenka štěstí|věštba|věštění budoucnosti
🥡|dovážka jídla|jídelní hůlky|jídlo do domu|krabice na jídlo|krabice s jídlem|krabička na jídlo|papírová krabička|rozvoz jídla|rýže
🍦|cukrovinka|dezert|jemný|jídlo|kornoutek|krémová zmrzlina|sladkost|sladký|točená zmrzlina|zákusek|zmrzlina v kornoutku
🍧|cukrovinka|dezert|dřeň|jídlo|ledová tříšť|osvěžující|restaurace|sladkost|sladký|tříšť|zákusek|zmrzlina|zmrzlinový pohár
🍨|cukrovinka|dezert|jídlo|kopeček zmrzliny|kopečková zmrzlina|pohár|restaurace|sladkost|sladký|zákusek|zmrzlina|zmrzlinový
🍩|americká|cukrovinka|dezert|donut|jídlo|kobliha|koblížek|pečivo|sladkost|sladký|zákusek
🍪|cookie|cukrovinka|dezert|jídlo|koláček|moučník|sladkost|sladký|sušenka s čokoládou|zákusek
🎂|cukrovinka|dezert|dort|jídlo|moučník|narozeninový dort|narozeniny|oslava|sladké pečivo|sladkost|sladký|svíčky|zákusek
🍰|cukrovinka|dezert|dílek dortu|dortový řez|jahodový|jídlo|kousek dortu|moučník|piškot|sladké pečivo|sladkost|sladký|zákusek
🧁|cukroví|cupcake|dezert|dobrota|dortík|košíček|moučník|muffin|pečivo|pekárna|pochoutka|poleva|sladkost|sladký|zákusek
🥧|dýňový koláč|jablečný koláč|jídlo|koláč|kus koláče|maso|náplň|ovoce|páj|pečivo|pie|plněný koláč
🍫|čokoláda|cukrovinka|dobrota|jídlo|mlsat|sladkost|sladký|tabulka čokolády
🍬|bonbon|bonbón|cukrátko|cukrovinka|jídlo|mlsat|mlsný|obal|sladkost|sladký|zubní kaz
🍭|cukrovinka|dezert|dobrota|jídlo|lízátko|mlsat|sladkost|sladký|špejle
🍮|dezert|jídlo|karamelový pudink|puding|pudink|sladkost|sladký|vanilkový pudink|zákusek
🍯|džbán medu|jídlo|medvěd|medvídek pú|mlsný|sklenice medu|sladkost|sladký|včela
🍼|dítě|kojenecká láhev|lahev|láhev|miminko|mimino|mléko|nápoj|narození|nemluvně|novorozeně|nutrilon|pití|porod|sunar
🥛|mléko|nápoj|pití|sklenice mléka
🫖|čajník|čajová konvice|horký|jídlo|konvice|konvička|louhovat|nápoj|pití|potravina|teplý
🍵|čajový šálek|nápoj|oolong|pít|pití|šálek bez ouška|zelený čaj
🍶|bar|džbánek|japonský|karafa|lahev|láhev|nápoj|pití|restaurace|saké|šálek
🍾|alkohol|bar|bouchnout šampaňské|korek|lahev|láhev sektu|nápoj|pití|přípitek|šampaňské|šáňo|sekt|špunt|zátka
🍷|alkohol|bar|chlast|klub|nápoj|pití|restaurace|sklenice|sklenička vína|sklípek|sklo|vinárna|vinný sklípek|víno
🍸|alkohol|bar|drink|klub|koktejlová sklenička|martini|nápoj|oliva|pití|sklenice|sklo
🍹|alkohol|bar|drink|koktejl|mai tai|nápoj|opilý|párty|pití|tropický|večírek
🍺|alkohol|bar|krýgl|nápoj|oktoberfest|pinta|pití|pivní půllitr|pivo|půllitr piva|sklenice|světlé pivo
🍻|alkohol|bar|chlast|cinkající půllitry piva|cinkání|do dna|na zdraví|nápoj|pití|pivo|přípitek|přiťuknutí pivem|půllitr|sklenice
🥂|cinkající sklenice|cinkání|nápoj|oslava|oslavovat|pití|přípitek|přiťuknutí|šampáňo|šampaňské|sekt|sklenice
🥃|alkohol|brandy|koňak|panák|sklenice na whisky|sklenička|skotská|tumbler|whiskey|whisky
🫗|nalévat|nápoj|pití|převržená sklenice|rozlitý|sklenice|voda|vylévání tekutiny|vylít|vylití|vyprázdnění|vyprázdnit
🥤|džus|kelímek s brčkem|limonáda|nealkoholický nápoj|pití|pohárek s brčkem|sladký|soda|sodovka|voda
🧋|boba|brčko|bubble tea|bublinkový|čaj|jídlo|mléčný|nápoj|perličkový|perličky|perlivý|pití|tapioka
🧃|brčko|džusík|fruko|krabičkové pití|krabicový džus|nápoj v krabičce|nápojová krabice|pití v krabičce|pitíčko|sladký|slámka
🧉|čaj|kalabasa|maté|nápoj|pít|pití
🧊|chlad|kostka ledu|ledová kostka|ledovec|ledový|studený|zmrzlý
🥢|čína|hashi|haši|hůlky|japonsko|jídelní|sushi|tyčinky
🍽️|jíst|nádobí|nůž|oběd|příbor|prostřený|talíř a příbor|talíř s vidličkou a nožem|vaření|večeře|vidlička
🍴|hladový|jídlo|jíst|krmit|mňam|nádobí|nůž|oběd|pokrm|příbor|restaurace|snídaně|vaření|večeře|vidlička a nůž
🥄|jídlo|jíst|lžíce|lžička|příbor|stolování
🔪|krájet|kuchař|kuchyňský nůž|nádobí|nástroj|nůž|řezat|šéfkuchař|sekat|vaření|zbraň
🫙|dóza|jídlo|konzervovat|koření|kořenka|nádoba|omáčka|prázdná|prázdný|skladování|skladovat|sklenička|zavařenina|zavařovací sklenice|zavařovačka
🏺|amfora|džbán|horoskop|nádoba|nádobí|nápoj|nástroj|vaření|váza|vodnář|znamení vodnáře|zvěrokruh
🌍|afrika|evropa|glóbus s evropou a afrikou|planeta|svět|zeměkoule
🌎|amerika|glóbus se severní a jižní amerikou|planeta|svět|zeměkoule
🌏|asie|austrálie|glóbus s asií a austrálií|planeta|svět|zeměkoule
🌐|glóbus s poledníky a rovnoběžkami|internet|poledníky|rovnoběžky|svět|web|zeměkoule|zeměpisná síť
🗺️|cestování|mapa světa|svět
🗾|japonsko|mapa japonska
🧭|buzola|jih|kompas|magnetický|navigace|orientace|orientační běh|sever|směr|východ|západ
🏔️|chladno|hora|sníh|studený|zasněžená hora|zima
⛰️|hora|horský|hory|kopec|pohoří|příroda|štít|vrch
🛘|hora|kamení|katastrofa|lavina|nebezpečí|padající kamení|pohroma|sesuv půdy|zemětřesení
🌋|erupce|hora|láva|příroda|sopka|vulkán|výbuch
🗻|fudži|fuji|hora|japonsko|příroda|sopka
🏕️|cestování|dovolená|kempování|prázdniny|příroda|stanování|tábor|táboření|tábořiště
🏖️|cestování|deštník|dovolená|léto|moře|písek|pláž se slunečníkem|prázdniny|slunečník|teplo
🏜️|cestování|horko|hory|kaktus|písek|poušť|pustina|sucho
🏝️|cestování|dovolená|moře|oceán|opuštěný|ostrov|palma|písek|pláž|poušť|pustý ostrov|tropický|tropy|trosečník|ztroskotat
🏞️|cestování|hory|národní park|park|příroda|rezervace
🏟️|aréna|budova|hřište|sport|stadion|stadión
🏛️|antická budova|antický|antika|budova|klasicismus|klasicistický|klasicistní|klasická|panteon|řecko|sloupoví
🏗️|budova|jeřáb|stavba budovy|staveniště
🧱|cihla|cihlová zeď|cihlový|cihly|hlína|malta|zděný|zdít|zeď
🪨|balvan|drsný|kámen|neoblomný|pevný|skála|šutr|těžký|tvrdý|útes
🪵|dřevo|dříví|kláda|kmen|pařez|pařízek|poleno|řezivo|špalek
🛖|chajda|chaloupka|chatka|chatrč|chýše|domeček|dům|jurta|obydlí|přístřešek|stavení
🏘️|budova|bydlet|domeček|domky|domy|dům|rodinné domky|ulice|vesnice
🏚️|budova|dům|opuštěná budova|opuštěný|polorozpadlý|zchátralý|zpustlý
🏠|budova|chata|domeček|domek|domov|dům|předměstí|ranč|rodinný dům|usadit se
🏡|budova|chata|domeček|domek se zahradou|domov|dům|předměstí|ranč|usadit se|venkov|zahrada
🏢|budova|dům|kanceláře|kancelářská budova|město|práce|věžák|zaměstnání
🏣|budova|japonská pošta|japonský|pošta
🏤|budova|evropský|město|pošta|poštovní úřad
🏥|budova|doktor|léčení|lékař|nemocnice|ošetřovna|pohotovost|špitál
🏦|banka|budova|spořitelna
🏨|budova|cestování|hotel
🏩|budova|hodinový hotel|hotel|japonsko|láska|love hotel
🏪|budova|maloobchod|non-stop|nonstop|obchod|potraviny|prodejna|samoobsluha|smíšené|večerka|zboží
🏫|budova|edukace|škola|studovat|učit se|výuka|vzdělání
🏬|budova|centrum|nákupní|nákupy|obchodní dům|prodej
🏭|budova|fabrika|průmysl|továrna
🏯|budova|hrad|japonský
🏰|budova|evropský|historie|hradby|palác|pohádka|tvrz|věž|zámek
💒|kaple|kostel|láska|obřad|romance|romantika|sezdaní|svatba|svatební
🗼|japonsko|tokijská věž|tokio|tokyo tower|věž
🗽|amerika|cestování|město|new york|nyc|socha svobody|svoboda|usa|velkoměsto
⛪|budova|kaple|kostel|křesťanství|kříž|modlitebna|náboženství|požehnat
🕌|islám|mešita|muslim|náboženství|víra|vyznání
🛕|budova|chrám|hinduismus|hinduistický chrám|posvátné místo|svatyně
🕍|budova|chrám|judaismus|náboženství|synagoga|víra|židovský|židovství
⛩️|brána|japonský|náboženství|posvátný|šintoismus|šintoistická svatyně|svatyně|torii
🕋|hadždž|islám|ka’ba|kaaba|kába|muslim|náboženství|umra
⛲|fontána|kašna|lázně|pramen|voda|vodotrysk
⛺|cestování|dovolená|kempink|kempování|léto|příroda|stanování|stanovat|tábor|táboření
🌁|mlhavo|most|počasí
🌃|hvězda|hvězdná noc|měsíc|mrakodrap|noc|noční panorama|obrázek|počasí|velkoměsto
🏙️|budova|krajina|město|městská zástavba|mrakodrapy|panoráma města|silueta|velkoměsto|vyhlídka|výšková budova
🌄|hora|počasí|ráno|rozbřesk|slunce|svítání nad horami|východ slunce
🌅|počasí|příroda|ráno|rozbřesk|slunce|svítání|úsvit|východ slunce
🌆|budova|krajina|město za soumraku|městská|mrakodrap|panelák|počasí|silueta|slunce|soumrak|večer|vyhlídka|západ
🌇|budova|město|mrakodrapy|obrázek|počasí|slunce|soumrak|stmívání|večer|velkoměsto|západ
🌉|cestování|most v noci|noc|obrázek|počasí
🎠|kolotočový kůň|kůň na kolotoči|pouť|zábava
🛝|dětská skluzavka|hra|hřiště|klouzačka|klouzat se|sklouznout|zábavní park
🎡|kolotoč|lunapark|pouť|ruské kolo|zábavní park
🎢|dráha|horská dráha|housenková dráha|kolotoče|lunapark|pouť|zábavní park
💈|holička|holičský sloupek s pruhy|kadeřník|lazebník|sestřih|střih|stříhání|tyč|účes|značka holičství|znak holičství
🎪|cirkusový stan|manéž|šapitó|stan
🚂|cestování|doprava|lokomotiva|pára|parní lokomotiva|vlak|vozidlo|železnice
🚃|cestování|doprava|električka|elektrický|šalina|tramvaj|trolejbus|vagon|vagón|vlak|vozidlo|železnice
🚄|cestování|doprava|dopravní prostředek|pendolino|rychlost|rychlovlak|rychlý|šinkansen|tgv|vlak|vozidlo|železnice
🚅|cestování|doprava|japonský rychlovlak|pendolino|rychlost|rychlovlak|šinkansen|špička|tgv|vlak|vozidlo|železnice
🚆|doprava|húú|lokomotiva|mašinka|příjezd|vláček|vlak|vozidlo|železnice
🚇|cestování|doprava|dráha|metro|podzemní|tunel|vozidlo
🚈|doprava|jednokolejka|příjezd|příměstský vlak|rychlodrážní tramvaj|tramvaj|vozidlo|železnice
🚉|doprava|elektrický|lokomotiva|mašinka|nástupiště|peron|příměstský vlak|stanice|vláček|vlak|vozidlo|zastávka|železnice
🚊|doprava|příměstský vlak|tramvaj|vozidlo
🚝|doprava|jednokolejka|jednokolejná|visutá dráha|vozidlo
🚞|doprava|hora|horská železnice|horský vlak|hory|ozubnicová dráha|vagon|vagón|vozidlo|výlet|železnice
🚋|doprava|električka|šalina|tramvaj|trolejbus|vagon tramvaje|vagón tramvaje|vozidlo
🚌|autobus|doprava|školní autobus|vozidlo|žlutý
🚍|autobus|doprava|příjezd|přijíždějící|vozidlo
🚎|doprava|trolejbus|vozidlo
🚐|autobus|bus|cestování|dodávka|doprava|dopravní prostředek|jet|jízda|mikrobus|minibus|vozidlo
🚑|ambulance|doprava|pohotovost|první pomoc|rychlá záchranná služba|sanitka|vozidlo|záchranka
🚒|doprava|hasiči|hasičské auto|hoří|oheň|požárníci|truck|vozidlo
🚓|auto|doprava|hlídka|policejní auto|policie|vozidlo
🚔|auto|doprava|policie|příjezd|přijíždějící policejní auto|vozidlo|vůz
🚕|cestování|doprava|jet|jízda|řidič|řídit taxík|taxík|taxikář|uber|vozidlo|žlutý taxík
🚖|cestování|doprava|jet|jízda|lyft|příjezd|přijíždějící taxík|taxikář|uber|vozidlo|zastavit taxík|žlutý taxík
🚗|autíčko|automobil|červené|doprava|jet|jízda|osobní|vozidlo|vůz
🚘|automobil|červená|doprava|jet|jízda|osobní|příjezd|přijíždějící|vozidlo|vůz
🚙|automobil|cestování|doprava|džíp|jeep|jet|jízda|rekreace|rekreační|řídit|sportovní užitkové vozidlo|suv|vozidlo|vůz
🛻|autíčko|auto s korbou|automobil|doprava|dopravní prostředek|kamion|malá dodávka|náklaďák|nákladní|pick-up|pickup|polododávka|přeprava|valník|vůz
🚚|auto|dodávka|doprava|dovoz|jet|jízda|kamion|náklaďák|nákladní auto|rozvážka|rozvoz|truck|vozidlo|zásobování
🚛|autodoprava|doprava|jet|jízda|kamion|kamión|náklaďák|nákladní|řídit|stěhování|tahač s návěsem|tirák|truck|vozidlo
🚜|doprava|farma|traktor|vesnice|vozidlo
🏎️|auto|červená|doprava|f1|formule|svištět|závodit|závodní auto|závodnička
🏍️|cestování|doprava|dopravní prostředek|motocykl|motorka|vozidlo|závod
🛵|doprava|moped|scooter|skútr|vozidlo
🦽|bezbariérový|handicap|hendikep|invalidita|invalidní vozík|manuální invalidní vozík|mechanický invalidní vozík|pomůcka|postižení|ručně poháněné kolečkové křeslo|snížená mobilita|usnadnění|zpřístupnění
🦼|bezbariérový|elektrický invalidní vozík|handicap|hendikep|invalidita|invalidní vozík|kolečkové křeslo|motorizovaný invalidní vozík|pomůcka|postižení|snížená mobilita|usnadnění|zpřístupnění
🛺|autorikša|doprava|dopravní prostředek|provoz|rikša|tuk-tuk|vozidlo
🚲|bicykl|cyklista|cyklistika|doprava|dopravní prostředek|jet na kole|jízda na kole|jízdní kolo|kolo|spinning|vozidlo
🛴|doprava|koloběžka|sport
🛹|jezdit na skateboardu|kolečka|prkno|skateboarding|skateboardista|skejťák|skejtovat
🛼|bruslení|bruslit|inlajny|inline|jízda na bruslích|kolečková brusle|kolečkové|quad|roller derby|sport|trekové brusle
🚏|autobusová zastávka|doprava|zastávka autobusu
🛣️|cesta|dálnice|motorová|silnice|vozovka
🛤️|doprava|koleje|pražce|vlak|železnice|železniční trať
🛢️|barel ropy|nafta|ropa|sud
⛽|benzin|benzínka|benzínová pumpa|čerpací|diesel|nafta|palivo|plyn|pohonné hmoty|pumpa|stanice
🛞|auto|koleso|kolo|kruh|kulatý|otáčení|pneumatika|rezerva|točit|volant|vozidlo
🚨|auto|majáček|maják|otáčecí|otáčení|otočný|policejní maják|policie|poplach|siréna|světlo|vozidlo
🚥|doprava|jízda|křižovatka|provoz|semafor|signál|signalizace|světelná|světlo|vodorovný semafor
🚦|doprava|jet|jízda|křižovatka|provoz|semafor|signál|signalizace|světelná|světlo|svislý semafor
🛑|jednosměrka|osmiúhelník|stopka|zákaz|zastavit|značka
🚧|bariéra|blokovat|cedule|práce na silnici|překážka|stavba|stavební zábrana|staveniště|uzávěra|zábrana|zátaras|značka
🛟|bezpečí|plavací|plavání|plavčík|plovák|záchrana|záchranný kruh
⛵|doprava|dovolená|jachta|jachting|loď|moře|oceán|plachetnice|plachtění|plavba|plavidlo
🛶|člun|doprava|kánoe|loď
🚤|cestování|člun|doprava|jezero|léto|loď|luxus|miliardář|milionář|motorový člun|plavidlo|rychlý motorový člun|závodní člun
🛳️|cestování|doprava|dovolená|loď|osobní|parník|pasažér|plavidlo|trajekt|výletní loď|zaoceánská loď
⛴️|člun|doprava|loď|moře|oceán|osobní|pasažér|plavidlo|plavit|přívoz|řeka|trajekt
🛥️|člun|doprava|loď|moře|motorová jachta|motorová loď|motorový člun|oceán|plavidlo
🚢|cestování|doprava|loď|osobní|pasažér|plavidlo|titanic|výletní loď
🛩️|cestování|doprava|dopravní prostředek|letadlo|létat|letoun|malé letadlo
🛫|aeroplán|check-in|doprava|letadlo|letoun|odbavení|odlet letadla|odlety|vzlet|vzlétající letadlo
🛬|cestování|doprava|letadlo|létat|letoun|přilétá|přílety|přistání letadla|přistávající letadlo
🪂|padák|paragliding|parašutismus|plachtění|rogalo|seskok s padákem|sport|závěsné létání
💺|cestování|křeslo|místo|sedadlo|sedět|sezení
🚁|cestování|doprava|dopravní prostředek|helikoptéra|letoun|vrtulník
🚟|cestování|doprava|lanovka|tramvaj|visutá lanová dráha|visutý|vozidlo|závěsná|železnice|železniční
🚠|cestování|doprava|gondola|hora|horská lanovka|hory|kabel|kabina|lanová dráha|lyžařský vlek|vozidlo
🚡|doprava|gondola|kabina|kabinka|kabinková|kabinová lanovka|lanová dráha|lanovka|vozidlo
🛰️|družice|komunikace|kosmos|satelit|věda|vesmír|výzkum
🚀|astronautika|cestování|doprava|kosmonautika|kosmos|raketa|vesmír|vypustit
🛸|doprava|létající talíř|mimozemský|mimozemšťani|neidentifikovatelný létající předmět|ufon
🛎️|hotel|portýrský zvonek|poslíček|recepce|zvonek na recepci|zvonek v hotelu
🧳|balení|balit se|cestování|cestovatel|cestovní kufr|cestovní zavazadlo|kufr na kolečkách|zahraničí|zavazadlo
⌛|časomíra|časovač|minutka|písek|počítadlo|přesýpací hodiny
⏳|běžící přesýpací hodiny|časomíra|časovač|čekat|hodiny|minutka|písek|přesýpací hodiny s pískem
⌚|čas|hodinky|hodiny|náramkové
⏰|budíček|budík|buzení|čas|čekání|hodiny|pozdě|vstávání|zaspat|zpoždění
⏱️|časomíra|časovač|hodiny|sport|stopky
⏲️|budík|časomíra|časovač|hodiny|kuchyňské|kuchyňský budík|měření času|minutka|stopky
🕰️|čas|hodiny|krbové hodiny|starožitné hodiny|stolní hodiny
🕛|0:00|00|12:00|čas|dvanáct hodin|hodiny|nula|poledne|půlnoc
🕧|0:30|00:30|12:30|30|čas|dvanáct|hodiny|nula|půl jedné|třicet
🕐|00|1:00|13:00|čas|hodiny|jedna hodina
🕜|1:30|13:30|30|čas|hodiny|jedna|půl druhé|třicet
🕑|00|14:00|2:00|čas|dva|dvě|hodiny
🕝|14:30|2:30|30|čas|dva|hodiny|půl třetí|třicet
🕒|00|15:00|3:00|čas|hodiny|tři
🕞|15:30|3:30|30|čas|hodiny|půl čtvrté|třicet
🕓|00|16:00|4:00|čas|čtyři|hodiny
🕟|16:30|30|4:30|čas|čtyři|hodiny|půl páté|třicet
🕔|00|17:00|5:00|čas|hodiny|pět hodin
🕠|17:30|30|5:30|čas|hodiny|pět|půl šesté|třicet
🕕|00|18:00|6:00|čas|hodiny|šest hodin
🕡|18:30|30|6:30|čas|hodiny|půl sedmé|šest|třicet
🕖|00|19:00|7:00|čas|hodiny|sedm hodin
🕢|19:30|30|7:30|čas|hodiny|půl osmé|sedm|třicet
🕗|00|20:00|8:00|čas|hodiny|osm hodin
🕣|20:30|30|8:30|čas|hodiny|osm|půl deváté|třicet
🕘|00|21:00|9:00|čas|devět hodin|hodiny
🕤|21:30|30|9:30|čas|devět|hodiny|půl desáté|třicet
🕙|00|10:00|22:00|čas|deset hodin|hodiny
🕥|10:30|22:30|30|čas|deset|hodiny|půl jedenácté|třicet
🕚|00|11:00|23:00|čas|hodiny|jedenáct hodin
🕦|11:30|23:30|30|čas|hodiny|jedenáct|půl dvanácté|třicet
🌑|fáze měsíce|měsíc v novu|noc|novoluní|nový|počasí|tma|vesmír
🌒|dorůstá|dorůstající měsíc po novoluní|dorůstající srpek měsíce|fáze měsíce|měsíc|noc|počasí|půlměsíc|sny|srpek|vesmír
🌓|čtvrť|dorůstá|dorůstající|fáze měsíce|měsíc v první čtvrti|noc|počasí|první čtvrť|půlměsíc|vesmír
🌔|dorůstá|dorůstající měsíc před úplňkem|fáze měsíce|měsíc|noc|počasí|vesmír
🌕|fáze měsíce|jasný|měsíc v úplňku|noc|počasí|úplněk|vesmír
🌖|couvá|couvající|fáze měsíce|měsíc|noc|počasí|ubývá|ubývající měsíc po úplňku|vesmír|vypouklý
🌗|couvá|couvající|čtvrť|fáze měsíce|měsíc v poslední čtvrti|počasí|půlměsíc|ubývá|ubývající|vesmír
🌘|couvá|couvající srpek měsíce|fáze měsíce|měsíc|noc|počasí|půlměsíc|srpek měsíce|ubývá|ubývající měsíc před novoluním|vesmír
🌙|couvá|dorůstá|měsíc|noc|počasí|přibývá|půlměsíc|ramadán|srpek měsíce|ubývá|vesmír
🌚|fáze měsíce|měsíc v novu s obličejem|noc|novoluní|nový|obličej|počasí|smajlík|tma|tvář|vesmír|výraz
🌛|čtvrť|dorůstá|dorůstající|fáze měsíce|měsíc v první čtvrti s obličejem|obličej|počasí|půlměsíc|smajlík|tvář|vesmír|výraz
🌜|couvá|couvající|čtvrť|fáze měsíce|měsíc v poslední čtvrti s obličejem|měsíček|noc|obličej|počasí|půlměsíc|smajlík|snít|sny|tvář|ubývá|ubývající|vesmír|výraz
🌡️|horečka|počasí|teplé|teploměr|teplota
🌝|fáze měsíce|jasný|měsíc v úplňku s obličejem|noc|obličej|počasí|smajlík|tvář|úplněk s obličejem|vesmír|výraz
🌞|den|horko|jasno|jasný|pláž|počasí|slunce s obličejem|slunečný|sluníčko|slunný|smajlík|světlo|svítit|teplo|tvář|vedro|vesmír|výraz
🪐|planeta s prstencem|prstenec|saturn|vesmír
⭐|astronomie|bílá hvězda střední velikosti|bílá střední hvězda|hvězda|hvězdička|hvězdy|střední hvězda
🌟|hvězda|hvězdička|jas|jiskra|noc|třpytit se|třpytivý|vyhrát|záře|zářící
🌠|hvězda|kometa|kosmos|noc|padající|vesmír
🌌|galaxie|mléčná dráha|noc|obloha|vesmír
⛅|mrak|oblačno|oblak|počasí|polooblačno|slunce za mrakem|zamračeno
⛈️|blesk|bouřka|déšť|hrom|mrak s bleskem a deštěm|oblak|počasí|prší|průtrž mračen
🌤️|mráček|mrak|obláček|oblačno|oblak|počasí|polojasno|slunce za malým mrakem|slunečno
🌥️|mrak|oblačno|oblak|počasí|pod mrakem|slunce za velkým mrakem
🌦️|déšť|mrak|oblačno s dešťovými přeháňkami|oblak|počasí|přeháňky|prší|slunce za dešťovým mrakem
🌧️|déšť|mrak s deštěm|oblačno|oblak|počasí|pršet|prší|zataženo
🌨️|chladno|mračna|mrak se sněhem|mráz|mrznout|oblak|počasí|sněžit|sněžný|sníh|studený|zima
🌩️|blesk|bouře|bouřka|hromy a blesky|mračna|mrak s bleskem|oblak|počasí
🌪️|cyklon|mrak|oblak|orkán|počasí|pohroma|smršť|tornádo|vichřice|vír|vzdušný vír
🌫️|mlhavé počasí|mrak|oblak|počasí|pošmourno|zataženo
🌬️|fouká|foukající|foukat|mrak|oblak|obličej|smajlík|tvář|vane|vánek|vanoucí|vát|větřík|větrný|vichr|vichřice|vítr|výraz|zima
🌀|cyklóna|hurikán|počasí|spirála|tajfun|tornádo|twister|závrať
🌈|asexuál|barevná duha|barevný|bisexuálové|déšť|duha|duhový|gayové|genderqueer|intersexuál|lesby|lgbt|počasí|pride|příroda|queer|transgender|transsexuálové
🌂|déšť|deštník|fialový|oblečení|paraple|počasí|zavřený deštník
⛱️|déšť|deštník na zemi|léto|pláž|počasí|slunce|slunečník na zemi
⚡|blesk|bouře|bzz|elektrický|elektřina|hrom|jiskra|messenger|napětí|nebezpečí|příroda|výboj|vysoké napětí|záblesk
⛄|chladno|počasí|sněhulák bez sněhu|sníh|studený|zima
🔥|hořet|horký|hranice|nástroj|oheň|ohniště|pálit|plameny|plamínek|požár|vzplanout|zapálit
💧|chladno|kapička|kapka|komiks|obrázek|počasí|pot|příroda|slza|slzička|smutný|studený|voda|zima
🌊|kanagawa|moře|oceán|počasí|příroda|surfařka|surfing|surfovat|tsunami|vlna|vlnobití|voda|vodní vlna
🎃|dýně|dýňová lucerna|halloweenská dýně|lucerna|oslava|svátek|vydlabaná dýně|vyřezávaná dýně
🎄|dárky|oslava|ozdoby|strom|svátek|svátky|vánoce|vánoční stromeček
🎆|bum|ohňostroj|oslava|výbuch|zábava
🎇|bum|jiskra|jiskřit|ohňostroj|oslava|práskat|prskavka|silvestr|třpytit se
🧨|bomba|bouchnout|dynamit|jiskra|oheň|ohňostroj|petarda|prásknout|rachejtle|rozbuška|světlo|světýlko|vybuchnout|výbušnina
🎈|balónek|červený|nafukovací|narozeniny|oslava|párty|slavit
🎉|hurá|jupí|konfetovač|narozeniny|oslava|paráda|párty|radost|slavit|super|tadá|trubka|vystřelovací konfety
🎊|balónek s konfetami|jupí|konfetová koule|konfety|míč|oslava|párty|slavit
🎋|festival tanabata|japonsko|japonský|lístek|oslava|strom přání|tanabata|zástava
🎍|bambusové dekorace|borovice|dekorace z borovice a bambusu|japonský|kadomacu|kadomatsu|oslava|ozdoba|pinie|rostlina|výzdoba
🎎|festival|japonské panenky|japonský|oslava|panenka|svátek
🎏|den dětí|japonsko|japonský|kapr|kapří|koinobori|oslava|praporek|ryba|rybí|větrný rukáv|vlajka
🎐|cinkat|foukat|furin|japonský|oslava|vánek|větrná zvonkohra|větrný zvonek|vítr|zvoneček|zvonek|zvonit|zvonkohra
🎑|cukimi|japonský|měsíc|obřad|oslava|slavnosti měsíce|svátek|tsukimi
🧧|červená obálka|čínský nový rok|dar|dárek|hongbao|lai see|obálka s penězi|peníze|pro štěstí|štěstí
🎀|mašle|mašlička|oslava|pentle|růžová|slavnost|stužka
🎁|balíček|dar|dárek|krabice|mašle|narozeniny|oslava|překvapení|překvápko|stuha|vánoce|zabalený
🎗️|angažovanost|kauza|mašle|oslava|památka|pamětní stuha|pentle|podpora|připomínka|stuha|stužka|symbolická stužka
🎟️|jízdenka|lístek|vstupenka|vstupenky
🎫|lístek|stvrzenka|ústřižek|útržek|vstupenka|vstupné
🎖️|armáda|medaile|ocenění|odznak|oslava|řád|vojenská medaile|vyznamenání
🏆|cena|mistrovství|odměna|pohár|šampion|sport|titul|trofejní pohár|vítězství|výhra|vyhrát
🏅|cena|hvězda|medaile|nejlepší|ocenění|sportovní medaile|vítěz|výhra v soutěži|zlatá medaile|zlato
🥇|medaile za 1. místo|místo|první|trikolóra|vítězství|vyhrát|zlatá medaile|zlato
🥈|druhé|medaile za 2. místo|místo|stříbrná medaile|stříbro|trikolóra
🥉|bronzová medaile|medaile za 3. místo|místo|třetí|trikolóra
⚽|balón|fotbalový míč|kopaná|messi|míč|ronaldo|sport
⚾|baseballový míček|míč|softball|sport
🥎|míček|nadhoz|rukavice|softballový míček|sport
🏀|basketbalový míč|košíková|košíkovou|míč|obruč|sport
🏐|balón|hra|míč na volejbal|odbíjená|sport|volejbalový
🏈|americký|fotbalová|fotbalový|míč na americký fotbal|šiška|sport|super bowl
🏉|americký fotbal|míč na ragby|míč na rugby|ragby|rugbyová|rugbyový|šiška|sport
🎾|míček|raketa|sport|tenisák|tenisový
🥏|chytat|disk|frisbee|frisbíčko|házecí disk|házecí talíř|házet|létající talíř|sport|ultimate
🎳|bowlingová|hra|koule na bowling|kuželka|kuželky|sport|strike
🏏|hra|kriketová pálka|míček|pálka|sport
🏑|florbal|hokejka|hra|míček|pozemní hokej|sport
🏒|hokejka a puk|hra|lední hokej|puk|sport
🥍|branka|gól|lakroska|lakrosová hůl|míč|sport
🏓|hra|míček|pálka|ping pong|ping-pong|pingpong|sport|stolní tenis
🏸|badmintonový míček|hra|košíček|košík|míček|opeřený míček|péřový míček|raketa|sport
🥊|boxerská rukavice|boxérská rukavice|boxerský|červená|rukavice|sport
🥋|bojové umění|černý pás|džudo|judo|karate|kimono na bojové umění|pásek|sportovní kimono|taekwon-do|taekwondo
🥅|brána|branka|fotbal|gól|hokej|síť|sportovní branka
⛳|červená vlajka|golfová|golfové hřiště|jamka s vlajkou|sport
⛸️|bruslení|bruslit|krasobruslení|led|sport|zimní
🎣|chytat ryby|prut|rybařit|rybářský prut|sport|udice|úlovek|zábava
🤿|brýle|potápěčská maska|potápěčská výbava|potápěčské brýle|potápění|šnorchlování|sport
🎽|atletika|běh|běžecké tričko|běžecký úbor|šerpa|sport|tričko na běh|trikot
🎿|lyžáky|lyže|lyžování|lyžovat|skialp|sníh|sport|zimní
🛷|saně|sáně|sáňkovat|sáňky|sníh|sport|zima|zimní
🥌|curlingový kámen|hra|kámen|kanadský|led|sport|zimní
🎯|cíl|hra|přesný zásah do terče|přímo do černého|přímý zásah do terče|šipka|sport|střed terče|středu|terč|trefa|úspěch|zábava|zásah
🪀|cívka|hračka|jo jo|jo-jo|jojo|kolísání
🪁|let|létání|papírový drak|plachtit|podzim|pouštění|pouštět draka|stoupání|vzlétnutí
🔫|hračka|nářadí|nástroj|pistole|revolver|ruční zbraň|voda|vodní pistolka|zbraň
🎱|8|biliár|billiard|černá|černý|číslo|hra|koule na kulečník|kulečníková koule 8|osm|pool|sport
🔮|budoucnost|fantasy|koule|kouzlo|křišťálová koule|magie|nástroj|osud|pohádka|předpověď|předpovídání budoucnosti|skleněný|sklo|věštec|věštění|věštkyně
🪄|čarodějka|čarodějnice|čarovat|iluzionista|kouzelná hůlka|kouzelnice|kouzelník|kouzlení|kouzlit|kouzlo|magie
🎮|gamepad|hra|hrát|konzole|ovladač|pařit|playstation|počítač|videohra|xbox|zábava
🕹️|hra|joystick|ovladač|pákový ovladač|počítač|videohra|zábava
🎰|automat|gambling|hazardní hra|hrací automat|kasino|výherní automat
🎲|deskové hry|hrací kostka|kostka|kostky|zábava
🧩|dílek|dílky|kousek|patřit k sobě|puzzle|skládačka|zapadat
🧸|hračka|hrát si|medvěd|medvídek|plyšák|plyšový
🪅|bonbony|cinco de mayo|cukrovinka|fiesta|mexická|oslava|party|párty|pátého května|piňata|piñata|sladkosti|slavit|svátek
🪩|disco|diskokoule|diskotéka|mirrorball|odraz|party|párty|tanec|třpytky|zrcadlit|zrcadlová koule
🪆|bábulka|babuška|bábuška|hračka|matrjoška|panenka|ruská|rusko|skládací
♟️|figurka|pěšák|pěšec|pión|šachy
🃏|divoká|hraní|joker|karta|karty|žolík
🀄|červená|červený drak v mahjongu|hra|madžong|mah-jong|mahjong
🎴|herní karty s květinami|hrací karty s květinami|hraní|japonský|karta|květina
🎭|divadelní|divadlo|herečka|herectví|hra|komedie|maska|múzická umění|povolání|práce|představení|scénická umění|shakespeare|tragédie|umění|zábava
🖼️|malba|malířství|malování|muzeum|obraz s rámem|obraz v rámu|rám|umění|zarámovaný obraz
🎨|barevný|barvy|kreativní|malířka|malířská paleta|malířství|malování|muzeum|paleta|pestrý|tvořivý|umělecký|umění|zábava
🧵|bavlnka|cívka nití|jehla|motouz|nit|příze|provázek|šít|šitíčko|šňůrka|špulka|vlákno
🪡|jehla|krejčí|krejčovina|šicí jehla|šít|šití|stehy|švadlena|švy|vyšívání|výšivka|zašívat
🧶|háčkování|háčkovat|klubíčko|klubko|plést|pletení|příze|vlna
🪢|lano|provaz|smyčka|šňůra|suk|úvaz|uvázat|uzel|zamotaný|zapletený|zauzlovat|zavázat
👓|brýle|dioptrie|oblečení|obroučky|oči|oko|skla
🕶️|brýle|obroučky|oči|oko|skla|sluneční brýle|tmavé
🥽|akvalung|ochrana očí|ochranné brýle|plavání|plavecké brýle|potápěčské brýle|potápění|svářečské brýle|svařování|svařovat
🥼|bílý plášť|doktorka|experiment|laboratorní plášť|lékařka|oblečení|oděv|plášť|pokus|vědec|vědkyně
🦺|bezpečí|bezpečnostní vesta|nouze|nouzová situace|reflexní|vesta|viditelný|výstražná
👔|košile|kravata|oblečení|oděv|seriózní|zaměstnaný
👕|košile|ležérní|límeček|modrá|nákupy|oblečení|oblečený|tričko|triko|víkend|volný čas
👖|džíny|gatě|kalhoty|modrá|nákupy|oblečení|oděv|rifle|víkend|volný čas
🧣|chladno|krk|šála|šátek|teplé oblečení|zachumlat se|zelený|zima
🧤|modrá rukavice|rukavice
🧥|brr|bunda|chladno|kabát|péřovka|teplé oblečení|zima|zimní bunda
🧦|oblečení|pár ponožek|ponožky|punčochy
👗|nákupy|oblečení|oděv|plesové|šaty|slavnostní|společenské šaty|taneční|večerní
👘|japonsko|kimono|oblečení|pohodlný|yukata
🥻|dlouhé šaty|oblečení|oděv|sárí|šaty
🩱|dámské plavky|jednodílné plavky|oblečení|oděv|růžové plavky|vínově červená
🩲|jednodílné|kalhotky|oblečení|oděv|pánské plavky|plavky|slipy|spodky|spodní prádlo
🩳|jednodílné|kraťasy|krátké kalhoty|oblečení|oděv|plavky|šortky|spodky|trenýrky|zelený
👙|bazén|bikiny|koupání|moře|oblečení|oceán|oděv|plavání|plavat|plavky|pláž
👚|blůza|dámská blůza|dámské oblečení|halenka|límeček|nákupy|oblečení|růžová|tričko|triko|žena|ženské šaty
🪭|dusno|horko|ochladit|ochlazení|ovívat|stydlivý|tanec|vějíř
👛|kabelka|mince|móda|nákupy|oblečení|peněženka na drobné|peníze
👜|doplňky|kabelka|nakupovat|nákupy|oblečení|oděv|outfit|taška|zavazadlo
👝|doplněk|kabelka|kosmetická taška|oblečení|oděv|taška|vak|zavazadlo
🛍️|dárková taška|hotel|nákupní tašky|nakupování|nakupovat|nákupy|taška|zavazadlo
🎒|aktovka|batoh|batůžek|ruksak|škola|školní batoh|taška|učebnice|učení|vzdělání|zavazadlo
🩴|bota|flipflop|letní|obuv|pláž|sandále|sandály|vietnamky|žabka|žabky
👞|bota|hnědá|kopat|mužský|nákupy|noha|nohy|oblečení|obuv|oděv|pánská bota|polobotka
👟|atletika|běžecká bota|botaska|kopat|nákupy|oblečení|obuv|rychle|sport|teniska|tretra
🥾|bota|hnědá bota|kanada|kempování|obuv|pěší túra|pohorka|příroda|stanování|táboření|trampovat|túra|turistika|výlet|výšlap
🥿|balerinka|balerínky|baleríny|baletní bota|bez podpatků|bota na balet|bota s rovnou podrážkou|nazouvací|nízká bota|piškotka|plochá bota|plochá obuv|pohodlí|pohodlné|střevíc|střevíček bez podpatku
👠|bota na podpatku|dámský|jehlový podpatek|lodička|móda|nákupy|oblečení|obuv|oděv|podpatek|vysoké podpatky|žena
👡|bota|dámský sandál|oblečení|podpatky|sandál|střevíc|střevíček|žena
🩰|balerína|baletka|baletní piškoty|baletní špičky|baletní střevíce|tančit|tanec|taneční střevíce
👢|bota|dámská kozačka|kozačka|nákupy|oblečení|obuv|oděv|žena
🪮|afro|česat|hřeben na kudrnaté vlasy|kudrlinky|kudrny|vlasy
👑|koruna|korunka|královna|královský|oblečení|oděv|panovnice|panovník|šlechta|středověk|vyhrát|zvítězit
👒|dámský klobouk|derby|doplněk|dostihy|klobouk|léto|móda|oblečení|slamák|zahradní párty|žena
🎩|abraham lincoln|buřinka|cylindr|formální|klobouk|kouzelnický klobouk|kouzelník|oblečení|oděv|pan tau|pokrývka hlavy
🎓|absolvent|akademik|čapka se střapcem|klobouk|oblečení|oslava|pokrývka hlavy|promoce|promoční čepice|promoční čepička|student|studium|univerzita|univerzitní čapka|vědec|vzdělání
🧢|baseballová čepice|čepice s kšiltem|flexa|kšiltovka|oblečení
🪖|armáda|bojovník|helma|přilba|válka|voják|vojenská
⛑️|čepice|helma s křížem|helma záchranáře|kříž|pomoc|přilba|smajlík|tvář|výraz|záchrana|záchranářská helma|záchranná služba
📿|doplněk|korálky|modlitba|modlitební|náboženství|náhrdelník|oblečení|oděv|růženec
💄|kosmetika|líčení|make-up|makeup|mejkap|rande|rtěnka|růž|šminky
💍|briliant|diamant|požádat o ruku|prsten|prstýnek|romantika|svatba|třpytivý|vdavky|zářivý|zasnoubit se|zásnubní prsten|zásnuby
💎|briliant|diamant|drahokam|drahý kámen|klenot|peníze|romantika|šperk|svatba|zasnoubení|zásnuby
🔇|hlasitost|potichu|reproduktor|tichý|vypnutý reproduktor|ztlumený|zvuk
🔈|hlasitost|mírný|nízká hlasitost|potichu|reproduktor s nízkou hlasitostí|tichý|tiše hrající reproduktor|tlumený|zvuk
🔉|hlasitost|hlasitý|reproduktor|středně|střední|tlampač|zvuk
🔊|hlasitost|hlasitý|hudba|nahlas|reproduktor|zvuk
📢|amplion|hlášení|hlasitý|komunikace|reproduktor|rozhlas|sdělení|tlampač|veřejné|veřejný|zvuk
📣|fandění|fandit|megafon|povzbuzování|povzbuzovat|proslov|řečnění|řečník|tlampač|volání|zvuk
📯|hudba|polnice|pošta|postiliónský|poštovní|roh|trubka
🔔|cinkat|kostel|pauza|přestávka|zvonek|zvonit|zvuk
🔕|ne|přeškrtnutý zvonek|tichý|vypnout zvuk|zákaz|zakázáno|zltumení|ztlumení|ztlumit|zvon|zvuk
🎼|houslový klíč|hudba|notová osnova|notový|noty|partitura|zápis
🎵|hudba|nota|notový zápis|noty|osminové noty|zvuk
🎶|hudba|nota|notový zápis|noty|osminové noty|tón|zvuk
🎙️|hudba|mikrofon|podcast|studiový mikrofon|zvuk
🎚️|fader|hlasitost|hudba|intenzita|jezdec|posuvník|posuvný ovladač hlasitosti|potenciometr|úroveň
🎛️|hudba|knoflíky|otočný|ovládací knoflíky|ovládání|potenciometr|zvuk
🎤|hudba|karaoke|mikrofon|zpěvačka|zpěvák|zpívat|zvuk
🎧|hudba|poslouchat|sluchátka|zvuk
📻|hudba|muzika|rádio|radiopřijímač|retro|rozhlas|tranzistorové|zábava|zvuk
🎷|dechový|hudba|hudební nástroj|nástroj|saxofon|tón|žestě|žesťový
🎺|dechový|hudba|hudební nástroj|nástroj|trubka|trumpeta|žestě|žesťový
🪊|hudba|jazz|nástroj|posouvání|smutná|žesťové|žesťový
🪗|akordeon|dršťky|harmonika|hudba|hudební|klávesy|koncertina|muzika|nástroj|tahací|zednické piano
🎸|elektrická kytara|fender|hudba|hudební nástroj|kytara|nástroj|stratocaster
🎹|hrát|hudba|hudební nástroj|klávesy|klaviatura|klavír|nástroj|piano|zvuk
🎻|housle|hudba|hudební nástroj|nástroj|skřipky|smyčec|stradivárky
🪕|banjo|bendžo|brnkat|hudba|hudební|nástroj|strunný
🥁|bubenické|bubnovat|hudba|hudební nástroj|paličky
🪘|buben|bubínek|bubnování|conga|congo|hudba|hudební|konga|kongo|nástroj|perkuse|protáhlý buben|rytmus
🪇|chrastítko|hudba|maracas|nástroj|perkuse|rumbakoule
🪈|dechový nástroj|flétna|hudba|pikola|píšťala|zobcová flétna
🪉|amor|harfa|hudba|láska|nástroj|orchestr
📱|komunikace|mobilní|smartphone|telefon
📲|hovor|komunikace|mobil se šipkou|mobilní|příjem|přijmout|šipka|telefon|volání
☎️|červená|číselník|sluchátko|telefonovat|volat
📞|komunikace|mikrotelefon|sluchátko telefonu|telefonát|telefonní sluchátko
📟|komunikace|pager|pejdžr
📠|faxovat|komunikace|telefax
🔋|akumulátor|baterie|baterka|nabíjet|zelená
🪫|baterka|elektrická|elektřina|elektronika|málo energie|slabá baterie|vybitá|vybitý|vyčerpaný
🔌|elektrická zástrčka|elektrický|elektřina|přípojka|síťová|vidlice|zástrčka
💻|kancelář|laptop|notebook|osobní|pc|počítač
🖥️|desktop|monitor|osobní|pc|počítač|stolní
🖨️|počítač|tiskárna|tisknout|vytisknout
🖱️|myš|počítačová myš
🖲️|kulový ovladač|počítač|trackball|trekbol
💽|cd|cédéčko|disk|hudba|minidisk|optické|optický|počítač
💾|disketa|počítač|pružný disk|retro
💿|bd|blu-ray|blue-ray|cd|cédéčko|disk|dvd|holografický|optické|optický|počítač
📀|bd|blu-ray|blue-ray|cd|cédéčko|disk|dvd|holografický|optické|optický|počítač
🧮|abakus|barevný|kalkulačka|korálky|počitadlo|počítadlo|počítání|počítat|počty|prvňák|první třída
🎥|bollywood|filmová|hollywood|kamera|kino|natáčení|natočit|záznam
🎞️|biograf|filmová okénka|filmová páska|filmový pás|kinematografie|kino|okénka filmu|políčka|surovina
📽️|filmová promítačka|filmový projektor|kinoprojektor|projektor|promítací stroj|promítačka|video
🎬|akce|filmová klapka|klapka|natáčení
📺|obrazovka|přijímač|retro|televize|televizní|televizor|telka|tv|video
📷|aparát|foťák|fotit|fotka|fotoaparát|fotografický|instagram|kamera|momentka|retro|selfíčko|selfie|snímek|video|výlet
📸|aparát|blesk|foťák|fotoaparát s bleskem|fotografický|video
📹|kamera|retro|videokamera
📼|kazeta|pásek|páska|retro|vhs|videokazeta
🔍|hledání|laboratoř|lupa nakloněná doleva|lupa směřující vlevo|nářadí|nástroj|sklo|věda|zvětšení|zvětšovací|zvětšování
🔎|čočka|hledání|laboratoř|lupa nakloněná doprava|lupa směřující vpravo|nářadí|nástroj|sklo|věda|zkoumat|zvětšení|zvětšovací|zvětšování
🕯️|oheň|plamen|plamínek|romantika|světlo|svícen|svíčka
💡|baňka|elektrická|elektrický|elektřina|komiks|nápad|rozsvítit|světlo|žárovka
🔦|baterka|elektrický|nářadí|nástroj|světlo|svítilna
🏮|červená papírová lucerna|červený lampion|japonská|japonský|lampion|lucerna|restaurace|světlo|svítilna|svítit
🪔|diya|indická olejová lampa|indie|lampa|olejová lampa|orientální lampa
📔|blok|desky|kniha|notes|notýsek|obal|obálka|ozdobné|ozdobný zápisník|poznámkový|přebal|psát|sešit|škola|učení|výuka|vzdělání|zápisník|zdobené
📕|červená kniha|kniha|škola|učebnice|učení|výuka|vzdělání|zavřená kniha|zavřený
📖|číst|čtení|fantasy|kniha|knížka|otevřená kniha|otevřený|učení|vědomosti|vzdělání
📗|číst|čtení|fantasy|kniha|knihovna|knížka|učení|vzdělání|zelená
📘|čtení|fantasy|kniha|knihovna|modrá|učení|vzdělání
📙|číst|čtení|fantasy|kniha|knihovna|knížka|oranžová|učení|vzdělání
📚|beletrie|čtení|fantasy|kniha|knihovna|knihy|pohádka|romány|škola|učení|vědomosti|vzdělání
📓|deníček|deník|diář|notes|poznámkový blok|psát|sešit|zápisník
📒|blok|poznámky|psát|sešit|skicák|účetní kniha|zápisník|zapsat
📃|číst|dokument|dopis|list papíru|ohnutá|srolovaný papír|stočená|stránka|svinutá|svitek|zkroucená stránka
📜|listina|papír|papyrus|pergamen|svitek
📄|dokument|list|papír|strana|stránka lícem nahoru
📰|číst|deník|informace|komunikace|novinky|noviny|papír|tisk|zpravodajství|zprávy
🗞️|čtení|noviny|papír|srolované|stočené|tisk|zprávy
📑|ouška|ouško|papíry s poznámkami|poznámky|stránky se záložkami|záložka|značka
🔖|karta|označení|poznačit|záložka|značka
🏷️|cedulka|cenovka|jmenovka|štítek|visačka
🪙|bohatý|dolar|euro|kov|mince|peníze|poklad|prachy|stříbro|zlato
💰|banka|boháč|bohatý|cash|cena|dolary|hotovost|měšec|milion|peněz|peníze|platit|poklad|pytel|sázka|skrblík|váček|vak|vyhrát|zlato
🪎|bohatství|cena|cennosti|drahokam|klenoty|lup|odměna|peníze|šperky|stříbro|zlato
💴|banka|bankovka|čína|hotovost|jenová bankovka|měna|peníze|yen
💵|banka|bankovka|dolarová bankovka|měna|peníze
💶|100|banka|bankovka|bohatý|eurobankovka|eurová|evropa|hotovost|měna|peníze
💷|banka|bankovka|hotovost|libra|librová bankovka|měna|peníze
💸|banka|bankovka|cash|dolar|hotovost|keš|křídla|létající|letět|milion|milión|okřídlené peníze|peníze|platit
💳|banka|hotovost|karta|kreditka|kreditní|peníze|platební karta|platit|účet|uhradit|úvěrová karta|zaplatit
🧾|doklad|důkaz|faktura|potvrzení|stvrzenka|účetní|účetnictví|účtenka|účty
💹|banka|graf|japonský jen|jen|měna|nahoru|peníze|rostoucí graf se znakem jenu|rostoucí trend|růst|trend|trh|vzestupný graf se znakem jenu
📧|dopis|e-mail|elektronická pošta|email|odeslat|poslat|pošta|zásilka|zpráva
📨|dopis|doručená|doručený|dostat|e-mail|elektronická pošta|email|obálka|odeslaný|pošta|příchozí|přijmout|psaní|schránka|zpráva
📩|dolů|dopis|e-mail|email|k odeslání|komunikace|obálka s šipkou|obálka se šipkou|odchozí|odeslaná|odesláno|pošta|šipka|zpráva
📤|dopis|e-mail|email|krabice|odchozí|odeslaná pošta|pošta|poštovní|přihrádka na odchozí poštu|přihrádka s odchozí poštou|schránka
📥|dopis|doručená|dostat|e-mail|email|inbox|krabice|obálka|obdržet|pošta|poštu|prázdný|příchozí|přihrádka|přijmout|schránka|zero|zpráva
📦|balíček|balík|balné|doručení|komunikace|krabice|poštovné|zásilka
📫|doručená pošta|komunikace|pošta|poštovní schránka|schránka|zavřená schránka s praporkem nahoře|zavřená schránka se vztyčenou vlajkou|zavřený
📪|pošta|poštovní schránka|schránka|sklopený|spuštěný|svěšený|zavřená schránka s praporkem dole|zavřená stránka se svěšenou vlajkou|zavřený
📬|doručená pošta|otevřená schránka s praporkem nahoře|otevřená schránka se vztyčenou vlajkou|otevřený|pošta|poštovní schránka|schránka
📭|otevřená schránka s praporkem dole|otevřená schránka se svěšenou vlajkou|otevřený|pošta|poštovní schránka|prázdný|schránka|sklopený|spuštěný|svěšený
📮|pošta|poštovní schránka|schránka
🗳️|hlasování|krabice|lístek|schránka|urna s volebním lístkem|volby|volební urna s volebním lístkem|volit
✏️|kreslit|obyčejná tužka|psát|skica|tužka
🖋️|atrament|hrot|inkoust|pero|plnicí
🖊️|kuličkové|pero|propiska|psaní|psát
🖌️|malba|malířství|malování|štětec|umění
🖍️|barevná tužka|červená barva|fixa|kreslit|křída|omalovánky|pastelka|voskovka|vybarvovat
📝|komunikace|lístek se vzkazem|média|poznámka|tužka|vzkaz|zápis
💼|aktovka|kancelář|kufřík|práce
📁|dokumenty|složka
📂|desky|dokumenty|otevřená složka|otevřený|složka|založit
🗂️|index|jmenovka|karta|kartotéka|katalog|oddělovače|oddíl|rejstřík|složka
📅|17|čas|červenec|datum|kalendář
📆|17|červenec|datum|kalendář|trhací kalendář
🗒️|blok|kroužková vazba|kroužkový zápisník|kroužky|poznámka|poznámkový blok|poznámky|psaní|spirálový|zápisky
🗓️|blok|čas|datum|kalendář|kroužkový kalendář|kroužky|spirálový
📇|index|karta|kartotéka|osobní karta|otočný|registr|rejstřík|retro|vizitka|vizitkovník
📈|data|graf|nahoru|rostoucí graf|růst|trend|vývoj|vzestupný
📉|data|dolů|graf|klesající|negativní|pokles|sestupný|trend|vývoj
📊|data|diagram|graf|sloupcový graf|sloupec|údaje
📋|deska|dokumenty|klip|podložka|poznámky|psací podložka|seznam úkolů
📌|koláž|napínáček|pin|připíchnout|připínáček|připnout|přišpendlit|špendlík
📍|kulatý připínáček|lokace|mapa|místo|napínáček|pin|poloha|připínáček|připnout|špendlík
📎|kancelářská sponka|papír|sponka na papír|svorka
🖇️|článek|kancelářská svorka|kancelářské sponky|papír|propojené sponky|řetěz|spojené kancelářské sponky|spojení|sponky na papír|svorka
📏|délka|dlouhé|geometrie|matematika|měřit|pravítko|rovné pravítko|úhel
📐|logaritmické pravítko|matematika|pravítko|pravouhlý|pravý|sada|trojúhelníkové pravítko|úhel
🗃️|karta|krabice s kartotékou|složka|spis
🗄️|archivace|kartotéka|pořadač|šanon|skříň na spisy|spis|šuplík
🗑️|koš na papír|odpadkový koš|odpadky|smetí
🔒|soukromý|visací|zamčeno|zamčený|zámek|zamknuto|zamknutý zámek|zavřeno|zavřený
🔓|odemčeno|odemčený|odemknout|odemknuto|odemknutý zámek|otevřeno|otevřený|otevřít|visací|zámek
🔏|hrot|inkoust|listové tajemství|pero|soukromí|soukromý|tajné|utajení|zámek a pero|zamknutý zámek s plnicím perem
🔐|bezpečný|klíč|visací zámek|zabezpečení|zamčený|zámeček|zámek na kolo|zamknutý zámek s klíčem|zavřený
🔑|heslo|klíč|odemknout|zámek|zamknout
🗝️|dózický|indicie|klíč|nápověda|starodávný klíč|starý|stopa|vodítko|zámek
🔨|domácí kutil|kladívko|kladivo|kutil|kutit|nářadí|nástroj|opravit
🪓|dřevo|dříví|polena|sekání|sekat|sekera|sekerka|sekyra|sekyrka|štípání|štípat|tít
⛏️|bušit|dolování|důl|hornictví|horník|krumpáč|nářadí|nástroj|práce|těžba
🛠️|francouzský klíč|hasák|kladivo a hasák|kladivo a maticový klíč|klíč|montážní|nářadí|nástroj|opravář|povolání|práce|řemeslo
🗡️|dýka|meč|nůž|rytíř|zbraň
💣|bomba|bum|exploze|komiksový|nebezpečný|obrázek|výbuch|výbušný
🪃|austrálie|bumerang|domorodec|lov|náčiní|návrat|odraz|zbraň
🏹|horoskop|lučištník|luk a šíp|lukostřelba|lukostřelec|nástroj|šíp|sport|střelec|výzbroj|zbraň|znamení střelce|zvěrokruh
🛡️|brnění|erb|rytíř|štít|zbraň|zbroj
🪚|dřevo|nářadí|nástroj|ocaska|pila|pilka|řezat|ruční|truhlář|uříznout
🔧|diy|francouzský klíč|hasák|klíč|kutil|kutit|maticový klíč|montážní|nářadí|nástroj|udělej si sám
🪛|náčiní|nářadí|nástroj|šroubovák|šroubovat
🔩|domácí kutil|kutil|kutit|matice|nářadí|nástroj|šroub a matice
🗜️|komprese|nářadí|nástroj|sevřít|slisovat|svěrák|svěrka|svorka|tlak
🦯|handicap|hendikep|nevidomý|pomůcka|postižení|slabozraký|slepecká hůl|slepota|slepý|usnadnění|zpřístupnění
🔗|článek řetězu|články řetězu|odkaz|propojit|řetěz|spojení|spojený|spojovat
⛓️‍💥|pouta|přerušit|přetrhnout|přetržený řetěz|řetěz|rozbít|svoboda
⛓️|řetězec|řetězy|řetízek|spojit|železný
🪝|chytit|háček|hák|lovit|nářadí|polapit|zahnutý
🧰|bedna na nářadí|bedýnka|box na nářadí|francouzský klíč|hasák|kleště|krabice|mechanik|nářadí|nástroje|opravář|opravit|souprava nářadí|štípačky
🧲|kladný|magnetické pole|magnetický|odpuzovat|podkova|přitahovat|přitažlivost|ve tvaru písmene u|záporný
🪜|lezení|nářadí|příčka|schod|schůdky|šplhat|šprušel|žebřík
🪏|jáma|kopat|lopata|rostlina|rýč|sníh|zahrabat|zahrada
🧪|chemička|chemie|chemik|experiment|kapalina|kyselina|laboratoř|pokus|věda|žíravina|zkumavka
🧫|bakterie|biologie|bioložka|buněčná kultura|chemie|experiment|kapátko|kultivovat|laboratoř|petriho miska|pokusy|věda
🧬|biologie člověka|bioložka|deoxyribonukleová kyselina|dna|evoluce|genetická informace|genetika|šroubovice|život
🔬|experiment|laboratoř|mikroskop|nástroj|pokus|věda|vědecký|výzkum|zvětšení
🔭|astronomie|dalekohled|e. t.|hvězdářský|kontakt|nástroj|refraktor|teleskop|věda|vědecký
📡|anténa|družice|kontakt|parabolická anténa|satelitní anténa|talíř|věda
💉|dávka|doktor|injekce|injekční stříkačka|jehla|lékař|nástroj|nemocný|očkování proti chřipce|očkovat|prevence|stříkačka|vakcína
🩸|dárcovství krve|darování krve|darovat krev|kapka krve|krev|krvácet|lékařství|medicína|menstruace|teče krev|zranění
💊|antibiotikum|doktor|léčivo|lékař|medicína|nemocný|pilulka|prášek|tableta|tabletka|vitamin|vitamín
🩹|bandáž|leukoplast|náplast|obvaz|ošetření|poranění|ranka|zranění
🩼|berla|berle|berlička|hůl|invalidní|opora|podpora mobility|postižení|zdravotní pomůcka|zranění
🩺|doktor|fonendoskop|lékařství|medicína|srdce|stetoskop|tlukot srdce|vyšetření
🩻|doktor|hrudní koš|kosti|kostlivec|kostra|lékař|medicína|rentgen|skelet|sternum|vyšetření|zdravotnictví|žebra
🚪|dveře|dvířka|skříň|vchodové dveře|zadní dveře|zadní vrátka
🛗|přístup|stroj|usnadnění|vyjet|výtah|zdvihat|zdviž
🪞|kosmetické|líčení|makeup|malovat se|nábytek|obraz|odlesk|odraz|zrcadlo|zrcátko
🪟|čerstvý vzduch|nábytek|okno|otvor|průhledný|rám|sklo|výhled
🛏️|doma|hotel|peřina|polštář|postel|spánek
🛋️|divan|domov|gauč a lampa|hotel|lampa|pohodlí|pohovka
🪑|dřevěný|posadit se|posezení|sedačka|sedadlo|sedátko|sedět|sednout|sezení|stolička|židle
🚽|klozet|mísa|toaleta|toaletní mísa|wc|záchodové prkénko
🪠|instalatér|nářadí|odpad|podtlak|toaleta|ucpaný|záchod|zvon na wc
🚿|čistota|čistý|koupelna|sprcha|sprchovat se|umýt se|voda
🛁|bublinky|koupelna|lázeň|sprcha|vana|voda
🪤|chytit|nástraha|návnada|pastička na myši|sýr
🪒|břitva|depilace|holení|holicí strojek|holit|oholit|ostrý|žiletka
🧴|gel|hydratační krém|kondicionér|krém|láhev na kosmetiku|lahvička|opalovací|pleťová voda|pleťový|šampon|sprchový gel
🧷|pankáč|plenky|pleny|připnout|přišpendlit|punk|sichrhajcka|šitíčko|spínací špendlík|zavírací špendlík
🧹|čarodějka|čarodějnice|ježibaba|koště|kouzelnice|pometlo|smeták|smýčit|úklid|uklízení|uklízet|zametání|zametat
🧺|koš na prádlo|košík|nůše|piknik|prádlo|proutěný|proutí
🧻|papírové ručníky|papírové utěrky|role papíru|rolička|toaleťák|toaletní papír
🪣|domácí potřeby|džber|kbelík|kýbl|kyblík|náčiní|úklidové potřeby|vědro
🧼|čistit|čistý|kostka|koupat se|koupel|miska na mýdlo|mydlení|mydliny|mydlit|mýdlo|mýt se|mytí|namydlit|pěnit|sprchovat se|umývat se
🫧|bubliny|čisté|čistota|krknutí|mydliny|mýdlo|mýt|mytí|perleťový|perly|pod vodou|říhnutí|umývání
🪥|čistit|dentální|hygiena|hygienická potřeba|kartáček|kosmetická|koupelna|zubní|zuby
🧽|čistit|houba|houbička|koupelová|mycí houba|mýt|mytí|namočit|nasáknout|porézní|savá|savý|umývat
🧯|hašení|hasicí přístroj|hasit|oheň|požár|uhasit
🛒|košík|nákupní|nakupování|nakupovat|nákupy|vozík
🚬|cigareta|cigáro|dým|kouření|kouřit|tabák|zapálit si
⚰️|mrtvý|pohřeb|rakev|smrt|truhla|upír|vampýr|zesnulý
🪦|hřbitov|hrob|kámen|náhrobek|náhrobní|odpočívej v pokoji|památka|pomník|věčná
⚱️|ostatky|pohřební urna|popel|smrt|smuteční obřad|urna|zesnulý|zpopelnit
🧿|amulet|boncuk|korálek|modré oko|modrobílé oko|modrý|nazar|ozdoba|přívěsek|talisman|uhranutí|zlý pohled
🪬|amulet|fátima|fátimina|fátimy|gesto ochrany|hamsa|marie|ochrana před zlým pohledem|ruka|uhranutí
🗿|cestování|kámen|kamenná tvář|kamenný výraz|moai|moyai|obličej|smajlík|socha|tvář|velikonoční ostrovy|výraz
🪧|cedule|demonstrace|oznámení|poutač|protest|transparent|vyhláška|značka
🪪|doklad totožnosti|identifikace|kartička|legitimace|licence|občanka|občanský průkaz|osobní doklad|osobní údaje|průkazka|řidičák|řidičský průkaz|totožnost|zabezpečení
🏧|atm|automat|banka|bankomat|hotovost|karta|peníze|vybrat|značka atm|značka bankomatu
🚮|koš|odpadkový koš|odpadky|smetí|značka odpadkového koše
🚰|kohoutek|nápoj|pití|pitná|voda|vodovod|značka pitné vody
♿|bezbariérový|hendikep|invalidní vozík|invalidy|kolečkové křeslo|přístup|symbol invalidního vozíku|vozík|zpřístupnění
🚹|muž|pánská toaleta|pánské toalety|toaleta|wc|záchod
🚺|dámská toaleta|dámské toalety|dámy|toaleta|wc|záchod|žena
🚻|toaleta|toalety|unisex|wc|záchod
🚼|dítě|miminko|přebalení|přebalit|přebalovací místnost|přebalovat|symbol dítěte|značka dítěte
🚾|toaleta|voda|wc|záchod
🛂|kontrola|pasová kontrola
🛃|balení|celní kontrola|celnice|clo|deklarovat|kufr|proclít|zákon|zavazadla|zboží
🛄|balit|cesta|cestování|kufr|letadlo|odbavení|příjezd|přílet|sbaleno|výdej zavazadel|výlet|zavazadlo
🛅|kufr|odložení|skříňka|skříňky|úschova|úschovna zavazadel|zámek|zavazadla|zavazadlo
⚠️|!|pozor|upozornění|varování|varovný|výkřičník|výstraha
🚸|chodci|chodec|děti|dítě|doprava|dopravní|pěší|pozor, děti|přechod pro děti|provoz|značka
⛔|doprava|dopravní|nevstupovat|vjezdu|vozidel|vstupu|zákaz vjezdu v jednom směru|zakázáno|značka
🚫|ne|vstup|zákaz vstupu|zakázáno
🚳|doprava|jízdní kolo|kolo|ne|vozidlo|zákaz jízdních kol|zákaz kol|zákaz vjezdu cyklistů|zakázáno
🚭|kouření|nekouřit|zákaz|zakázáno
🚯|neodhazujte odpadky|odpadky|smetí|zákaz odhazování odpadků|zakázáno
🚱|kohoutek|nápoj|nepitná voda|nevhodná|pití|sucho|voda není pitná|zákaz|zakázáno
🚷|chodci|chodec|ne|pěší|průchod|vstup zakázán|zákaz vstupu chodců|zakázáno
📵|mobilní|ne|telefonování|zákaz mobilních telefonů|zákaz používání mobilních telefonů|zakázáno
🔞|18|nedostatečný věk|nezletilost|nezletilým|omezení|osmnáct|věková hranice|věkové omezení|zákaz pro mladší osmnácti let|zákaz vstupu osobám mladším 18 let|zakázáno
⬆️|hlavní|klávesa|nahoru|sever|šipka|směr|strany|světové|ukazatel
➡️|doprava|hlavní|šipka vpravo|směr|strany|světové|východ
⬇️|dolů|hlavní|jih|klávesa|šipka|směr|strany|světové|ukazatel
⬅️|doleva|hlavní|klávesa|šipka vlevo|směr|strany|světové|ukazatel|západ
↩️|obrat o 180 stupňů|otočka|šipka doprava stáčející se doleva|šipka vpravo zatáčející doleva
↪️|obrat o 180 stupňů|otočka|šipka doleva stáčející se doprava|šipka vlevo zatáčející doprava
🔃|aktualizovat|doprava|hodin|načíst|načtení|nové|obnovit|opětovné|ručiček|šipka|směru|svislé šipky ve směru hodinových ručiček|ve směru hodinových ručiček|vertikální šipky ve směru hodinových ručiček|znovu
🔄|deja vu|dejavu|doleva|hodin|obnovit|proti směru hodinových ručiček|ručiček|šipka|šipky proti směru hodinových ručiček|směru|tlačítko šipek proti směru hodinových ručiček|znova|znovu
🔙|back|nazpátek|nazpět|šipka|zpátky|zpět
🔚|end|konec|šipka s nápisem end
🔛|kupředu|šipka|šipky s nápisem on!|vpřed|značka
🔜|brb|brzy|hned jsem zpátky|jsem na cestě|šipka s nápisem soon|šipka soon|už běžím
🔝|nahoru|nejlepší|neklopit|šipka s nápisem top|top|vzhůru|začátek
🛐|modlit se|modlitba|modlitebna|náboženství|svatostánek|víra
⚛️|ateismus|ateista|atom|symbol atomu
🕉️|hinduismus|náboženství|óm|víra
☯️|celek|jang|jin a jang|náboženství|taoismus
✝️|katolický kříž|křesťanský|křesťanství|kristus|kříž|latinský kířž|latinský kříž|náboženství|římský kříž
☪️|hvězda a půlměsíc|islámský|muslimský|náboženství|ramadán
☮️|hipík|hippies|mír|symbol míru
🕎|chanuka|judaismus|menora|náboženství|sedmiramenný svícen|svátek světel|svícen|židovský
🔯|davidova hvězda|hexagram|hvězda|judaismus|šesticípá hvězda s bodem uprostřed|šesticípá hvězda s tečkou uprostřed|šťastná|štěstěna|štěstí|židovská hvězda|židovský
🪯|khanda|náboženství|sikhismus
♊|blíženci|blíženec|dvojčata|horoskop|znamení blíženců|zvěrokruh
♋|horoskop|rak|znamení raka|zvěrokruh
♌|horoskop|lev|znamení lva|zvěrokruh
♍|horoskop|panna|znamení panny|zvěrokruh
♎|horoskop|rovnováha|spravedlnost|váha|váhy|znamení vah|zvěrokruh
♏|škorpion|štír|znamení štíra|zvěrokruh
⛎|hadonoš|horoskop|nosič|plaz|zvěrokruh
🔀|náhodně|shuffle|šipka|šipky|tlačítko náhodného přehrávání|tlačítko zamíchání|zamíchat|zkřížené|zkřížení
🔁|dokola|opakovat|po směru hodinových ručiček|šipka|tlačítko opakování|ve směru hodinových ručiček
🔂|jedna|jednou|šipka|skladba|směru hodinových ručiček|stopa|tlačítko jednoho opakování|tlačítko opakování jedné stopy|ve směru hodinových ručiček|zopakovat jednou
▶️|přehrát|šipka|tlačítko přehrávání|trojúhelník|vpravo
⏩|dvojitý|přetočit|převinout|rychle|rychloposuv|šipka|tlačítko převíjení vpřed|vpřed
⏭️|další|následující|přeskočit|scéna|šipka|skladba|stopa|tlačítko další stopy|trojúhelník
⏯️|doprava|pozastavit|přehrát|šipka|tlačítko přehrávání nebo pozastavení|trojúhelník|vpravo
◀️|doleva|opačně|opačného|pozpátku|šipka|tlačítko opačného přehrávání|tlačítko přehrávání pozpátku|trojúhelník|vlevo|zpět
⏪|dvojitý|přetočit|převinout|rychle|rychloposuv|šipka|tlačítko převíjení vzad|vzad|zpět
⏮️|poslední|předcházející|předchozí|scéna|šipka|skladba|stopa|tlačítko předchozí stopy|trojúhelník|zpět
🔼|nahoru|šipka|tlačítko|trojúhelník
⏫|dvojitý|nahoru|šipka|tlačítko rychle nahoru
🔽|dolů|šipka|tlačítko|trojúhelník
⏬|dolů|dvojitý|šipka|tlačítko rychle dolů
⏸️|dvojitý|pauza|pozastavit|pruhy|sloupce|sloupec|svislé|svislý|tlačítko pozastavení|vertikální
⏹️|čtverec|stop|tlačítko zastavení|zastavit
⏺️|kolečko|kroužek|kruh|nahrát|nahrávka|tlačítko nahrávání|záznam|zaznamenat
⏏️|tlačítko vysunutí|vysunout
🎦|film|kamera|kinosál|natáčení|opona|plátno|promítačka|tlačítko kamera
🔅|jas|nízký|slunce|sluníčko|tlačítko ztlumení jasu|tlumený|ztlumit|ztmavení|ztmavit
🔆|jasný|světlo|tlačítko zvýšení jasu|zesvětlení|zesvětlit|zjasnění|zjasnit
📶|anténa|čárky|indikátor síly signálu|komunikace|mobilní|proužky|signál|síla signálu|telefon|ukazatel
🛜|bezdrátové připojení|internet|počítač|síť|wi-fi|wifi
📳|komunikace|mobilní|režim vibrací|telefon|vibrace|vibrační režim|vibrování
📴|mobilní|telefon|vypnuto|vypnutý mobilní telefon
⚧️|symbol pro transgender osoby|transgender
🟰|dvojná vazba|matematika|porovnat|rovná se|rovnítko|rovnost|tučný znak rovnosti|znamená
♾️|bez hranic|nekonečnost|neomezenost|věčnost
‼️|!!|důraz|dvojitý vykřičník|interpunkční znaménka|rozkaz|vykřičník|značka
💱|$|banka|dolar|jen|měna|peníze|směna peněz|směnárna|výměna|yen
💲|dolar|hotovost|měna|miliarda|milion|peníze|platit|velký znak dolaru|znak dolaru
♻️|recyklace|symbol recyklace
⚜️|erb|fleur de lis|heraldická lilie|junák|lilie|rytíř|skaut|symbol|znak
🔱|emblém trojzubce|kotva|loď|nástroj|poseidon|poseidón|trojzubec|zbraň|znak trojzubce
📛|cedulka|jméno|jmenovka|odznáček|odznak
🔰|japonský symbol pro začátečníka|krokev|list|nástroj|pomůcka|začátečník|zelená|žlutá
⭕|červený kruh bez výplně|kolečko|kroužek|kruh|o|velký
❌|×|červený křížek|krát|křížek|násobení|násobit|součin|x|zaškrtnutí|značka|znak křížek|zrušení
❎|×|čtverec|čtvereček|krát|křížek|násobení|násobit|tlačítko s křížkem|x|zelený čtverec s bílým křížkem|značka s bílým křížkem|znak
➰|kadeř|kudrna|lokna|smyčka|spirálka|zatočený
➿|dvojitá|dvojitý|kadeř|kudrlinka|kudrna|smyčka|spirálka
〽️|část|part|symbol|začátek|značka přechodu mezi částmi skladby|značka pro začátek zpěvu v karaoke|znak|zpěvák
🫟|barva|inkoust|kapka|nepořádek|rozlití|skvrna|tekutina
🔠|abcd|abeceda|kapitálky|klávesnice|latinka|písmena|psaní|velká písmena|velká tiskací písmena|vstup|zadávání v latince, velká písmena
🔡|abcd|abeceda|klávesnice|latinka|malá písmena|písmena|psaní|vstup|zadávání v latince, malá písmena
🔢|1234|čísla|číslo|numerická klávesnice|zadávání čísel
🔣|&|%|〒♪&%|klávesnice|psaní|symboly|vstup|zadávání symbolů|znaky|zvláštní znaky
🔤|abcd|abeceda|klávesnice|latinka|písmena|psaní|vstup|zadávání písmen v latince
🅰️|a|červené a|krevní skupina|písmeno a|skupina|štítek a (krevní skupina)|značka
🆎|ab|krevní skupina|skupina|štítek ab (krevní skupina)|značka
🅱️|b|krevní skupina b|skupina|štítek b (krevní skupina)|značka
🆑|clear|štítek cl|tlačítko cl|vymazat|značka
🆒|boží|cool|hustý|štítek cool|super|značka
🆓|bezplatný|free|štítek free|tlačítko zdarma|volný|zadarmo|zdarma|značka
🆔|identita|štítek id|totožnost|značka
Ⓜ️|doprava|kroužek|kruh|m v kroužku|metro|písmeno m v kruhu
🆕|new|nový|štítek new|značka
🆖|ng|no good|štítek ng|značka
🅾️|0|krevní skupina 0|o|skupina|štítek 0 (krevní skupina)|značka
🆗|ok|oukej|štítek ok|značka
🅿️|parking|parkování|parkoviště|štítek p|tlačítko|značka parkování
🆘|morseova abeceda|morseovka|pomoc|sos|štítek sos|tlačítko sos|značka sos
🆙|nahoru|štítek up!|up|značka up!
🆚|proti|štítek vs|tlačítko vs|versus|vs|značka versus
🈁|japonská značka katakana koko|japonský|japonština|katakana|štítek s japonským znakem zde|tady|zde
🈂️|bezplatně|japonská značka katakana sa|japonský|japonština|katakana|manipulační poplatek|poplatek za službu|služba|štítek – japonský znak pozornost podniku|zdarma
🈷️|ideogram|japonský čtvercový ideogram měsíce|japonština|měsíc|měsíčně|měsíční|štítek s japonským znakem měsíc
🈶|ideogram|japonský čtvercový ideogram existence|japonština|majetek|není zdarma|poplatek|štítek s japonským znakem není zdarma|vlastnictví
🈯|ideogram|japonský čtvercový ideogram rezervace|japonština|obsazeno|prst|rezervováno|směr|štítek s japonským znakem rezervováno
🉐|ideogram|japonský kruhový ideogram výhodnosti|japonský kruhový ideogram vyjednávání|japonština|koupě|štítek – japonský znak výhodná koupě|výhodná|výhodnost
🈹|akce|ideogram|japonský čtvercový ideogram slev|japonština|sleva|štítek s japonským znakem sleva|výprodej
🈚|bezplatně|ideogram|japonský čtvercový ideogram bezplatnosti|japonština|negace|štítek s japonským znakem zdarma|zadarmo|zdarma
🈲|ideogram|japonský čtvercový ideogram zákazu|japonština|štítek s japonským znakem zákaz|zákaz|zakázáno
🉑|ideogram|japonský kruhový ideogram přijetí|japonština|přijatelný|příjem|přijetí|štítek s japonským znakem přijatelné
🈸|dotazy|ideogram|japonský čtvercový ideogram žádosti|japonština|kontakt|přihláška|štítek s japonským znakem žádost|žádost
🈴|dohoda|hodnocení|ideogram|japonský čtvercový ideogram jednoty|japonština|prospěl|štítek s japonským znakem prospěl|vyhověl|vyhovující|známka
🈳|ideogram|japonský čtvercový ideogram neobsazenosti|japonština|neobsazenost|neobsazený|prázdný|štítek s japonským znakem volno|volno|volný
🈺|ideogram|japonský čtvercový ideogram otevřenosti|japonština|otevřeno|provozní doba|štítek s japonským znakem otevřeno|v provozu
🈵|ideogram|japonský čtvercový ideogram obsazenosti|japonština|obsazeno|plnost|štítek s japonským znakem obsazeno|žádná volná|žádné volné
🔴|červená|červený kroužek|červený kruh|geometrie|kruh|tvar
🟠|kolečko|kolo|kroužek|kruh|oranžová|oranžové kolečko|oranžový kroužek|oranžový kruh
🟡|kolečko|kolo|kroužek|kruh|žlutá|žluté kolečko|žlutý kroužek|žlutý kruh
🟢|kolečko|kolo|kroužek|kruh|zelená|zelené kolečko|zelený kroužek|zelený kruh
🔵|geometrie|kruh|modrá|modrý kroužek|modrý kruh|tvar
🟣|fialová|fialové kolečko|fialový kroužek|fialový kruh|kolečko|kolo|kroužek|kruh
🟤|hnědá|hnědé kolečko|hnědý kroužek|hnědý kruh|kolečko|kroužek|kruh
⚫|černá|černý kroužek|černý kruh|geometrie|kruh|tvar
⚪|bílá|bílý kroužek|bílý kruh|geometrie|kruh|tvar
🟥|červená|červený čtverec|červený čtvereček|čtverec|čtvereček|zaoblený
🟧|čtverec|čtvereček|oranžová|oranžový čtverec|oranžový čtvereček|zaoblený
🟨|čtverec|čtvereček|zaoblený|žlutá|žlutý čtverec|žlutý čtvereček
🟩|čtverec|čtvereček|zaoblený|zelená|zelený čtverec|zelený čtvereček
🟦|čtverec|čtvereček|modrá|modrý čtverec|modrý čtvereček|zaoblený
🟪|čtverec|čtvereček|fialová|fialový čtverec|fialový čtvereček|zaoblený
🟫|čtverec|čtvereček|hnědá|hnědý čtverec|hnědý čtvereček|zaoblený
⬛|černá|čtverec|geometrie|tvar|velký černý čtverec
⬜|bílá|čtverec|geometrie|tvar|velký bílý čtverec
◼️|černá|čtverec|geometrie|střední černý čtverec|tvar
◻️|bílá|čtverec|geometrie|střední bílý čtverec|tvar
◾|černá|čtverec|geometrie|střední černý čtverec|tvar|větší černý čtvereček
◽|bílá|čtverec|geometrie|střední bílý čtverec|tvar|větší bílý čtvereček
▪️|černá|černý čtvereček|čtverec|geometrie|malý černý čtverec|tvar
▫️|bílá|bílý čtvereček|čtverec|geometrie|malý bílý čtverec|tvar
🔶|geometrie|kosočtverec|oranžová|tvar|velký oranžový kosočtverec
🔷|geometrie|kosočtverec|modrá|tvar|velký modrý kosočtverec
🔸|geometrie|kosočtverec|malý oranžový kosočtverec|oranžová|tvar
🔹|geometrie|kosočtverec|malý modrý kosočtverec|modrá|tvar
🔺|červená|červený trojúhelník mířící nahoru|červený trojúhelník směřující nahoru|geometrie|tvar
🔻|červená|červený trojúhelník mířící dolů|červený trojúhelník směřující dolů|dolů|geometrie|tvar
💠|geometrie|kosočtverec s tečkou|obrázek|tvar|uvnitř
🔘|geometrický|geometrie|knoflík|kruh|kulaté|obrys|přepínač|přepínací|rádio|tlačítko
🔳|bílé čtvercové tlačítko|čtvercové|čtverec|geometrie|obrys|tlačítko|tvar
🔲|černé čtvercové tlačítko|čtvercové|čtverec|geometrie|obrys|tlačítko|tvar
🏁|cíl|finiš|kostkovaná|kostkovaný|nascar|praporek|šachovnice|šachovnicová vlajka|signální|sport|vlajka|vyhrát|závodit|zvítězit
🚩|červená vlajka|golf|pošta|praporek|sloupek|trojúhelníková vlajka|tyč|vlajka
🎌|japonský|kříž|oslava|zkřížené vlajky|zkřížený
🏴|černá vlajka|černý prapor|praporek|smuteční prapor|smutek|vlající|vlajka
🏳️|bílá vlajka|bílý prapor|mír|praporek|příměří|vlající|vlajka|vzdát se
🏳️‍🌈|barvy|bisexuální|duha|duhová vlajka|duhový|gayové|lesba|lesby|lgbtqia|pride|queer|transgender|vlajka
🏳️‍⚧️|bílá|růžová|světle modrá|transgender|vlajka trans hrdosti
🏴‍☠️|hnáty|lebka|pirátská vlajka|poklad
🇦🇩|andorra
🇦🇪|spojené arabské emiráty
🇦🇫|afghánistán
🇦🇬|antigua a barbuda
🇦🇮|anguilla
🇦🇱|albánie
🇦🇲|arménie
🇦🇴|angola
🇦🇶|antarktida
🇦🇷|argentina
🇦🇸|americká samoa
🇦🇹|rakousko
🇦🇺|austrálie
🇦🇼|aruba
🇦🇽|ålandy
🇦🇿|ázerbájdžán
🇧🇦|bosna a hercegovina
🇧🇧|barbados
🇧🇩|bangladéš
🇧🇪|belgie
🇧🇫|burkina faso
🇧🇬|bulharsko
🇧🇭|bahrajn
🇧🇮|burundi
🇧🇯|benin
🇧🇱|svatý bartoloměj
🇧🇲|bermudy
🇧🇳|brunej
🇧🇴|bolívie
🇧🇶|karibské nizozemsko
🇧🇷|brazílie
🇧🇸|bahamy
🇧🇹|bhútán
🇧🇼|botswana
🇧🇾|bělorusko
🇧🇿|belize
🇨🇦|kanada
🇨🇨|kokosové ostrovy
🇨🇩|kongo – kinshasa
🇨🇫|středoafrická republika
🇨🇬|kongo – brazzaville
🇨🇭|švýcarsko
🇨🇮|pobřeží slonoviny
🇨🇰|cookovy ostrovy
🇨🇱|chile
🇨🇲|kamerun
🇨🇳|čína
🇨🇴|kolumbie
🇨🇶|sark
🇨🇷|kostarika
🇨🇺|kuba
🇨🇻|kapverdy
🇨🇼|curaçao
🇨🇽|vánoční ostrov
🇨🇾|kypr
🇨🇿|česko
🇩🇪|německo
🇩🇯|džibutsko
🇩🇰|dánsko
🇩🇲|dominika
🇩🇴|dominikánská republika
🇩🇿|alžírsko
🇪🇨|ekvádor
🇪🇪|estonsko
🇪🇬|egypt
🇪🇭|západní sahara
🇪🇷|eritrea
🇪🇸|španělsko
🇪🇹|etiopie
🇪🇺|evropská unie
🇫🇮|finsko
🇫🇯|fidži
🇫🇰|falklandské ostrovy
🇫🇲|mikronésie
🇫🇴|faerské ostrovy
🇫🇷|francie
🇬🇦|gabon
🇬🇧|spojené království
🇬🇩|grenada
🇬🇪|gruzie
🇬🇫|francouzská guyana
🇬🇬|guernsey
🇬🇭|ghana
🇬🇮|gibraltar
🇬🇱|grónsko
🇬🇲|gambie
🇬🇳|guinea
🇬🇵|guadeloupe
🇬🇶|rovníková guinea
🇬🇷|řecko
🇬🇸|jižní georgie a jižní sandwichovy ostrovy
🇬🇹|guatemala
🇬🇺|guam
🇬🇼|guinea-bissau
🇬🇾|guyana
🇭🇰|hongkong – zao číny
🇭🇳|honduras
🇭🇷|chorvatsko
🇭🇹|haiti
🇭🇺|maďarsko
🇮🇨|kanárské ostrovy
🇮🇩|indonésie
🇮🇪|irsko
🇮🇱|izrael
🇮🇲|ostrov man
🇮🇳|indie
🇮🇴|britské indickooceánské území
🇮🇶|irák
🇮🇷|írán
🇮🇸|island
🇮🇹|itálie
🇯🇪|jersey
🇯🇲|jamajka
🇯🇴|jordánsko
🇯🇵|japonsko
🇰🇪|keňa
🇰🇬|kyrgyzstán
🇰🇭|kambodža
🇰🇮|kiribati
🇰🇲|komory
🇰🇳|svatý kryštof a nevis
🇰🇵|severní korea
🇰🇷|jižní korea
🇰🇼|kuvajt
🇰🇾|kajmanské ostrovy
🇰🇿|kazachstán
🇱🇦|laos
🇱🇧|libanon
🇱🇨|svatá lucie
🇱🇮|lichtenštejnsko
🇱🇰|srí lanka
🇱🇷|libérie
🇱🇸|lesotho
🇱🇹|litva
🇱🇺|lucembursko
🇱🇻|lotyšsko
🇱🇾|libye
🇲🇦|maroko
🇲🇨|monako
🇲🇩|moldavsko
🇲🇪|černá hora
🇲🇬|madagaskar
🇲🇭|marshallovy ostrovy
🇲🇰|severní makedonie
🇲🇱|mali
🇲🇲|myanmar (barma)
🇲🇳|mongolsko
🇲🇴|macao – zao číny
🇲🇵|severní mariany
🇲🇶|martinik
🇲🇷|mauritánie
🇲🇸|montserrat
🇲🇹|malta
🇲🇺|mauricius
🇲🇻|maledivy
🇲🇼|malawi
🇲🇽|mexiko
🇲🇾|malajsie
🇲🇿|mosambik
🇳🇦|namibie
🇳🇨|nová kaledonie
🇳🇪|niger
🇳🇫|norfolk
🇳🇬|nigérie
🇳🇮|nikaragua
🇳🇱|nizozemsko
🇳🇴|norsko
🇳🇵|nepál
🇳🇷|nauru
🇳🇺|niue
🇳🇿|nový zéland
🇴🇲|omán
🇵🇦|panama
🇵🇪|peru
🇵🇫|francouzská polynésie
🇵🇬|papua-nová guinea
🇵🇭|filipíny
🇵🇰|pákistán
🇵🇱|polsko
🇵🇲|saint-pierre a miquelon
🇵🇳|pitcairnovy ostrovy
🇵🇷|portoriko
🇵🇸|palestinská území
🇵🇹|portugalsko
🇵🇼|palau
🇵🇾|paraguay
🇶🇦|katar
🇷🇪|réunion
🇷🇴|rumunsko
🇷🇸|srbsko
🇷🇺|rusko
🇷🇼|rwanda
🇸🇦|saúdská arábie
🇸🇧|šalamounovy ostrovy
🇸🇨|seychely
🇸🇩|súdán
🇸🇪|švédsko
🇸🇬|singapur
🇸🇭|svatá helena
🇸🇮|slovinsko
🇸🇰|slovensko
🇸🇱|sierra leone
🇸🇲|san marino
🇸🇳|senegal
🇸🇴|somálsko
🇸🇷|surinam
🇸🇸|jižní súdán
🇸🇹|svatý tomáš a princův ostrov
🇸🇻|salvador
🇸🇽|svatý martin (nizozemsko)
🇸🇾|sýrie
🇸🇿|eswatini
🇹🇨|turks a caicos
🇹🇩|čad
🇹🇫|francouzská jižní území
🇹🇬|togo
🇹🇭|thajsko
🇹🇯|tádžikistán
🇹🇰|tokelau
🇹🇱|východní timor
🇹🇲|turkmenistán
🇹🇳|tunisko
🇹🇴|tonga
🇹🇷|turecko
🇹🇹|trinidad a tobago
🇹🇻|tuvalu
🇹🇼|tchaj-wan
🇹🇿|tanzanie
🇺🇦|ukrajina
🇺🇬|uganda
🇺🇸|spojené státy
🇺🇾|uruguay
🇺🇿|uzbekistán
🇻🇦|vatikán
🇻🇨|svatý vincenc a grenadiny
🇻🇪|venezuela
🇻🇬|britské panenské ostrovy
🇻🇮|americké panenské ostrovy
🇻🇳|vietnam
🇻🇺|vanuatu
🇼🇫|wallis a futuna
🇼🇸|samoa
🇽🇰|kosovo
🇾🇪|jemen
🇾🇹|mayotte
🇿🇦|jihoafrická republika
🇿🇲|zambie
🇿🇼|zimbabwe
🏴󠁧󠁢󠁥󠁮󠁧󠁿|anglie
🏴󠁧󠁢󠁳󠁣󠁴󠁿|skotsko
🏴󠁧󠁢󠁷󠁬󠁳󠁿|wales