⁉️|!?|?|exclamation|interrogation|point d’exclamation et d’interrogation|points d’exclamation et d’interrogation|ponctuation|question|surprise
ℹ️|guichet d’informations|informations|source d’informations
↔️|flèche gauche droite|à droite et à gauche|à gauche et à droite|droite gauche|flèche pointant à gauche et à droite|gauche droite
↕️|flèche dans les deux sens|flèche haut bas|bas haut|en bas et en haut|en haut et en bas|flèche pointant vers le haut et vers le bas|haut bas
↖️|direction|flèche haut gauche|nord-ouest|sens|en haut à gauche|flèche pointant vers le haut à gauche|point intercardinal
↗️|direction|flèche haut droite|nord-est|sens|en haut à droite|flèche pointant vers le haut à droite|point intercardinal
↘️|direction|flèche bas droite|sens|sud-est|en bas à droite|flèche pointant vers le bas à droite|lèche|point intercardinal
↙️|direction|flèche bas gauche|sens|sud-ouest|en bas à gauche|point intercardinal
⌨️|clavier|informatique|ordinateur
☀️|beau temps|brillant|espace|grand soleil|météo|rayons|soleil
☁️|gris|météo|nuage
☂️|parapluie ouvert|pluie|vêtement
☃️|bonhomme de neige avec flocons|flocons|neige|froid
☄️|comète|espace|météore
☑️|✓|bouton|carré|case cochée|coche|ok|oui|sélection|terminé|voilà
☔|gouttes|météo|parapluie avec gouttes de pluie|pluie
☕|boisson chaude|caféine|matin|thé
☘️|irlande|plante|trèfle|trois feuilles
☠️|crâne|mort|os|tête de mort
☢️|radioactif|radioactivité|symbole
☣️|danger biologique|symbole|biologique
☦️|chrétienne|croix orthodoxe|religion|orthodoxe|réligion
☸️|bouddhisme|bouddhiste|dharma|religion|roue de dharma|roue du dharma
☹️|émoticône|malheureux|mécontent|triste|visage
♈|astrologie|bélier|horoscope|zodiaque
♉|astrologie|horoscope|taureau|zodiaque
♐|astrologie|horoscope|sagittaire|zodiaque
♑|astrologie|capricorne|chèvre|horoscope|zodiaque
♒|astrologie|eau|horoscope|verseau|zodiaque
♓|astrologie|horoscope|poissons|zodiaque
♠️|carte|couleur|jeu|pique
♣️|cartes à jouer|couleur|jeu|noir|trèfle cartes
♥️|cartes à jouer|cœur cartes|couleur|jeu|rouge
♦️|carreaux|carte|couleur|jeu
♨️|chaud|sources chaudes|vapeur|thermale
⚒️|burin|marteau et burin|marteau et pioche|outils|pioche|marteau et pic|pic
⚓|ancre|bateau|outil|voyage
⚔️|armes|croisées|épées
⚖️|astrologie|balance à poids|horoscope|justice|poids|zodiaque
⚗️|alambic|chimie|outil
⚙️|engrenage|outil|roue dentée
✂️|ciseaux|couper|découper|fournitures|papier
✅|✓|bouton coché|carré|coche blanche|marque|ok|oui|sélection|terminé|voilà
✈️|avion en vol|jet|moyen de transport|véhicule|vol|voyage
✉️|courrier électronique|e-mail|enveloppe|lettre|message|courriel
✒️|écrire|stylo plume noir|plume noire
✔️|✓|coche noire|ok|oui|sélection|terminé|voilà|marque
✖️|*|×|annuler|croix noire|multiplication|multiplier|non|signe multiplier|x|signe de multiplication
✡️|david|étoile de david|judaïsme|juif|juive|religion
✨|*|étincelles|étoiles|magie|nuit étoilée|scintiller
✳️|*|astérique huit branches|astérisque huit branches|étoile|astérique à huit branches|huit branches
✴️|*|astérisque|étoile huit branches|étoile à huit branches|huit branches
❄️|flocon de neige|froid|météo|neige
❇️|*|briller|éclat|étinceler|étincelle|scintiller
❓|?|interrogation|point d’interrogation rouge|ponctuation|question
❔|?|interrogation|point d’interrogation blanc|ponctuation|question
❕|!|exclamation|point d’exclamation blanc|ponctuation|surprise|question
❗|!|exclamation|point d’exclamation rouge|ponctuation
❣️|amour|cœur point d’exclamation|exclamation|ponctuation|point
❤️|amour|cœur rouge|sentiment|rouge
➕|+|addition|ajouter|arithmétique|mathématiques|plus|signe plus|somme|signe d’addition
➖|-|−|arithmétique|mathématiques|moins|signe moins|soustraction|soustraire|signe de soustraction
➗|÷|algèbre|diviser|division|mathématiques|/|arithmétique|signe de division
⤴️|flèche courbe haut|flèche courbe vers la droite et le haut|courbe vers le haut|flèche courbe vers le haut
⤵️|bas|flèche courbe bas|courbe vers le bas|flèche courbe vers le bas
〰️|ligne ondulée|ponctuation|tiret|trait d’union ondulé|vague
㊗️|bouton félicitations en japonais|félicitations|idéogramme|japonais|symbole japonais signifiant « félicitations »
㊙️|bouton secret en japonais|idéogramme|japonais|secret|symbole japonais signifiant « secret »
😀|content|dents|émoticône|grand sourire|heureux|joyeux|rire|sourire|super|visage rieur|visage très souriant|large sourire|visage avec large sourire
😃|content|dents|émoticône|formidable|grand sourire|heureux|sourire|super|visage souriant avec de grands yeux|visage très souriant avec la bouche ouverte|bouche ouverte|visage souriant les yeux grands ouverts
😄|content|émoticône|grand sourire|heureux|joyeux|lol|mdr|rire|sourire mignon|visage avec la bouche ouverte et les yeux souriants|visage très souriant aux yeux rieurs|bouche ouverte|œil|visage avec large sourire et yeux rieurs
😁|content|dents|émoticône|grand sourire|heureux|sourire de toutes ses dents|super|visage souriant aux yeux rieurs|visage souriant avec yeux souriants|yeux souriants|large sourire|œil|visage radieux et yeux rieurs
😆|ahah|bouche|content|émoticône|lol|mdr|rire|sourire|visage souriant avec bouche ouverte et yeux fermés|visage souriant avec yeux plissés|haha|heureux
😅|émoticône|excité|froid|goutte|sourire nerveux|stressé|sueurs froides|visage souriant avec une goutte de sueur|nerveux
🤣|content|drôle|émoticône|hilare|joyeux|larmes|lol|mdr|pleurer de rire|rire aux larmes|se rouler par terre de rire|se tordre de rire|visage qui rit aux larmes|rire à se rouler par terre
😂|content|émoticône|heureux|joie|larmes|lol|mdr|pleurer de joie|pleurer de rire|rire aux larmes|sourire|visage riant aux larmes|visage pleurant de joie
🙂|content|émoticône|heureux|léger sourire|sourire|visage avec un léger sourire|visage souriant
🙃|émoticône|incroyable|renversée|tête à l’envers|à l’envers|visage à l’envers
🫠|disparaître|fondre|gêne|liquéfié|liquide|sarcasme|se dissoudre|visage qui fond
😉|blague|clin d’œil|émoticône|flirter|plaisanter|sexy|visage faisant un clin d’œil|visage clignant d’un œil
😊|content|émoticône|heureux|œil|rougir|satisfait|sourire|visage qui rougit|visage souriant avec yeux rieurs|visage souriant avec yeux souriants|yeux|visage souriant les yeux plissés
😇|ange|angélique|auréole|béni|bible|émoticône|heureux|innocent|paix|sourire|spirituel|visage souriant avec auréole|visage qui sourit avec une auréole
🥰|adorer|aimer|béguin|coeur|cœurs|j’adore|je t’aime|smiley avec 3 coeurs|sourire|visage souriant avec cœurs|amoureuse|amoureux
😍|amoureux|cœur|émoticône|œil|romantique|sourire|visage souriant avec yeux en forme de cœur|yeux|visage souriant aux yeux en forme de cœur
🤩|étoiles dans les yeux|grand sourire|heureux|pressé|surexcité|tête avec étoiles|visage avec des étoiles à la place des yeux|wow|yeux|large sourire|visage aux yeux en forme d’étoiles
😘|amour|baiser|bise|bisou et cœur|bonjour|bonne nuit|cœur|embrasser|émoticône|je t’aime|visage envoyant un bisou|visage qui fait une bise avec un cœur|visage envoyant un baiser
😗|amour|baiser|bise|bisou|embrasser|émoticône|je t’aime|petit bisou|visage faisant un bisou|visage qui fait une bise|visage donnant un baiser
☺️|content|décontracté|détendu|émoticône|heureux|sourire|visage souriant avec les yeux fermés
😚|baiser|bise|bisou les yeux fermés|embrasser|émoticône|rougir|visage faisant un bisou avec les yeux fermés|visage qui fait une bise avec les yeux fermés|visage rougissant|yeux fermés|visage faisant un baiser les yeux fermés
😙|amour|baiser|bise|bisou|embrasser|émoticône|gros bisou|je t’aime|sourire|visage aux yeux rieurs faisant un bisou|visage aux yeux souriants qui fait une bise|yeux fermés|œil|visage donnant un baiser avec les yeux plissés|visage faisant un baiser les yeux rieurs
🥲|ému|fier|heureux|larme|reconnaissant|smiley|soulagé|souriant|touché|visage souriant avec une larme|visage souriant avec larme
😋|bon|content|délicieux|émoticône|faim|heureux|langue|manger|miam|savourer|sourire|visage souriant qui tire la langue|menoum|savourant
😛|cool|émoticône|génial|super|visage qui tire la langue|langue sortie|tire la langue
😜|amusant|blague|clin d’œil|émoticône|fou|langue|loufoque|marrant|œil|rigolo|visage qui tire la langue et fait un clin d’œil|tire la langue
🤪|grand|large|oeil|œil|petit|tête de fou|tête folle|yeux fous|amusant|farfelu|idiot|niaiseux|visage
😝|dégoûtant|émoticône|goût|horrible|langue|œil|omd|on ne vit qu’une fois|peu importe|visage qui tire la langue et ferme les yeux|visage qui tire la langue les yeux plissés|yeux fermés|yeux plissés
🤑|argent dans les yeux et la bouche|bouche|dollars|émoticône|yeux|visage
🤗|câlin|émoticône|gentil|mains|visage qui fait un câlin|visage heureux et câlin
🤭|malin|oops|oups|rigole|secret|surprise|visage avec main devant la bouche|visage avec une main sur la bouche|main sur la bouche
🫢|choqué|embarrassé|étonné|gêné|impressionné|stupéfait|surpris|visage avec yeux ouverts et main sur la bouche
🫣|captivé|effrayé|fasciné|jeter un coup d’œil|regarder fixement|se cacher|timide|visage qui regarde entre ses doigts
🤫|chut|pas un bruit|silence|tête qui dit chut|visage avec un doigt sur la bouche|doigt sur la bouche
🤔|émoticône|hum|méditer|penser|réfléchir|réflexion|visage en pleine réflexion
🫡|armée|bonne chance|compris|ok|oui|respect|salut|visage qui fait un salut militaire
🤐|bouche cousue|émoticône|fermeture éclair|motus|se taire|secret|visage avec bouche cousue|visage avec bouche fermeture éclair|fermeture à glissière
🤨|euh|hein|incrédule|méfiant|pas vrai|quoi|sceptique|surprise|tête avec sourcil levé|visage avec les sourcils relevés
😐|émoticône|gêné|neutre|ni chaud ni froid|pas drôle|peu importe|rester de marbre|sans commentaires|sans rire|visage neutre|visage sans expression|impassible
😑|émoticône|inexpressif|mécontent|neutre|peu importe|sans expression|visage sans expression
😶|émoticône|muet|ne rien dire|neutre|sans commentaires|sans expression|sans voix|se taire|secret|silence|sourdine|visage sans bouche|sans bouche|silencieux
🫥|déprimé|disparaître|introverti|invisible|se cacher|visage en pointillés
😶‍🌫️|brouillard|dans les nuages|distrait|visage dans le brouillard|visage dans les nuages
😏|arrogant|charmeur|émoticône|malin|ricaner|rusé|séducteur|sourire suffisant|suspicieux|visage avec un sourire malin|visage avec un sourire suffisant|visage au sourire malin
😒|bizarre|blasé|émoticône|énervé|fâché|jaloux|pas content|peu importe|visage qui s’ennuie|contrarié|désabusé|résigné
🙄|agacé|émoticône|excédé|incrédulité|roulement|visage qui lève les yeux au ciel|visage qui roule des yeux|visage roulant des yeux|yeux|roule des yeux
😬|dents|émoticône|gêné|grimace|rien|sourire|visage grimaçant
😮‍💨|chuchoter|découragé|déçu|expiration|exténué|fatigué|siffler|souffler|soulagement|soupir|sursaut|visage expirant
🤥|émoticône|mensonge|menteur|pinocchio|visage de menteur|visage dont le nez s’allonge
🫨|choc|étourdi|fou|omg|ouah|panique|secoué|surprenant|tremblement de terre|vibration|visage secoué
🙂‍↔️|non|secouer|tête secouée horizontalement
🙂‍↕️|hochement de tête|oui|tête secouée verticalement
😌|calme|émoticône|sérénité|soulagement|visage soulagé|zen|soulagé
😔|abattu|déçu|émoticône|horrible|mort|pensif|perdu|triste|visage
😪|émoticône|fatigué|larme|pleurer|sommeil|triste|visage endormi|endormi
🤤|baver|délicieux|émoticône|mmh|visage qui bave|saliver
😴|bonne nuit|coucher|dormir|émoticône|endormi|fatigué|sieste|sommeil|visage somnolent|zzz
🫩|ensommeilé|épuisé|fatigué|sommeil|visage avec des valises sous les yeux|cernes|endormi|las|poches|somnolent|tard|valises|yeux
😷|bactéries|dentiste|docteur|émoticône|germes|malade|masque chirurgical|médecin|rhume|visage avec masque|froid|médical
🤒|indisposé|malade|thermomètre|visage avec thermomètre
🤕|aïe|bandage|blessure|bobo|émoticône|pansement|tête avec un bandage|visage avec bandage autour de la tête|blessé|visage bandé
🤢|dégoûtant|écœuré|émoticône|malade|nausée|visage nauséeux|visage vert qui a la nausée|vomir
🤮|gerber|malade|tête qui vomit|visage qui vomit|vomissure
🤧|à tes souhaits|atchoum|émoticône|éternuement|éternuer|fièvre|grippe|malade|mouchoir|rhume|se moucher|visage qui éternue
🥵|chaleur|chaud|coup de chaleur|coup de chaud|fièvre|suer|toute rouge|transpiration|trop chaud|visage rouge et chaud|visage tout rouge|canicule|rouge|sueur
🥶|bleu|ça caille|froid|gelé|gelure|glacé|glacial|glaçon|visage bleu et froid
🥴|bouche ondulée|bourrée|dans les vapes|hébété|pas clair|pompette|rond|saoul|souler|tête qui tourne|visage éméché|visage abruti
😵|émoticône|fatigué|malade|mort|tournis|visage avec le tournis|visage étourdi|inconscient
😵‍💫|confusion|étourdi|hagard|malade|nausée|ouh la la|tête qui tourne|visage aux yeux en spirales|visage avec yeux en spirale
🤯|choc|choqué|surprise|tête choquée|tête qui explose
🤠|chapeau|cowboy|visage avec chapeau de cowboy
🥳|anniversaire|célébration|chapeau pointu|émoticône|fête|heureux|hourra|joyeux anniversaire|sifflet|visage de fête|visage festif|youpi
🥸|déguisement|espion|faux nez|grimer|incognito|lunettes|moustache|postiche|smiley|sourcils ébouriffés|visage déguisé
😎|cool|lunettes de soleil|posé|tranquille|visage avec lunettes de soleil|intelligent|soleil|visage souriant avec des lunettes de soleil
🤓|doué|futé|geek|idiot|intelligent|lunettes|personne|premier de la classe|ringard|surdoué|tronche|visage de geek|nerd|visage de tronche
🧐|classe|collet monté|fortune|monocle|riche|tête avec monocle|vieux jeu|visage avec un monocle|sérieux
😕|confus|désolé|émoticône|ennuyé|je ne sais pas|triste|visage
🫤|bof|confus|déçu|euh|frustration|incertain|sceptique|visage avec bouche en diagonale
😟|anxieux|émoticône|inquiet|préoccupé|stressé|surpris|triste|visage
🙁|émoticône|mécontent|triste|visage légèrement mécontent
😮|bouche bée|bouche ouverte|choqué|émoticône|épaté|incroyable|omd|oubli|surpris|visage avec bouche ouverte|visage avec la bouche ouverte|visage étonné|compassion|visage épaté
😯|émoticône|incroyable|omd|sans voix|stupéfait|stupeur|surpris|visage à la bouche ouverte|visage ébahi|visage sans voix|ébahi
😲|choc|choqué|émoticône|étonné|impossible|incroyable|omd|stupéfait|visage|surpris
😳|chaud|comment|ébahi|émoticône|étonné|gêné|impressionné|incrédule|incroyable|quoi|rouge|visage qui rougit|rougissant|stupéfait|wow
🫪|anxiété|bouffi|choc|gonflé|panique|surprise|vulnérabilité
🥺|embarrassé|excuse|gros yeux|pardon|pitié|s’il te plaît|supplication|supplie|visage implorant|yeux de chiens battus|implorant|yeux de chiot
🥹|admiration|ému|fierté|gratitude|larmes de joie|pleurs|retenir ses larmes|triste|visage retenant ses larmes
😦|bouche|déçu|effrayé|émoticône|ouverte|peur|pris au dépourvu|surpris|visage déçu avec bouche ouverte|visage mécontent avec bouche ouverte|béante|renfrogné
😧|angoisse|comment|émoticône|hein|mécontent|oubli|peur|quoi|stressé|surpris|terrifié|visage angoissé
😨|anxieux|apeuré|blême|effrayé|émoticône|inquiet|peur|terrifié|visage
😰|aah|bleu|bouche bée|effrayé|émoticône|mince|nerveux|peur bleue|sueurs froides|terrifié|visage anxieux avec goutte de sueur|visage en sueur bouche ouverte|anxieux|froide|visage inquiet et en sueur
😥|déçu|émoticône|ouf|pfiou|soulagé|sueur|triste|visage déçu mais soulagé|visage triste mais soulagé|fiou
😢|émoticône|horrible|larmes|malheureux|pleurer|triste|visage qui pleure
😭|émoticône|larmes|malheureux|pleurer|pleurs|sangloter|triste|visage qui pleure à chaudes larmes|chaudes larmes
😱|choqué|cri|effrayé|munch|omd|peur|surpris|terreur|visage qui hurle de peur
😖|confus|déconcerté|émoticône|fâché|frustré|irrité|triste|visage|yeux fermés
😣|concentré|émoticône|mal de tête|migraine|persévérant|visage
😞|abattu|affreux|découragé|déçu|émoticône|malheureux|tort|triste|visage
😓|émoticône|froide|mal de tête|migraine|mince|ouf|peur|sueur|triste|visage démoralisé avec goutte de sueur|visage et sueurs froides|visage triste et en sueur
😩|échec|émoticône|épuisé|faim|fatigué|mécontent|non|pleurer|sommeil|triste|visage las
😫|contrarié|émoticône|fatigue|mécontent|triste|visage fatigué
🥱|bâiller|dormir|émoticône|ennui|fatigant|fatigue|sieste|visage bâillant
😤|colère|émoticône|énervé|fâché|mécontent|triomphe|victoire|visage avec fumée sortant des narines|fumée
😡|colère|émoticône|énervé|exaspéré|fâché|furieux|mécontent|rageur|rouge de colère|sourcils froncés|visage boudeur|boudeur
😠|colère|émoticône|exaspéré|fâché|frustré|mécontent|rageur|sourcils froncés|visage en colère|en colère|furieux
🤬|censuré|colère|gros mots|insulter|insultes|jurer|juron|tête avec des symboles sur la bouche|visage avec des symboles dans la bouche|bipé|blasphème|sacre
😈|cornes|émoticône|fâché|fantastique|sourire|visage souriant avec des cornes
👿|démon|diable|diablotin|émoticône|fantastique|malicieux|mauvais|visage en colère avec des cornes|cornes|en colère
💀|corps|crâne|dead|fantastique|je suis mort|mort|squelette|tête de mort|visage|yolo|monstre
💩|bande dessinée|bd|caca|crotte|dessin|excrément|odeur|popo|puer|sentir mauvais|tas de crotte|visage|marde|merde
🤡|clown|émoticône|maquillage|visage de clown
👹|créature|effrayant|fantastique|japonais|masque|monstre|ogre|visage
👺|colère|créature|fantastique|farfadet|japonais|masque|méchant|monstre|gobelin|visage
👻|blague|bouh|créature|effrayant|fantastique|fantôme|halloween|hanter|monstre|peur|visage de fantôme
👽|alien|créature|émoticône|espace|extraterrestre|monstre|ovni|science-fiction|visage|fantastique
👾|alien|créature|envahisseur|espace|extraterrestre|fantastique|jeu vidéo|monstre de l’espace|ovni|pixels|visage
🤖|androïde|automate|machine|monstre|robot|visage de robot
😺|animal|bouche ouverte|chat qui sourit|sourire|visage|ouverte
😸|animal|chat avec un grand sourire|chat qui sourit avec des yeux rieurs|sourire|visage|yeux rieurs|yeux souriants
😹|animal|chat qui rit aux larmes|joie|larmes|lol|mdr|pleurer de rire|rire aux larmes|chat qui pleure de joie|sourire|visage
😻|amoureux|chat souriant aux yeux en cœurs|chat souriant avec des coeurs dans les yeux|cœur|coeurs dans les yeux|sourire|visage|yeux en forme de cœurs
😼|animal|chat avec sourire en coin|ironique|narquois|sourire en coin|sourire narquois|tête de chat|visage|en coin
😽|animal|baiser|bise|bisou|chat qui embrasse|chat qui fait un bisou|chat qui fait une bise avec les yeux fermés|embrasser|tête de chat|bec|visage
🙀|animal|chat fatigué|fatigue|inquiet|oh|surpris|tête de chat avec la bouche ouverte|visage|étonné
😿|animal|chat qui pleure|pleurer|tête de chat|triste|visage|larmes
😾|animal|bouder|chat en colère|chat qui boude|colère|désaccord|ennui|tête de chat|visage|furieux
🙈|animal|caché|effrayé|embarras|gêne|geste|interdit|ne pas voir|non|omd|oubli|peur|rien vu rien entendu|secret|visage|voir|aveugle|rien de mal|singe ne rien voir|yeux couverts
🙉|animal|écouter|geste|interdit|ne pas entendre|non|rien vu rien entendu|secret|singe ne rien entendre|sourd|visage|oreilles couvertes|rien de mal
🙊|animal|bouche cousue|chut|geste|interdit|motus|muet|non|parler|se taire|secret|silence|singe ne rien dire|visage|bouche couverte|rien de mal
💌|amour|cœur|lettre d’amour|saint-valentin
💘|amour|cœur et flèche|coeur transpercé|cupidon|flèche|sentiment
💝|amour|anniversaire|cœur avec ruban|ruban|saint-valentin|sentiment|saint valentin|st valentin
💖|amour|cœur étincelant|étincelles|sentiment|enthousiaste|étincelant
💗|amour|cœur battant|cœur grandissant|cœur qui bat|pulsations|sentiment|grandissant|nerveux|pouls
💓|amour|cardio|cœur battant|cœur qui bat|pulsations|sentiment|battant|battement
💞|amour|anniversaire|cœurs qui tournent|deux cœurs|sentiment|tourbillon
💕|amour|anniversaire|cœurs|deux cœurs roses|petits cœurs|rendez-vous|sentiment
💟|amour|cœur blanc|cœur décoré|cœur violet|décoration avec cœur|sentiment
💔|amour|cœur brisé|malheureux|sentiment|séparé|triste|brisé
❤️‍🔥|amour|cœur enflammé|désir|feu|passion|cœur en feu
❤️‍🩹|cœur avec bandages|réconforter|réparer|soigner|en convalescence|récupérer
🩷|143|adorable|aimer|amour|cœur|émotion|jtm|mignon|rose
🧡|coeur orange|cœur orange|orange
💛|amour|cœur jaune|sentiment|jaune
💚|amour|cœur|sentiment|vert
💙|amour|cœur bleu|sentiment|bleu
🩵|143|aimer|amour|bleu ciel|bleu clair|cœur bleu clair|cyan|émotion|jtm|mignon|spécial
💜|amour|cœur|sentiment|violet
🤎|brun|cœur|marron
🖤|cœur|noir
🩶|143|amour|ardoise|argenté|cœur|émotion|gris|jtm|spécial
🤍|blanc|cœur
💋|baiser|bise|bisou|bouche|embrasser|lèvres|rendez-vous|rouge|sexy|trace de rouge à lèvres
💯|100|cent points|score|marque
💢|bande dessinée|bd|colère|dessin|furieux|symbole de colère
🫯|bagarre|combat|désaccord|discussion|dispute|grabuge|lutte
💥|bande dessinée|bd|bombe|boum|collision|détonation|étincelles|explosion
💫|bande dessinée|bd|étincelles|étoile filante|étourdissement|tournis|voir des étoiles
💦|bande dessinée|bd|eau|éclabousser|éclaboussures|effort|entraînement|gouttes de sueur|sueur
💨|bande dessinée|bd|décamper|déguerpir|détaler|filer|fumée|nuage|partir en courant|pet|vent|vite|fuir|s’enfuir|se sauver
🕳️|trou
💬|bande dessinée|bd|bulle de parole|dialogue|écrire|message|sms|parole
👁️‍🗨️|bande dessinée|bd|bulle de bd|œil dans une bulle de bd|témoin|voir|œil dans une bulle de parole|parole
🗨️|bulle à gauche|bulle de parole gauche|dialogue|gauche|à gauche|bande dessinée|bulle de parole à gauche|parole
🗯️|bande dessinée|bd|colère|crier|droite|hurler|à droite|bulle de colère à droite|dialogue|parole
💭|bande dessinée|bd|bulle de pensée|idée|imaginer|inventer|invention|pensée|penser|rêver
💤|bande dessinée|bd|bonne nuit|dormir|endormi|fatigué|ronfler|zzz
👋|à bientôt|à plus tard|au revoir|bonjour|bye|coucou|hello|il y a quelqu’un ?|main qui salue|salut|signe de la main
🤚|dos de main levée|levée|main
🖐️|main levée doigts écartés|paume|stop|doigts écartés|main aux doigts écartés
✋|feuille|main levée|paume de la main|stop|tope là|levée
🖖|doigts|main|salut vulcain|spock|star trek|vulcain
🫱|droite|main vers la droite|serrer la main|tenir la main|vers la droite
🫲|gauche|main vers la gauche|serrer la main|tenir la main|vers la gauche
🫳|chasser|choisir|faire partir|laisser tomber|main paume vers le bas|ouste|rejeter
🫴|appeler de la main|attirer|faire venir|main paume vers le haut|offre
🫷|arrêter|attendre|bloquer|gauche|halte|high five|main qui pousse vers la gauche|pousser|refuser|stop|tape m’en cinq|top là
🫸|arrêter|attendre|bloquer|droite|halte|high five|main qui pousse vers la droite|pousser|refuser|stop|tape m’en cinq|top là
👌|compris|d’accord|geste|main|nickel|ok|parfait|super|tout va bien
🤌|agacement|argumentation|bout des doigts joints|doigts|interrogation|parler avec les mains|patience|silence !|geste de la main|main qui interroge|sarcastique
🤏|à deux doigts|petite quantité|petite somme|peu|pouce et index rapprochés|un peu
✌️|ciseaux|doigts|main|paix et amour|peace and love|v de la victoire|victoire
🤞|bonne chance|chance|croisés|doigts|main
🫰|amour|argent|cher|claquer des doigts|cœur|main avec index et pouce croisés
🤟|amour|geste pour je t’aime|ily|je t’aime|main|signe je t’aime|trois doigts
🤘|cornes avec les doigts|cornes du diable|doigts|main|rock’n roll|yeah
🤙|main|signe appel téléphonique avec les doigts|téléphone|appelle-moi
👈|doigt|gauche|index pointé vers la gauche|main avec index pointant à gauche|dos de la main avec index pointant vers la gauche
👉|doigt|droite|index pointé vers la droite|main avec index pointant à droite|dos de la main avec index pointant vers la droite
👆|doigt|haut|index vers le haut|main avec index pointant vers le haut|montrer|dos de la main avec index pointant vers le haut
🖕|doigt d’honneur|main|majeur
👇|bas|doigt|index vers le bas|main avec index pointant vers le bas|montrer|dos de la main avec index pointant vers le bas
☝️|doigt|haut|index pointant vers le haut|index pointé vers le haut|main|moi
🫵|index pointant vers l’utilisateur|pointer|toi
👍|bien|compris|d’accord|génial|haut|main|moi aussi|ok|oui|pouce levé|pouce vers le haut|super|top
👎|bas|main|mauvais|non|nul|pouce baissé|pouce vers le bas|négatif
✊|main|pierre|poing levé|poing serré|solidarité|levé
👊|absolument|battre|boum|correct|coup de poing|d’accord|main|mon pote|poing de face|serrer|face|pote
🤛|fistbump|gauche|main|poing à gauche
🤜|droite|main|poing à droite
👏|applaudissements|bien joué|bon travail|bravo|félicitations|formidable|geste|mains qui applaudissent|super
🙌|air|geste|hourra|mains en l’air|mains levées|youpi|célébration|levées
🫶|amour|cœur|mains qui forment un cœur
👐|mains écartées|mains ouvertes|ouvertes
🤲|espérer|mains|paume contre paume doigts vers le haut|paumes des mains ensemble|prier|prière|moins jointes
🤝|d’accord|mains|marché conclu|poignée de main|présentation|rencontre|serrer la main|accord
🙏|demander|félicitations|mains en prière|mains l’une contre l’autre|merci|prier|prière|s’il te plaît|s’il vous plaît|salut|se taper dans la main|tope là|moins jointes|svp
✍️|écrire|main qui écrit
💅|cosmétiques|manucure|maquillage|peu importe|s’ennuyer|vernis à ongles|ongle
🤳|appareil photo|photo|selfie|téléphone|autophoto|autoportrait|égoportrait
💪|bande dessinée|bd|biceps|bodybuilding|contracté|corps|culturisme|entraînement|exercice|force|haltérophilie|muscles|soulever
🦾|accessibilité|bras mécanique|bras robot|handicap|prothèse de bras
🦿|accessibilité|handicap|jambe artificielle|jambe mécanique|jambe robot|prothèse de jambe
🦵|coup de pied|cuisse|genou fléchi|genoux|jambe|membre|pied
🦶|cheville|coup de pied|pas lourd|pied
👂|corps|écouter|entendre|oreille|ouïe|son
🦻|accessibilité|handicap|malentendant|oreille appareillée|prothèse auditive|sonotone|sourd|surdité
👃|corps|narines|nez|odeur|sentir
🧠|cerveau|intelligente
🫀|anatomie|battement de coeur|battements|cardiologie|cœur|organe|pouls|pulsation
🫁|anatomie|expiration|inspiration|organe|poumons|respiration|respirer|souffle
🦷|carie|dentiste|émail diamant
🦴|chien|halloween|os|squelette
👀|chercher|corps|coup d’œil|œil|regarder|visage|voir|yeux
👁️|corps|œil
👅|corps|langue|lécher
👄|baiser|beauté|bise|bisou|bouche|corps|embrasser|lèvres|rouge à lèvres
🫦|anxieux|flirt|inquiet|lèvre mordue|lèvres qui se mordent|mal à l’aise|nerveux
👶|bébé|émoticône|enceinte|enfant|nouveau-né|petit
🧒|enfant|genre neutre|jeune|non-genré|genre non défini
👦|émoticône|enfant|garçon|jeune|personne
👧|couettes|émoticône|enfant|fille|grands yeux|jeune|nattes|personne|petite fille|tresses|vierge|visage|zodiaque
🧑|adulte|genre neutre|non-genré|genre non défini|personne
👱|blond|cheveux|garçon|homme|humain|personne blonde|tête|visage
👨|ami|garçon|homme|personne|petit ami|pote|adulte
🧔|barbe|barbu|personne avec une barbe|personne barbue|homme barbu
🧔‍♂️|barbe|homme barbu|barbu
👱‍♂️|blond|cheveux|homme blond
👩|blonde|coupe de cheveux|femme|personne|adulte
🧔‍♀️|barbe|femme barbue|barbue
👱‍♀️|blonde|cheveux|femme|personne
🧓|adulte|genre neutre|non-genré|personne âgée|âgée|genre non défini
👴|âgé|chauve|émoticône|grand-père|homme|papi|personne âgée|sage|vieux monsieur|adulte
👵|âgée|blonde|dame|émoticône|femme|grand-mère|mamie|personne|sage|adulte
🙍|contrariée|déçue|embêtée|femme|froncer|gênée|geste|mécontente|pas contente|personne fronçant les sourcils|sourcils|triste
🙍‍♂️|froncement|geste|homme fronçant les sourcils|homme mécontent|homme renfrogné|froncer|sourcils
🙍‍♀️|femme fronçant les sourcils|froncement|geste|froncer|sourcils
🙎|bouder|déçue|énervée|expression|fâchée|faire la tête|femme|froncer les sourcils|geste|inquiète|moue|personne qui boude|baboune
🙎‍♂️|bouder|faire la moue|geste|homme qui boude|moue|baboune
🙎‍♀️|boude|femme qui boude|geste|baboune|moue
🙅|aucune chance|bloquer|femme|geste|impossible|interdit|main|niet|non|pas possible|personne faisant un geste d’interdiction|stop
🙅‍♂️|geste|homme faisant un geste d’interdiction|interdit|main|non|interdiction|négation
🙅‍♀️|femme faisant un geste d’interdiction|geste|interdit|main|interdiction|négation
🙆|d’accord|danser|exercice|femme|grandir|lever les bras|main|ok|personne faisant un geste d’acceptation|accord|affirmation|geste d’affirmation
🙆‍♂️|d’accord|geste|homme faisant un geste d’acceptation|homme faisant un geste d’accord|main|ok|accord|affirmation
🙆‍♀️|femme faisant un geste d’acceptation|geste d’accord|main|ok|accord|affirmation
💁|aide|diva|femme|information|insouciante|main|personne paume vers le haut|peu importe|potins|prétentieuse|sarcastique|sophistiqué|personne au guichet
💁‍♂️|aide|apporter|diva|homme avec paume vers le haut|homme paume vers le haut|informations|insolent|main|paume vers le haut|peu importe|potins|sarcastique|assistant|concierge|guichetier|réceptionniste
💁‍♀️|femme paume vers le haut|paume vers le haut|aide|assistante|concierge|guichetière|information|réceptionniste
🙋|compte sur moi|content|femme qui lève la main|geste|ici|je sais|levée|main|moi|participer|personne qui lève la main|présente
🙋‍♂️|geste|homme qui lève la main|je sais|main levée|moi|personne qui lève la main|répondre
🙋‍♀️|femme qui lève la main|geste|main levée
🧏|accessibilité|entendre|malentendant|oreille|personne sourde|sourd|surdité
🧏‍♂️|accessibilité|entendre|homme sourd|malentendant|oreille|sourd
🧏‍♀️|accessibilité|entendre|femme sourde|oreille|malentendante|sourde
🙇|confus|désolé|excuses|geste|gronder|incliné|j’ai compris|ok|pardon|personne inclinée|personne qui s’incline|courbette
🙇‍♂️|désolé|geste|homme qui s’incline|incliné|excuses|faveur|incliner|méditation|méditer|pardonner|pitié|regret
🙇‍♀️|désolée|excuses|femme qui s’incline|femme qui se prosterne|geste|inclinée|méditation|méditer|faveur|incliner|pardonner|pitié|regret
🤦|drame|exaspération|femme avec paume sur visage|geste|incrédulité|incroyable|j’en peux plus|main|pas possible|paume de main|personne avec la paume sur le visage|visage|fini|non
🤦‍♂️|encore|exaspération|homme avec la paume sur le visage|incrédulité|incroyable|main sur le visage|oh non|oubli|paume|personne|drame|fini|non
🤦‍♀️|encore|exaspération|femme avec la paume sur le visage|incrédulité|incroyable|j’y crois pas|main sur le visage|oh non|oubli|paume|personne|visage
🤷|aucune idée|c’est comme ça|doute|femme qui hausse les épaules|haussement d’épaules|ignorance|indifférence|je ne sais pas|personne qui hausse les épaules|peut-être|que faire|qui sait
🤷‍♂️|aucune idée|doute|haussement d’épaules|homme qui hausse les épaules|ignorance|indifférence|pas moi|personne|rien vu|sais pas
🤷‍♀️|aucune idée|doute|femme qui hausse les épaules|haussement d’épaules|ignorance|indifférence|je sais pas|pas moi|personne|rien vu
🧑‍⚕️|infirmier|médecin|professionnel de la santé (tous genres)|santé|thérapeute|docteure|infirmière|professionnelle|soins
👨‍⚕️|docteur|homme profession médicale|infirmier|médecin|métier|profession médicale|professionnel de la santé|santé|thérapeute
👩‍⚕️|docteure|femme profession médicale|infirmière|médecin|métier|profession médicale|professionnelle de la santé|santé
🧑‍🎓|diplôme|étudiant (tous genres)|étudiante|diplômé|étudiant universitaire
👨‍🎓|diplômé|étudiant|homme
👩‍🎓|diplômée|étudiante|femme
🧑‍🏫|enseignante|formateur|formatrice|personnel enseignant|professeur|instituteur
👨‍🏫|enseignant|homme|instituteur|instructeur|métier|professeur
👩‍🏫|enseignante|femme|institutrice|instructrice|professeure
🧑‍⚖️|balance|juge|justice
👨‍⚖️|balance|homme|juge|justice|métier
👩‍⚖️|balance|femme|juge|justice|métier
🧑‍🌾|fermier (tous genres)|fermière|jardinier|jardinière|agriculteur
👨‍🌾|agriculteur|fermier|homme|jardinier|métier
👩‍🌾|agricultrice|femme|fermière|jardinière|métier
🧑‍🍳|chef|cuisinier (tous genres)|cuisinière
👨‍🍳|chef|cuisinier|homme|métier
👩‍🍳|chef|cuisinière|femme|métier
🧑‍🔧|artisan|électricienne|mécanicien (tous genres)|mécanicienne|plombier|ouvrier
👨‍🔧|électricien|homme|mécanicien|mécanique|métier|ouvrier|plombier
👩‍🔧|électricienne|femme|mécanicienne|mécanique|métier|ouvrière|plombier
🧑‍🏭|assemblage|industrie|ouvrier (tous genres)|ouvrière|usine|soudeur|soudeuse|travailleur|travailleuse
👨‍🏭|assemblage|homme|industrie|métier|montage|ouvrier|usine
👩‍🏭|assemblage|femme|industrie|métier|montage|ouvrière|usine
🧑‍💼|affaires|architecte|bureau|employé de bureau (tous genres)|employée de bureau|cadre|col blanc
👨‍💼|affaires|architecte|bureau|cadre|directeur|employé de bureau|homme|métier
👩‍💼|affaires|architecte|bureau|cadre|directrice|employée de bureau|femme|métier
🧑‍🔬|chimiste|scientifique|biologiste|ingénieur|physicien
👨‍🔬|biologiste|chimiste|homme|ingénieur|mathématicien|métier|physicien|scientifique
👩‍🔬|biologiste|chimiste|femme|ingénieure|mathématicienne|métier|physicienne|scientifique
🧑‍💻|développeur|développeuse|informaticien (tous genres)|informaticienne|logiciels|technologie|homme
👨‍💻|codeur|développeur|homme|informaticien|inventeur|logiciels|métier|technologie
👩‍💻|codeuse|développeuse|femme|informaticienne|inventrice|logiciels|métier|technologie
🧑‍🎤|artiste|chanteur (tous genres)|chanteuse|rock|star|acteur|vedette
👨‍🎤|acteur|artiste|chanteur|homme|métier|rockeur|star|vedette
👩‍🎤|actrice|artiste|chanteuse|femme|métier|rockeuse|star|vedette
🧑‍🎨|artiste|palette
👨‍🎨|artiste|homme|métier|palette|peintre
👩‍🎨|artiste|femme|métier|palette|peintre
🧑‍✈️|avion|pilote
👨‍✈️|avion|homme|métier|pilote
👩‍✈️|avion|femme|métier|pilote
🧑‍🚀|astronaute|fusée
👨‍🚀|astronaute|casque|cosmonaute|espace|fusée|homme|métier|spationaute
👩‍🚀|astronaute|casque|cosmonaute|espace|femme|fusée|métier|spationaute
🧑‍🚒|camion de pompiers|pompier
👨‍🚒|camion de pompiers|casque de pompier|homme|métier|pompier
👩‍🚒|camion de pompiers|casque|femme|métier|pompier
👮|autorité|flic|homme|loi|métier|officier de police|personne|police|policier|tenue|uniforme
👮‍♂️|flic|homme|officier|police|policier
👮‍♀️|autorité|femme|flic|loi|métier|officier|personne|police|policière|tenue|uniforme
🕵️|détective|enquêteur|espion|homme
🕵️‍♂️|détective|enquêteur|espion|homme
🕵️‍♀️|détective|enquêteuse|enquêtrice|espionne|femme
💂|buckingham palace|casque|garde homme|londres
💂‍♂️|garde|homme
💂‍♀️|buckingham palace|casque|femme|garde|londres|métier
🥷|assassin|combat|furtif|guerrier|masqué|ninja|personne|sabre|secret|soldat
👷|bâtiment|btp|casque|chantier|construction|homme|métier|ouvrier|personnel du bâtiment|réparer
👷‍♂️|bâtiment|homme|ouvrier du bâtiment
👷‍♀️|bâtiment|casque de chantier|chantier|femme|métier|ouvrier du bâtiment femme|ouvrière du bâtiment
🫅|monarque|noble|personne avec une couronne|royal|royauté
🤴|couronne|prince|royal|royauté
👸|conte de fées|couronne|fantastique|personne|princesse|reine
👳|homme avec turban|oriental|personne avec turban|personne en turban|turban|visage
👳‍♂️|homme en turban|turban
👳‍♀️|femme avec turban|femme en turban|turban
👲|casquette mao|chapeau|homme avec casquette chinoise|calote|chinoise|coiffer|gua pi mao|personne
🧕|bandana|femme avec foulard|femme avec un voile|foulard|hijab|mantilla|tichel|voile
🤵|élégant|homme|marié|personne en smoking|personne mariée|smoking
🤵‍♂️|homme en smoking|smoking
🤵‍♀️|femme en smoking|smoking
👰|mariage|mariée avec voile|personne mariée avec voile|voile|personne avec voile
👰‍♂️|homme avec voile|voile
👰‍♀️|femme avec voile|voile
🤰|enceinte|femme
🫃|enceinte|grossesse|homme enceinte|personne enceinte|trop mangé|ventre
🫄|enceinte|grossesse|personne enceinte|trop mangé|ventre
🤱|allaitement|bébé|maman|nourrice|nourrir le bébé|sein|soins
👩‍🍼|allaitement|bébé|biberon|femme allaitant un bébé|maman|mère|nounou|nouveau-né|personne
👨‍🍼|allaitement|bébé|biberon|homme allaitant un bébé|nouveau-né|papa|père|personne
🧑‍🍼|allaitement|bébé|biberon|homme|maman|mère|nounou|nouveau-né|papa|père|personne allaitant un bébé
👼|ailes|ange|auréole|bébé|église|émoticône|fantastique|visage
🎅|bonnet|fêtes|magie|noël|père|santa claus|tradition|célébration
🤶|bonnet|fêtes|mère|noël|santa|célébration
🧑‍🎄|joyeux noël|noël|papa noël|père noël|personne|saint-nicolas|santa|personnage de noël
🦸|bien|cape|force|heroïne|héroïne|héros|personnage|sauver le monde|super-héros|super-pouvoir|superhéros|superman|vengeur|voler|gentil|super pouvoirs
🦸‍♂️|bien|héros|homme|super-héros homme|super-pouvoir
🦸‍♀️|bien|femme|héroïne|héros|super-héroïne|super-pouvoir
🦹|cape|criminel|déguisement|diabolique|mal|mauvais|méchant|personnage|super pouvoir|super vilain|super-pouvoir|super-vilain
🦹‍♂️|criminel|homme|mal|méchant|super-pouvoir|super-vilain homme
🦹‍♀️|criminelle|femme|mal|méchante|super-pouvoir|super-vilain femme|super-vilaine
🧙|chapeau|enchantement|ensorceleur|envoûtement|jeu de rôle|mage|magicien|personnage|sorcier|sorcière|sortilège|enchanteur
🧙‍♂️|mage homme|magicien|sorcier|enchanteur|homme
🧙‍♀️|ensorceleuse|mage femme|sorcière|enchanteresse|femme|magicienne
🧚|ailes|déguisement|fée clochette|féerie|magie|obéron|personnage féérique|puck|titania|voler
🧚‍♂️|féetaud|obéron|puck|homme
🧚‍♀️|fée|titania|femme
🧛|canines|cape|conte|déguisement|dents|dracula|halloween|mort-vivant|personnage|sang|vampire
🧛‍♂️|dracula|mort-vivant|vampire homme|homme
🧛‍♀️|morte-vivante|vampire femme|femme
🧜|ariel|créature aquatique|folklore|mer|océan|personnage|petite sirène|queue de poisson|sirène|trident|triton
🧜‍♂️|triton
🧜‍♀️|sirène
🧝|conte|elfe|le seigneur des anneaux|legolas|magique|oreilles|personnage
🧝‍♂️|elfe homme|magique|homme
🧝‍♀️|elfe femme|magique|femme
🧞|aladin|djinn|génie|homme génie|lampe magique|magie|personnage|souhait|voeu|vœu
🧞‍♂️|djinn|génie homme|homme
🧞‍♀️|djinn|génie femme|femme
🧟|effrayant|flippant|halloween|horreur|mort vivant|mort-vivant|personnage|peur|zombie
🧟‍♂️|mort-vivant|zombie homme|homme
🧟‍♀️|morte-vivante|zombie femme|femme
🧌|conte de fées|légende|monstre|mythe|troller
🫈|bigfoot|cryptide|forêt|géant|homme sauvage|poilu|sasquatch|yéti
💆|détente|femme qui se fait masser|fermer les yeux|massage|personne qui se fait masser|relaxation|repos|salon|tête|thérapie|visage|zen
💆‍♂️|apaiser|homme qui se fait masser le visage|mal de tête|massage|migraine|relaxation|salon|tension|visage
💆‍♀️|femme qui se fait masser|massage|visage
💇|barbier|beauté|cheveux|ciseaux|coiffure|coupe de cheveux|couper|femme qui se fait couper les cheveux|personne qui se fait couper les cheveux|salon|style
💇‍♂️|coiffeur|coiffure|coupe de cheveux|couper les cheveux|homme chez le coiffeur|homme qui se fait couper les cheveux|salon de coiffure|cheveux|ciseaux|personne
💇‍♀️|coiffure|femme qui se fait couper les cheveux
🚶|balade|en route|flâner|homme|marcher|nonchalant|personne qui marche|piéton|promenade|se balader|randonnée
🚶‍♂️|homme qui marche|marche|piéton|randonnée
🚶‍♀️|femme qui marche|marcher|piétonne|randonneuse|randonnée
🧍|debout|personne debout
🧍‍♂️|debout|homme
🧍‍♀️|debout|femme
🧎|à genoux|personne à genoux|prière|religion
🧎‍♂️|à genoux|homme à genoux
🧎‍♀️|à genoux|femme à genoux
🧑‍🦯|accessibilité|aveugle|personne avec une canne blanche|blanche|canne
👨‍🦯|accessibilité|aveugle|déficient visuel|handicap visuel|homme avec canne blanche|malvoyant
👩‍🦯|accessibilité|aveugle|déficiente visuelle|femme avec canne blanche|handicap|malvoyante|blanche|canne
🧑‍🦼|accessibilité|fauteuil roulant|personne en fauteuil motorisé|chaise|motorisé|roulante
👨‍🦼|accessibilité|fauteuil roulant|handicap|homme en fauteuil motorisé
👩‍🦼|accessibilité|fauteuil roulant|femme en fauteuil motorisé|handicap
🧑‍🦽|accessibilité|fauteuil roulant|personne en fauteuil roulant manuel|manuel|roulant
👨‍🦽|accessibilité|fauteuil roulant|handicap|homme en fauteuil roulant manuel
👩‍🦽|accessibilité|fauteuil roulant|femme en fauteuil roulant manuel|handicap
🏃|arriver|coureur|courir|course à pied|homme qui court|jogging|marathonien|personne qui court|pressé|rapide|sportif|vite
🏃‍♂️|course à pied|homme qui court|jogging|marathon|courir
🏃‍♀️|course à pied|femme qui court|joggeuse|jogging|marathon|running|se dépêcher|vitesse|courir
🧑‍🩰|ballerine|ballet|danse classique|danseuse
💃|danseuse|femme qui danse|fête|flamenco|rythme|salsa|sortir danser|tango
🕺|danseur|femme|fête|flamenco|homme qui danse|rythme|salsa
🕴️|affaires|costume|homme d’affaires en lévitation|complet|lévitation
👯|amies|bunny|danseuse|déguisement|double|femmes|fête|filles|jumelles|oreilles de lapin|personnes avec des oreilles de lapin|synchro|personnes qui portent des oreilles de lapin
👯‍♂️|amis|danseur|faire la fête|fête|hommes avec des oreilles de lapin|oreilles de lapin|hommes qui portent des oreilles de lapin
👯‍♀️|danseuse|femmes avec des oreilles de lapin|fête|oreilles de lapin|femmes qui portent des oreilles de lapin
🧖|bien-être|chaud|détente|hammam|personne au hammam|personne dans un sauna|relaxation|sauna|spa|vapeur|personne dans un bain de vapeur
🧖‍♂️|hammam|homme au hammam|sauna|homme dans un bain de vapeur
🧖‍♀️|femme au hammam|hammam|sauna|femme dans un bain de vapeur
🧗|alpiniste|escalader|grimper|grimpeur|montagne|personne qui escalade|personne qui grimpe|sport
🧗‍♂️|alpiniste|grimpeur|homme qui grimpe
🧗‍♀️|alpiniste|femme qui grimpe|grimpeuse
🤺|épée|escrimeur|escrimeuse|personne|sport|duel
🏇|cheval|course de chevaux|course hippique|jockey|sport|chevaux|hippique
⛷️|neige|skieur|sport|skier
🏂|homme|neige|ski|snowboardeur|sport|planche de neige|planchiste
🏌️|balle|golfeur|green|homme|joueur de golf|personne|pga|pitch|sport
🏌️‍♂️|golfeur|homme
🏌️‍♀️|femme|golfeuse|practice|sport
🏄|glisse|homme|mer|océan|personne faisant du surf|plage|planche|sport|surf|vagues|personne qui fait du surf
🏄‍♂️|homme|surfeur
🏄‍♀️|femme|mer|océan|plage|sport|surfeuse|vagues
🚣|barque|bateau|lac|naviguer|pêche|personne ramant dans une barque|ramer|rameur|rivière|sport|personne qui rame dans une barque
🚣‍♂️|barque|bateau|homme|rameur dans une barque
🚣‍♀️|barque|bateau|femme|lac|navigation|pêche|plaisance|ramer|rameuse dans une barque|rivière|sport
🏊|crawl|eau|exercice|homme|nageur|natation|personne nageant|piscine|sport|nager|personne qui nage
🏊‍♂️|homme|nageur
🏊‍♀️|femme|nageuse|natation|sport
⛹️|athlétique|ballon|basket-ball|basketteur|dribble|joueur|match|personne avec ballon|sport|personne qui fait rebondir un ballon|rebondir
⛹️‍♂️|ballon|homme avec ballon|homme qui fait rebondir un ballon|rebondir
⛹️‍♀️|ballon|basket-ball|basketteuse|femme avec ballon|sport|femme qui fait rebondir un ballon|rebondir
🏋️|bodybuilding|entraînement|force|haltérophile|haltérophilie|homme|lever des poids|muscles|personne|poids|sport|haltère|levée
🏋️‍♂️|haltérophile|homme|haltère|levée|lever|poids
🏋️‍♀️|entraînement|exercice|femme|haltérophile|sport|haltère|levée|lever|poids
🚴|course|cycliste|guidon|homme|pédaler|personne|rouler|sport|tour de france|vélo|bicyclette|cyclisme|faire du vélo
🚴‍♂️|cyclisme|cycliste|homme|vélo|bicyclette|faire du vélo
🚴‍♀️|cyclisme|cycliste|femme|sport|vélo|bicyclette|faire du vélo
🚵|coureur|cyclisme|grimper|homme en vtt|montagne|personne en vtt|sport|tour de france|vélo|vtt|personne en vélo de montagne
🚵‍♂️|cycliste|homme en vtt|vélo|vtt|homme en vélo de montagne|montagne|vététiste
🚵‍♀️|cycliste|femme en vtt|montagne|sport|vélo|vttiste|femme en vélo de montagne|vététiste
🤸|agilité|athlète|faire la roue|femme faisant la roue|gymnaste|gymnastique|personne faisant la roue|roue|sport
🤸‍♂️|acrobatie|content|faire la roue|garçon|gymnastique|homme faisant la roue|personne|roue|souple|sport|gymnaste
🤸‍♀️|acrobatie|exercice|faire la roue|femme faisant la roue|gymnaste|gymnastique|personne|roue|sport
🤼|bataille|lutteurs|personnes faisant de la lutte|sport
🤼‍♂️|athlètes|bataille|force|hommes|lutteurs|personnes|sport|sur le ring
🤼‍♀️|bataille|combat|duel|femmes|lutteuses|personnes|sport
🤽|ballon|homme qui joue au water-polo|personne jouant au water-polo|piscine|sport|water-polo|personne qui joue au water-polo
🤽‍♂️|ballon|eau|homme|jeu|joueur de water-polo|match|personne|piscine|sport|water-polo
🤽‍♀️|ballon|femme|joueuse de water-polo|nager|personne|piscine|sport|water-polo
🤾|athlète|ballon|handballeur|lancer|personne jouant au handball|sport|personne qui joue au handball
🤾‍♂️|handballeur|homme|sport
🤾‍♀️|athlète|attaquante|ballon|femme|handballeuse|personne|sport|tir
🤹|artiste|cirque|gérer|jongler|jongleur|multitâche|personne qui jongle
🤹‍♂️|acrobatie|artiste|balles|cirque|homme|jonglage|jongleur|multitâche|personne
🤹‍♀️|femme|jonglage|jongleuse|multitâche
🧘|détendu|femme|lotus|méditation|personne assise en position du lotus|personne dans la posture du lotus|position du lotus|relaxation|tailleur|yoga|zen
🧘‍♂️|homme dans la posture du lotus|méditation|position du lotus|yoga
🧘‍♀️|femme dans la posture du lotus|méditation|position du lotus|yoga
🛀|baignoire|bain|personne prenant un bain|personne qui prend un bain
🛌|auberge|bonne nuit|coucher|dodo|dormir|fatigué|hôtel|lit|personne au lit|sieste
🧑‍🤝‍🧑|couple homosexuel|deux personnes se tenant la main|gay|main|personnes se tenant par la main|poignée de main|tenir la main|tenir par la main
👭|amies|amitié|amoureuses|couple|deux femmes se donnant la main|deux femmes se tenant la main|femmes|filles|gay|homosexuelles|jumelles|lesbiennes|lgbtqia|main dans la main|meilleures amies|petite amie|rendez-vous|sœurs|meilleure amie|se tenant par la main
👫|amis|amoureux|couple|femme et homme se tenant la main|homme et femme se donnant la main|main dans la main|petit ami|petite amie|rendez-vous|ensemble|homme et femme se tenant par la main|se tenant par la main|union
👬|amis|amitié|amoureux|couple|deux hommes se donnant la main|deux hommes se tenant la main|fils|frères|gay|gémeaux|hommes|homosexuels|jumeaux|lgbt|main dans la main|meilleurs amis|petit ami|rendez-vous|zodiaque|deux hommes se tenant par la main|ensemble|se tenant par la main|union
💏|amour|anniversaire|baiser|bisou|couple|femme|homme
💑|amour|anniversaire|cœur|couple avec cœur|femme|homme|rendez-vous
🗣️|parler|silhouette|tête qui parle|parole|visage
👤|buste|mystère|ombre|silhouette de buste
👥|amis|bff|bustes|gens|meilleur ami|meilleure amie|meilleures amies|meilleurs amis|personnes|silhouettes de bustes|tout le monde
🫂|accolade|amitié|au revoir|bonjour|câlin|embrassades|étreinte|gratitude|merci|personnes qui s’étreignent
👪|enfant|famille avec un père, une mère et un fils|femme|fils|garçon|homme|mère|père
🧑‍🧑‍🧒|adulte|enfant|famille : adulte, adulte, enfant
🧑‍🧑‍🧒‍🧒|adulte|enfant|famille : adulte, adulte, enfant, enfant
🧑‍🧒|enfant|famille : adulte, enfant|famille monoparentale
🧑‍🧒‍🧒|enfant|famille : adulte, enfant, enfant|famille monoparentale
👣|empreintes|pieds nus|traces de pas|pas
🫆|dermatoglyphe|données biométriques|empreinte digitale|identité|sécurité
🐵|animal|georges le petit curieux|singe|sourire|tête de singe|visage
🐒|animal|primate|singe
🦍|animal|gorille|primate
🦧|animal|orang-outan|primate|singe
🐶|animal domestique|chien|chiot|tête de chien|visage|compagnie|domestique
🐕|aboyer|animal domestique|chien|compagnie|domestique
🦮|accessibilité|animal|aveugle|chien guide|guide|malvoyant|non-voyant|chien-guide
🐕‍🦺|accessibilité|aide|animal|assistance|chien d’assistance|chien-guide|handicap
🐩|animal|caniche|chien|compagnie|domestique
🐺|animal|loup|louve|tête de loup
🦊|animal|nature|renard|tête|visage
🦝|animal|curieux|raton laveur|sournois
🐱|animal|chaton|miaou|minou|tête de chat|compagnie|domestique
🐈|animal domestique|chaton|miaou|miauler|compagnie|domestique
🐈‍⬛|animal|chaton|félin|halloween|malchanceux|matou|miaou|noir|superstition
🦁|animal|astrologie|crinière|fort|horoscope|lion|roi|rugissement|safari|savane|tête de lion|visage|zodiaque
🐯|animal|félin|prédateur|tête de tigre|tigre|visage
🐅|animal|félin|prédateur|tigresse|zoo
🐆|animal|félin|léopard|prédateur|zoo
🐴|animal|cheval|dressage|équitation|ferme|jument|tête de cheval
🫎|animal|bois|cervidé|élan|mammifère|orignal|ramure
🫏|âne|animal|bourricot|mammifère|mule|têtu
🐎|animal|cheval|course hippique|hippodrome|tiercé|équestre|hippique
🦄|animal|licorne|licrone|tête de licorne
🦓|animal|noir et blanc|rayures|zèbre|zébrure
🦌|animal|bois|cerf
🦬|animal|bison|buffle|cornes|herbivore|nature|troupeau
🐮|animal|lait|meuh|tête de vache|vache|visage
🐂|animal|astrologie|bœuf|ferme|horoscope|taureau|zodiaque
🐃|animal|buffle|corne|zoo
🐄|animal|ferme|lait|meuh|vache
🐷|animal|cochon|ferme|porc|tête de cochon|visage
🐖|animal|cochon|ferme|gros|jambon|porc|truie
🐗|animal|game of thrones|sanglier
🐽|animal|cochon|ferme|flair|groin|museau|porc|sentir|tête de cochon|nez
🐏|animal|astrologie|bélier|corne|ferme|horoscope|mouton|zodiaque
🐑|animal|bêler|brebis|doux|ferme|laine|lait|mouton
🐐|animal|astrologie|capricorne|chèvre|ferme|fromage|horoscope|lait|zodiaque
🐪|animal|bosse|désert|dromadaire|une bosse
🐫|animal|chameau à deux bosses|désert|deux bosses|bosses
🦙|alpaca|alpaga|animal|guanaco|laine|lama|llama|pérou|vicuña|vigogne
🦒|animal|cou|girafe|taches
🐘|animal|éléphant|pachyderme|trompe
🦣|animal|défenses|extinction|géant|grand|laineux|mammouth|gros animal
🦏|animal|corne|rhinocéros
🦛|animal|hippopotame
🐭|animal|souris|tête de souris|visage
🐁|animal|souris
🐀|animal|rat
🐹|animal domestique|hamster|tête de hamster|visage|compagnie|domestique
🐰|animal domestique|dents|lapin|tête de lapin|compagnie|domestique
🐇|animal domestique|lapin|compagnie|domestique
🐿️|animal|écureuil|noisettes|suisse|tamia
🦫|animal|barrage|castor|dents|rongeur
🦔|animal|épines|épineux|hérisson|piquant|porc-épic
🦇|animal|chauve-souris|vampire
🐻|animal|miel|nounours|ours brun|teddy|tête|visage
🐻‍❄️|arctique|blanc|ours polaire
🐨|animal|australie|koala
🐼|animal|panda|tête de panda|visage
🦥|aï|animal|endormi|lent|paresseux
🦦|animal|joueur|loutre|mignon|pêcheur
🦨|animal|mouffette|odeur|puer|putois|bête puante
🦘|austalie|joey|kangoo|kangourou|marsupial|marsupiaux|saut|bébé kangourou
🦡|animal|blaireau|ratel
🐾|empreintes d’animaux|empreintes de pattes|pattes|foulées|marques|pas|traces
🦃|action de grâces|animal|dinde|dindon|oiseau|thanksgiving|volaille
🐔|animal|coq|ferme|oiseau|poulet|volaille
🐓|animal|coq|oiseau|volaille
🐣|animal|bébé|éclosion|naissance|naître|nouveau-né|œuf|oiseau|poussin qui éclôt
🐤|animal|oiseau|poussin|tête de poussin
🐥|animal|bébé|nouveau-né|oiseau|poussin de face
🐦|animal|oiseau|ornithologie
🐧|animal|antarctique|banquise|manchot|oiseau|pingouin
🕊️|animal|colombe|oiseau|paix|rameau|voler
🦅|aigle|animal|oiseau|rapace
🦆|animal|canard|coin-coin|oiseau
🦢|animal|cygne|jeune cygne|oiseau|vilain petit canard
🦉|animal|chouette|hibou|oiseau|sage
🦤|animal|dodo|dronte|espèce éteinte|extinction|grand|maurice|oiseau|gros oiseau
🪶|écrire|écrivain|léger|oiseau|plumage|plume|voler
🦩|animal|flamant|oiseau|rose|tropical
🦚|animal|bel oiseau|coloré|fier|fière|oiseau|paonne|prétentieux
🦜|animal|oiseau|parle|perroquet|pirate|répète
🪽|aile|angélique|aviation|céleste|mythologie|oiseau|s’élever|s’envoler|voler
🐦‍⬛|animal|bec|corbeau|corneille|corvidé|croasser|merle|noir|oiseau
🪿|animal|bête|cacarder|canard|jars|oie|oiseau|troupeau|volaille|volée
🐦‍🔥|ailes|cendres|feu|gloire|immortel|mythologie|oiseau|phénix|renaissance|renaître|revivre|transformation
🐸|animal|crapaud|grenouille|tête de grenouille
🐊|alligator|animal|caïman|crocodile|reptile|zoo
🐢|animal|carapace|lentement|reptile|tortue
🦎|animal|lézard|reptile
🐍|animal|reptile|serpent à sonnette|venin|serpentaire|zodiaque
🐲|animal|dragon|mythe|tête de dragon|tradition|conte|fantastique
🐉|animal|chine|chinois|dragon|game of thrones|mythe|tradition|contes|fantastique|fées|merveilleux
🦕|animal|brachiosaure|brontosaure|dinosaure|diplodocus|sauropode
🦖|animal|dinosaure|t-rex|t. rex|tyrannosaure|tyrannosaurus rex
🐳|animal|baleine avec évent|baleine soufflant par son évent|mer|océan|plage|souffle|baleine qui expulse de l’eau|expulse de l’eau
🐋|animal|baleine|mer|océan|plage
🐬|animal|dauphin|flipper|mer|océan|plage
🫍|baleine|marin|océan|épaulard|gibard
🦭|animal|lion de mer|océan|otarie|phoque
🐟|alimentation|animal|astrologie|horoscope|manger|nourriture|poissons|repas|zodiaque
🐠|animal|poisson tropical|tropical
🐡|animal|poisson-lune|poisson-globe
🦈|animal|dents de la mer|poisson|requin
🐙|animal|créature|mer|mollusque|océan|pieuvre|poulpe
🐚|animal|conque|coquillage|coquille en spirale|mer|plage|spirale
🪸|corail|océan|réchauffement climatique|récif
🪼|aïe|animal|aquarium|brûlure|gélatineux|invertébré|marin|méduse|mer|mou|océan|piqûre|plancton|tentacules|vie marine
🦀|animal|astrologie|cancer|crabe|horoscope|mer|pinces|plage|zodiaque
🦞|animal|bisque|fruit de mer|fruits de mer|homard|pinces
🦐|aliment|crevette|crustacé|fruits de mer|nourriture
🦑|aliment|animal|calamar|encornet|mollusque|nourriture
🦪|coquillage|coquille|huître|mollusque|perle
🐌|animal|escargot|jardin|lentement|nature
🦋|animal|insecte|mignon|papillon|printemps
🐛|animal|chenille|insecte|jardin
🐜|animal|fourmi|insecte|jardin
🐝|abeille|animal|bourdon|guêpe|insecte|miel|nature|printemps
🪲|animal|insecte|scarabée
🐞|animal|coccinelle|insecte|jardin|nature|bête à bon dieu|catherine|coléoptère
🦗|animal|criquet|insecte|sauterelle
🪳|animal|blatte|cafard|coquerelle|insecte|nuisible
🕷️|animal|araignée|insecte
🕸️|araignée|toile d’araignée
🦂|animal|astrologie|désert|horoscope|scorpion|zodiaque
🦟|fièvre|infection|insecte|maladie|malaria|moustique|piqûre|virus
🪰|animal|asticot|insecte|maladie|mouche|nuisible|pourrissement|puanteur|putréfaction|tsé-tsé|ver
🪱|animal|annélide|insecte|lombric|parasite|ver de terre
🦠|amibe|bactérie|biologie|microbe|microorganisme|phagocytose|pseudopode|science|virus
💐|amoureux|anniversaire|bouquet|fleurs|plante|rendez-vous|roses
🌸|bourgeon|fleur de cerisier|plante|printemps|cerisier
💮|fleur blanche|blanche
🪷|beauté|bouddhisme|calme|fleur|hindouisme|lotus|pureté|sérénité
🏵️|plante|rosette
🌹|amour|beauté|fleur|plante|rose|rouge|saint-valentin
🥀|fanée|fleur|mort|rose
🌺|fleur|hibiscus|plante
🌻|champs|fleur|plante|soleil|tournesol
🌼|bourgeon|bouton d’or|dent-de-lion|fleur|pissenlit|plante|printemps
🌷|bourgeon|fleur|plante|printemps|tulipe
🪻|fleurir|indigo|jacinthe|lavande|lilas|lupin|mauve|muflier|plante|printemps|violet
🌱|germe|jeune plant|jeune pousse|plante|plantule|pousser|printemps|semis
🪴|décoration|ennuyeux|faire pousser|intérieur|nature|plante en pot|pousser|prendre soin|inutile
🌲|arbre|conifère|feuilles persistantes|forêt|pin|plante|sapin de noël|feuillage persistant
🌳|arbre à feuilles caduques|feuilles caduques|feuillu|forêt|nature|plante
🌴|arbre|cocotier|palmier|plage|plante|tropical|tropiques
🌵|cactus|désert|épines|nature|piquant|plante|sécheresse
🌾|grain|plant de riz|plante|riz
🌿|arbre|feuilles|plante
🍀|4|chance|feuilles|irlande|plante|porte-bonheur|trèfle à quatre feuilles|quatre feuilles
🍁|automne|érable|feuille d’érable|feuille morte|tomber
🍂|automne|feuille morte|feuilles mortes|tomber|morte
🍃|bourrasque|feuille virevoltante|souffle|tourbillon de feuilles|vent|virevolter|virevoltante
🪹|branches|faire son nid|maison|nid vide
🪺|branches|faire son nid|nid avec œufs|oiseau
🍄|champignon vénéneux|mario|plante|vénéneux
🪾|arbre sans feuille|aride|hiver|sécheresse|bois|branches|dénudé|dépouillé|mort|sans feuille|tronc
🍇|fruit|nourriture|raisin
🍈|fruit|melon
🍉|fruit|pastèque|melon d’eau
🍊|agrume|clémentine|fruit|mandarine|nourriture|orange|vitamine c|tangerine
🍋|acide|agrume|citron|fruit|nourriture|zeste
🍋‍🟩|acide|agrume|citron|fruit|lime|mojito|tropical|vert|zeste
🍌|banane|fruit|nourriture|potassium
🍍|ananas|fruit|nourriture|tropical
🥭|fruit|mangue|nourriture|tropical|tropique
🍎|fruit|nourriture|pomme rouge|rouge
🍏|fruit|nourriture|pomme verte|verte
🍐|fruit|nourriture|poire
🍑|fruit|nourriture|pêche
🍒|cerises|fruit|nourriture
🍓|fraise|fruit|nourriture
🫐|airelles|baies|bleuets|fruit|myrtilles|nourriture|violet
🥝|fruit|kiwi|nourriture
🍅|fruit|légume|nourriture|plante|tomate
🫒|aliment|apéritif|apéro|nourriture|olive|olivier|rameau
🥥|coco|fruit|noix de coco|nourriture|palmier|piña colada
🥑|avocat|fruit|nourriture
🍆|aubergine|légume|nourriture
🥔|légume|nourriture|patate|pomme de terre|purée
🥕|carotte|légume|nourriture
🌽|épi de maïs|ferme|maïs|nourriture|blé d’inde|épi de blé d’inde
🌶️|nourriture|piment rouge|piquant
🫑|légume|piment|poivron rouge|poivron vert
🥒|concombre|cornichon|légume|nourriture
🥬|bok choy|chou chinois|chou frisé|chou pommé|kale|laitue|légume à feuilles vertes|salade|chinois|frisé|pommé
🥦|broccoli|brocoli|chou sauvage|légume
🧄|ail|aromate|assaisonnement|condiment|légume|vampire|aromatisant
🧅|assaisonnement|condiment|légume|ognon|oignon|aromatisant
🥜|cacahuètes|noisette|nourriture|arachides
🫘|haricot rouge|haricots|légume|légumineuse|nourriture|petit|rognon|fèves
🌰|châtaigne|marron|nourriture|plante
🫚|bière|épice|gingembre|naturel|racine de gingembre|santé
🫛|cosse de petits pois|edamame|fève|haricot|légume|légumineuse|pois|soja
🍄‍🟫|automne|brun|cèpe|champignon|fongus|marron|nature|nourriture
🫜|betterave|jardin|légume|navet|racine|nourriture|radis|salade|végétarien
🍞|miche|nourriture|pain de mie|baguette
🥐|croissant|nourriture|pain|petit-déjeuner|viennoiserie
🥖|baguette|nourriture|pain
🫓|arepa|galette|gordita|lavash|naan|nourriture|pain plat|pita
🥨|bretzel|nourriture|torsade
🥯|bagel|boulangerie|petit-déjeuner|sandwich|schmear
🥞|goûter|nourriture|pancakes|petit-déjeuner|crêpes
🧇|brunch|gaufre|gourmandise|goûter|moule|pâtisserie|petit déjeuner|petit-déjeuner
🧀|fromage|nourriture|part de fromage|morceau
🍖|nourriture|os|viande sur un os|viande sur son os
🍗|cuisse de poulet|dinde|nourriture|os|poulet|volaille
🥩|côtelette d’agneau|côtelette de porc|morceau de viande|nourriture|steak|viande rouge
🥓|bacon|lard|nourriture|porc|viande
🍔|burger|cheeseburger|fast food|hamburger|nourriture|hambourgeois
🍟|fast food|frites|potatoes|potatœs|patate
🍕|fromage|nourriture|part|pepperoni|pizza|tranche
🌭|hot dog|nourriture|saucisse de francfort|chien chaud|francfort
🥪|nourriture|pain de mie|pique-nique|sandwich
🌮|mexicain|nourriture|taco
🌯|burrito|kebab|mexicain|wrap
🫔|mexicain|nourriture|pamonha|papillote|tamal
🥙|falafel|kebab|nourriture|pain pita|chichekébab|doner|gyro|kébab|pain plat garni|pita
🧆|boulettes|falafels|pois chiches|seitan|soja|viande
🥚|nourriture|œuf|aliment
🍳|cuisine|friture|nourriture|œuf au plat|petit-déjeuner|poêle à frire|se faire cuire un œuf
🥘|casserole|espagne|paella|plat mitonné|poêle|riz|nourriture|repas
🍲|marmite|nourriture|ragoût|bol de nourriture
🫕|bourguignonne|chocolat|fondue|fromage|plat|poêlon|savoyarde|ski|suisse
🥣|bol avec cuillère|bol avec une cuillère|céréales|congee|déjeuner|petit déjeuner|soupe
🥗|nourriture|salade|verte
🍿|cinéma|nourriture|pop-corn|popcorn
🧈|beurre|gras|produit laitier
🧂|condiment|salé|salière|saveur|sel|mélangeur
🥫|aliments en conserve|boîte de conserve|conserve|nourriture
🍱|bento|boîte|déjeuner|nourriture
🍘|cracker|galette de riz|nourriture|riz|craquelin
🍙|boulette de riz|nourriture|onigiri|plat|riz|japonaise
🍚|bol de riz|nourriture|riz
🍛|curry|nourriture|riz au curry|cari|carry|cary|kari
🍜|bol fumant|nouilles|nourriture|ramen|vapeur
🍝|italien|nourriture|pâtes|restaurant|sauce bolognaise|spaghetti
🍠|nourriture|patate douce au four|douce|grillée
🍢|brochette de poisson|fruits de mer|nourriture|restaurant|oden
🍣|japonais|nourriture|poisson|riz|sushi
🍤|beignet de crevette|crevette frite
🍥|croquette de poisson|narutomaki|nourriture|poisson|restaurant|gâteau au poisson|pâté de poisson|surimi avec décoration
🥮|automne|festival|gâteau de lune|moon cake|yuèbǐng
🍡|bonbons|brochette de bonbons|dango|dessert|japonais|nourriture|sucré
🥟|boulette de pâte|dumpling|empanada|gyoza|jiaozi|pierogi|potsticker|ravioli|gyōza
🥠|biscuit chinois|nourriture|prophétie
🥡|baguettes|boîte à emporter|carton|chinois|nourriture à emporter
🍦|cornet de glace|dessert|glace italienne|nourriture|sucré|crème glacée molle
🍧|coupe de glace|crème glacée|dessert|glace|granité|nourriture|restaurant|sucré|pilée
🍨|coupe de glace|crème glacée|dessert|glace|nourriture|restaurant|sucré
🍩|dessert|donut|doughnut|goûter|nourriture|sucré|sucrerie|beignet
🍪|biscuit|cookie|dessert|gâteau|goûter|nourriture|pépites de chocolat|sucré
🎂|anniversaire|bougies|dessert|fête|gâteau d’anniversaire|goûter|joyeux anniversaire|nourriture|pâtisserie|gâteau de fête
🍰|dessert|gâteau sablé|goûter|nourriture|pâtisserie|sucré|part|sucrerie
🧁|cupcake|dessert|muffin|pâtisserie|sucrerie|petit gâteau
🥧|décoration|garniture|gâteau|nourriture|pâte à tarte|pâtisserie|tarte aux fruits|tourte
🍫|barre chocolatée|chocolat|dessert|goûter|nourriture|sucré|tablette de chocolat
🍬|bonbon|dessert|goûter|nourriture|sucré|sucrerie
🍭|dessert|goûter|nourriture|sucette|sucré|sucrerie|suçon
🍮|crème renversée|dessert|flan|nourriture|pudding|sucré|crème caramel
🍯|miel|nourriture|ours|pot de miel|sucré
🍼|bébé|biberon|boisson|lait|naissance|nouveau-né|tétine
🥛|boisson|lait|verre de lait
🫖|boisson chaude|infusion|théière
🍵|boisson|tasse de thé sans anse|thé
🍶|boisson|bouteille et verre|restaurant|saké|verre|bar|tasse
🍾|alcool|boisson|bouchon|bouteille de champagne|champagne|félicitations|fête|pop
🍷|alcool|bar|boisson|club|restaurant|verre à vin|verre de vin|vin
🍸|alcool|bar|boisson|club|cocktail|martini|verre à cocktail|verre à pied
🍹|alcool|bar|boîte|cocktail tropical|fête|tequila sunrise|verre|tropical
🍺|alcool|bar|bière|boisson|chope de bière|oktoberfest|picoler|pinte|santé
🍻|alcool|bière|boisson|santé|tchin|trinquer|bar|chopes de bière qui tintent
🥂|alcool|célébrer|champagne|fêter|santé|tchin|trinquer|boisson|verres qui tintent
🥃|alcool|liqueur|tumbler|verre|whisky|bourbon|spiritueux
🫗|accident|boisson|eau|oups|renverser|verre|verser un liquide|vider
🥤|boisson|eau|gobelet avec paille|jus de fruits|soda|verre avec une paille|paille|verre avec paille
🧋|boba|boisson|bubble tea|bulle|lait|paille|thé aux bulles|thé aux perles|thé froid|zenzou|perles
🧃|boisson|briquette de jus|carton|jus de fruits|paille|boîte à boire
🧉|boisson|maté
🧊|cube|froid|glace|glaçon|iceberg
🥢|baguettes|hashi
🍽️|assiette et couverts|couteau|cuisine|fourchette et couteau avec assiette|restaurant|table|couverts
🍴|couteau et fourchette|couverts|faim|fourchette et couteau|manger|nourriture|repas|restaurant
🥄|couvert|cuillère|manger
🔪|arme|chef|couteau de cuisine|cuisine|outil
🫙|bocal|condiments|conserver|pot|récipient|rien|sauce|vide
🏺|amphore|astrologie|cuisine|grec|grèce|horoscope|vase|verseau|zodiaque
🌍|afrique|espace|europe|globe présentant l’europe et l’afrique|globe tourné sur l’afrique et l’europe|monde|planète|terre|globe qui montre l’europe et l’afrique
🌎|amérique|espace|globe présentant l’amérique|globe tourné sur les amériques|monde|planète|terre|globe qui montre l’amérique
🌏|asie|australie|espace|globe présentant l’asie et l’australie|globe tourné sur l’asie et l’australie|monde|planète|terre|globe qui montre l’asie et l’australie
🌐|globe avec méridiens|globe terrestre|internet|méridiens|monde|net|toile|globe qui montre les méridiens|terre
🗺️|carte du monde|monde|planisphère|voyage
🗾|carte du japon|japon|voyage
🧭|boussole|compas|direction|magnétique|navigation|orientation
🏔️|froid|montagne enneigée|neige|sommet|voyage|enneigée
⛰️|montagne|nature|sommet|voyage
🛘|avalanche|catastrophe|coulée de boue|danger|glissement de terrain|montagne|rochers|tremblement de terre
🌋|éruption|lave|nature|volcan|montagne
🗻|mont fuji|montagne|nature|sommet|voyage|fuji
🏕️|camping|nature|tente avec un sapin|voyage
🏖️|parasol|plage avec parasol|voyage
🏜️|désert|voyage
🏝️|cocotier|île déserte|palmier|voyage|déserte
🏞️|nature|parc national|voyage|national
🏟️|stade
🏛️|colonnes|monument classique|voyage|classique
🏗️|chantier|construction d’un bâtiment|grue|bâtiment
🧱|argile|briques|mortier|mur de briques|the wall|voie 9 3/4
🪨|caillou|dur|pierre|rocher|solide|lourde
🪵|arbre|bois|bûcheron|rondins|tronc
🛖|abri|case|hutte|maisonnette|yourte|ronde
🏘️|bâtiments|maisons|pavillons
🏚️|maison abandonnée|abandonnée|ruine
🏠|bâtiment|foyer|maison simple|pavillon|résidentiel
🏡|foyer|jardin|maison avec jardin|pavillon|résidentiel|logement
🏢|bureaux|immeuble de bureaux|ville
🏣|bâtiment|bureau de poste japonais|japon|poste japonaise|voyage
🏤|bâtiment|bureau de poste|européen|poste
🏥|bâtiment|docteur|hôpital|urgences|médecine
🏦|banque|bâtiment
🏨|bâtiment|hôtel|voyage
🏩|amour|bâtiment|cœur|love hotel|voyage|couples|hôtel pour couples
🏪|24h/24|bâtiment|épicerie|magasin|supérette|supermarché|dépanneur
🏫|bâtiment|école
🏬|bâtiment|centre commercial|grand magasin|magasin
🏭|bâtiment|usine
🏯|bâtiment|château|japonais|voyage
🏰|bâtiment|château|européen|voyage
💒|amour|chapelle|cœur|église|mariage|idylle
🗼|japon|tokyo|tour de tokyo|voyage
🗽|liberté|new york|statue de la liberté|voyage
⛪|bâtiment|chapelle|chrétien|croix|église|religion|voyage
🕌|islam|mosquée|musulmane|religion|voyage
🛕|bouddhisme|hindou|pagode|religion|stupa|temple bouddhiste
🕍|judaïsme|juif|juive|religion|synagogue|temple|voyage
⛩️|religion|sanctuaire shinto|shinto|voyage
🕋|islam|kaaba|musulmane|religion|voyage
⛲|eau|fontaine
⛺|camping|nature|tente|voyage
🌁|brouillard|brume|voyage
🌃|étoiles|nuit étoilée|ville|voyage|étoilée
🏙️|bâtiment|ville|voyage|paysage urbain
🌄|matin|nature|soleil levant derrière les montagnes|voyage|lever de soleil sur les montagnes|montagnes
🌅|lever de soleil|matin|nature|soleil levant|voyage|levant
🌆|coucher de soleil|crépuscule|immeubles|soir|soleil|tombée de la nuit|ville au crépuscule|voyage|paysage urbain
🌇|coucher de soleil en ville|crépuscule|soir|soleil|tombée de la nuit|ville|voyage
🌉|nuit|pont de nuit
🎠|cheval de manège|manège|carrousel
🛝|aire de jeu|glissade|jouer|toboggan
🎡|attractions|grande roue|parc d’attractions|roue
🎢|attractions|montagnes|parc d’attractions|russes
💈|barbier|coiffeur|coiffure|enseigne de barbier|salon
🎪|chapiteau|cirque
🚂|chemin de fer|locomotive|machine à vapeur|moyen de transport|rail|tchou tchou|train|vapeur|voyage
🚃|chemin de fer|moyen de transport|rail|train|tramway|voiture|voyage|wagon|électrique|trolley
🚄|chemin de fer|moyen de transport|rail|rapide|tgv|train à grande vitesse|vitesse|voyage|grande vitesse|shinkansen
🚅|chemin de fer|moyen de transport|rail|rapide|tgv|train à grande vitesse|voyage|shinkansen|superexpress|vitesse
🚆|arrivée|chemin de fer|moyen de transport|rail|train|voyage
🚇|métro|moyen de transport
🚈|métro léger|monorail|moyen de transport|rail|rer|chemin de fer|train de banlieue
🚉|chemin de fer|gare|moyen de transport|rail|rer|train
🚊|moyen de transport|rer|tramway|transport|trolleybus
🚝|monorail|moyen de transport|véhicule
🚞|chemin de fer|moyen de transport|rail|train de montagne|voyage|wagon|montagne|voiture
🚋|moyen de transport|tram|trolleybus|voiture|voyage|wagon de tramway
🚌|bus|école|moyen de transport|véhicule|autobus
🚍|bus de face|bus qui arrive|car|moyen de transport|à l’arrivée|autobus|de face
🚎|bus|moyen de transport|tramway|trolleybus
🚐|bus|minibus|moyen de transport|navette|véhicule
🚑|ambulance|urgences|véhicule
🚒|camion de pompier|pin-pon|pompier|autopompe|incendie
🚓|flic|patrouille|police|véhicule|voiture de police
🚔|police|véhicule|voiture de police de face|voiture de police qui arrive|de face
🚕|moyen de transport|taxi jaune|uber|véhicule
🚖|joe le taxi|new york|taxi de face|taxi jaune|uber|voiture|de face
🚗|automobile|conduire|moyen de transport|véhicule|voiture|voyage|char
🚘|automobile|conduire|moyen de transport|véhicule|voiture de face|voiture qui arrive|voyage|char|de face
🚙|automobile|conduire|loisirs|moyen de transport|véhicule de loisirs|véhicule utilitaire sport|voiture|voyage|sport|utilitaire
🛻|auto|camion benne|camionnette|pick-up|pickup|plateau|poids lourd|transports|véhicule
🚚|camion de livraison|camionnette|moyen de transport|véhicule|livraison
🚛|camion|moyen de transport|poids lourd|semi-remorque|véhicule
🚜|moyen de transport|tracteur|véhicule
🏎️|course automobile|formule 1|voiture de course
🏍️|course|moto
🛵|scooter|scouteur
🦽|accessibilité|fauteuil roulant manuel|handicap
🦼|accessibilité|fauteuil motorisé|fauteuil roulant motorisé|handicap
🛺|rickshaw|taxi|thaï|tricycle|tuk tuk
🚲|bicyclette|cyclisme|moyen de transport|vélo|voyage
🛴|trottinette
🛹|glisse|longboard|planche à roulettes|roulettes|skateboard
🛼|derby|patin à roulettes|roller|roulettes|sport
🚏|arrêt de bus|bus|autobus
🛣️|autoroute|route|voyage|voie publique
🛤️|chemin de fer|rail|train|voie ferrée|voyage
🛢️|baril de pétrole|pétrole
⛽|diesel|essence|gazole|pompe à essence|station|carburant
🛞|cercle|pneu|roue|tourner|véhicule|voiture
🚨|alarme|alerte|gyrophare|lumière|police|sirène|urgences|voiture
🚥|carrefour|croisement|feu de circulation|feu tricolore horizontal|tricolore|circulation|horizontal
🚦|carrefour|croisement|feu de circulation|feu tricolore vertical|tricolore|circulation|vertical
🛑|octogonal|panneau|signe|stop
🚧|barrière|travaux
🛟|bouée de sauvetage|flotter|sauver|sauveteur|secours|sécurité
⛵|bateau|mer|moyen de transport|plaisance|voilier|voyage|yacht|voile
🛶|bateau|canoë|ramer
🚤|bateau|été|hors-bord|luxe|moyen de transport|vedette|voyage
🛳️|bateau|croisière|paquebot|voyage
⛴️|bateau|ferry|moyen de transport|voyage|passager|traversier
🛥️|bateau à moteur|moteur
🚢|bateau|croisière|moyen de transport|navire|paquebot|titanic|voyage|passager
🛩️|avion|moyen de transport|petit avion|voyage
🛫|avion au décollage|décollage|départ|moyen de transport|voyage|embarquement
🛬|arrivée|atterrissage|avion à l’atterrissage|moyen de transport|voyage|débarquement
🪂|chute libre|parachute ascensionnel|parapente|sensations fortes
💺|chaise|fauteuil|place|siège
🚁|hélicoptère|moyen de transport|véhicule
🚟|moyen de transport|train suspendu|voyage|suspendu
🚠|montagne|moyen de transport|ski|télécabine|téléphérique
🚡|moyen de transport|télécabine|tramway aérien|funiculaire|téléphérique|voiture|wagon
🛰️|espace|satellite
🚀|décollage|espace|fusée|moyen de transport|voyage
🛸|alien|extraterrestre|ovni|soucoupe volante
🛎️|cloche de comptoir|clochette|hôtel|réception|sonnette|comptoir
🧳|bagage|valise|voyage
⌛|chronomètre|minuteur|sable|sablier|temps
⏳|attendre|chronomètre|minuteur|sable|sablier avec sable qui coule|temps|en cours
⌚|heure|montre
⏰|alarme|attendre|dring|heure|matin|retard|réveil|sonnerie
⏱️|chronomètre|heure|temps
⏲️|heure|horloge|minuteur|temps|minuterie
🕰️|horloge posée|pendule de cheminée
🕛|0 h|12 h|heure|horloge|midi pile|midi/minuit|minuit pile
🕧|00 h 30|12 h 30|heure|horloge|midi/minuit et demie|midi et demie|minuit et demie
🕐|1 h|13 h|heure|horloge|treize heures|une heure
🕜|1 h 30|13 h 30|heure|horloge|treize heures trente|une heure et demie
🕑|14 h|2 h|deux heures|heure|horloge|quatorze heures
🕝|14 h 30|2 h 30|deux heures et demie|heure|horloge|quatorze heures trente
🕒|15 h|3 h|heure|horloge|quinze heures|trois heures
🕞|15 h 30|3 h 30|heure|horloge|quinze heures trente|trois heures et demie
🕓|16 h|4 h|quatre heures|seize heures
🕟|16 h 30|4 h 30|heure|horloge|quatre heures et demie|seize heures trente
🕔|17 h|5 h|cinq heures|dix-sept heures|heure|horloge
🕠|17 h 30|5 h 30|cinq heures et demie|dix-sept heures trente|heure|horloge
🕕|18 h|6 h|dix-huit heures|heure|horloge|six heures
🕡|18 h 30|6 h 30|dix-huit heures trente|heure|horloge|six heures et demie
🕖|19 h|7 h|dix-neuf heures|heure|horloge|sept heures
🕢|19 h 30|7 h 30|dix-neuf heures trente|heure|horloge|sept heures et demie
🕗|20 h|8 h|heure|horloge|huit heures|vingt heures
🕣|20 h 30|8 h 30|heure|horloge|huit heures et demie|vingt heures trente
🕘|21 h|9 h|neuf heures
🕤|21 h 30|9 h 30|heure|horloge|neuf heures et demie|vingt et une heures trente
🕙|10 h|22 h|dix heures|heure|horloge|vingt-deux heures
🕥|10 h 30|22 h 30|dix heures et demie|heure|horloge|vingt-deux heures trente
🕚|11 h|23 h|heure|horloge|onze heures|vingt-trois heures
🕦|11 h 30|23 h 30|heure|horloge|onze heures et demie|vingt-trois heures trente
🌑|espace|lune|nouvelle lune|sombre
🌒|espace|lune croissante|nuit|premier croissant
🌓|espace|lune|nuit|premier quartier de lune|quartier
🌔|croissant|espace|gibbeux|lune gibbeuse croissante|nuit|gibbeuse croissante
🌕|espace|lune|nuit|pleine lune
🌖|décroissant|espace|gibbeux|lune gibbeuse décroissante|nuit|gibbeuse décroissante
🌗|dernier quartier de lune|espace|lune|quartier
🌘|croissant de lune|espace|lune décroissante|lune descendante|nuit|dernier
🌙|croissant de lune|espace|lune|nuit|ramadan
🌚|espace|lune|nouvelle lune à visage|nouvelle lune avec visage|nuit|visage
🌛|croissant de lune|espace|lune à visage|nuit|premier quartier de lune avec visage|quartier|visage
🌜|croissant de lune|dernier quartier de lune avec visage|lune à visage|nuit|quartier|visage
🌡️|météo|thermomètre
🌝|lune à visage|nuit|pleine lune avec visage|sourire|visage
🌞|chaleur|chaud|éclatant|ensoleillé|jour|lumière|météo|plage|rayon de soleil|soleil à visage|soleil avec visage|visage
🪐|anneaux|planète à anneaux|saturne|saturnienne
⭐|astronomie|nuit|étoile moyenne
🌟|éclat|étincelant|étincelle|étoile brillante|nuit étoilée|succès|brillante
🌠|espace|étoile filante|nuit|filante
🌌|espace|voie lactée
⛅|caché|météo|nuageux|soleil derrière les nuages|soleil derrière nuages|soleil derrière un nuage
⛈️|éclair|météo|nuage avec éclair et pluie|orage|pluie
🌤️|caché|météo|nuage|soleil derrière petit nuage|soleil derrière un petit nuage|petit nuage
🌥️|caché|météo|nuage|soleil derrière gros nuage|soleil derrière un gros nuage|gros nuage
🌦️|caché|gouttes|météo|pluie|soleil derrière un nuage de pluie|nuage de pluie
🌧️|averse|gouttes|mauvais temps|météo|nuage avec pluie|nuage de pluie|pluie
🌨️|flocons|froid|hiver|météo|neige|nuage avec neige|nuage de neige
🌩️|éclair|nuage avec éclair|nuage avec un éclair|orageux|temps|météo
🌪️|cyclone|météo|nuage|tornade|tourbillon
🌫️|brouillard|brume|fog|météo|nuage
🌬️|météo|nuage|souffle|vent avec visage|visage du vent
🌀|cyclone|spirale|tourbillon|typhon|vertige|ouragan
🌈|arc-en-ciel|bisexuelle|gay pride|homosexuelle|lesbienne|lgbtqia|météo|nature|pluie|transgenre
🌂|météo|parapluie fermé|pluie|fermé|vêtement
⛱️|météo|parapluie au sol|parasol sur le sol|plage|pluie|soleil|voyage
⚡|courant|danger|éclair|électricité|haute tension|nature|orage|symbole haute tension|tension|vitesse|électrocuter
⛄|bonhomme de neige sans flocons|bonhomme de neige sans neige|froid|neige|sans
🔥|allumer|brûler|chaud|feu|flamme|fournaise|incendie|outil
💧|bd|eau|froid|goutte d’eau|larme|météo|nature|pluie|sueurs froides|tristesse|bande dessinée|gouttelette
🌊|eau|kanagawa|lame|large|marée|mer|nature|océan|remous|rouleau|surf|vague
🎃|citrouille|halloween|lanterne
🎄|arbre|fêtes|guirlandes|noël|sapin de noël|célébration
🎆|14 juillet|artifice|fête|feu d’artifice|célébration
🎇|14 juillet|artifice|cierge magique|étincelles|fête|feu d’artifice|bengale|célébration
🧨|dynamite|étincelle|explosif|explosive|feu d’artifice|pétard|tnt
🎈|anniversaire|ballon de baudruche|ballon gonflable|fête
🎉|anniversaire|cotillons|fête|super|célébration|confettis|cornet
🎊|anniversaire|confettis|fête|boule|célébration
🎋|arbre à vœux|fête|prières|tanabata|vœux|arbre à prières|japonais
🎍|bambou décoratif|fête|japonais|plante|célébration|composition florale japonaise
🎎|festival|poupées japonaises|japonaises
🎏|carpe|fête|koinobori
🎐|carillon éolien|clochette|fête|vent|carillon à vent
🎑|cérémonie de la lune|lune|cérémonie d’observation de la lune
🧧|argent|bonne chance|cadeau|enveloppe rouge|hóngbāo|lai see
🎀|fête|nœud|ruban rose
🎁|anniversaire|cadeau emballé|fête|noël|nœud|surprise|célébration|présent
🎗️|mémoire|ruban de mémoire|souvenir|commémoratif
🎟️|billet d’entrée|place|spectacle|entrée
🎫|billet|place|spectacle
🎖️|médaille militaire|décoration|militaire
🏆|championne|coupe|gagner|prix|trophée|victoire
🏅|championne|médaille d’or|médaille sportive|vainqueur|victoire|sportive
🥇|1er|médaille d’or|or|premier|1re|première place
🥈|2e|argent|deuxième|médaille d’argent|place
🥉|3e|bronze|médaille de bronze|troisième|place
⚽|balle|ballon de football|football|sport|soccer
⚾|balle de baseball|baseball|sport
🥎|balle|gant|softball|sports|molle
🏀|ballon|basket-ball|panier|sport|basketball
🏐|ballon|jeu|match|sport|volley-ball
🏈|ballon|football américain|sport|super bowl
🏉|ballon|rugby|sport
🎾|balle de tennis|sport|tennis|raquette
🥏|discoplane|disque volant|disque-volant|frisbee|sport|ultimate|ultime-passe|disque d’équipe
🎳|boule|bowling|partie|quilles|sport|strike|jeu de quilles
🏏|balle de cricket|batte|cricket|jeu|match|sport|bâton
🏑|balle|crosse|hockey sur gazon|sport|bâton|gazon
🏒|crosse|hockey sur glace|palet|sport|bâton|disque|glace|rondelle
🥍|balle|but|crosse|lacrosse|raquette|sport
🏓|balle|jeu|partie|ping-pong|raquette|sport|tennis de table|table
🏸|badminton|jeu|match|raquette|sport|volant|moineau
🥊|boxe|gant de boxe|sport
🥋|arts martiaux|judo|karaté|kimono|sport|taekwondo|tenue d’arts martiaux|uniforme d’arts martiaux
🥅|but|cage|filet|sport
⛳|drapeau de golf|golf|sport|trou
⛸️|glace|patin à glace|patiner|patinoire|sport
🎣|canne à pêche|pêche à la ligne|sport|ligne
🤿|apnée|masque de plongée|masque et tuba|plongée|plonger|snorkeling|tuba
🎽|athlétisme|course à pied|jogging|maillot de course|running|sport|tee-shirt de course
🎿|neige|sport|skis
🛷|glisser|luge|neige|traîneau
🥌|curling|granit|jeu|match|partie|pierre de curling|sport
🎯|cible|dans le mille|fléchettes|jeu
🪀|descendre|jouet|monter|osciller|yoyo
🪁|cerf-volant|planer|voler
🔫|arme à feu|flingue|pistolet à eau|revolver
🎱|8|billard|boule de billard|boule magique|huit|jeu|pool
🔮|avenir|boule de cristal|cristal|magie|voyante
🪄|abracadabra|baguette magique|magie|sorcier|sorcière|sort|tour de magie|magicienne
🎮|jeu vidéo|joystick|manette|playstation|xbox
🕹️|jeu vidéo|joystick|manette de jeu
🎰|casino|jeu|machine à sous
🎲|dés|hasard|jeu
🧩|assemblage|énigme|indice|interloqué|pièce de puzzle|pièce manquante|puzzle|casse-tête
🧸|jeu|jouet|nounours|ours en peluche|peluche|toutou
🪅|5 mai|bonbons|cinco de mayo|confiseries|fête|mexicain|piñata
🪩|boule à facettes|briller|danse|disco|fête|soirée
🪆|emboîté|empiler|jouet|matriochka|poupée gigogne|poupée russe|poupées russes|russe|russie
♟️|duper|échec|pion d’échec|sacrifiable
🃏|carte joker|cartes à jouer|jeu|joker
🀄|dragon rouge mahjong|jeu|mah-jong|mahjong|rouge
🎴|carte à jouer|fleurs|japonais|jeu des fleurs
🎭|acteur|actrice|masque|spectacle vivant|théâtre|arts du spectacle
🖼️|art|cadre avec image|image|musée|peinture|tableau encadré
🎨|artiste|couleurs|musée de peinture|palette de peinture|peindre|peintre|peinture
🧵|aiguille|bobine de fil|coudre|couture|ficelle|fil
🪡|aiguille à coudre|broderie|coudre|couture|fil à coudre|points|suture|tailleur
🧶|boule|crochet|fil|laine|pelote|tricot
🪢|attacher|corde|entrelacer|lien|nœud|noué|tordre
👓|accessoire|lunettes de vue|œil|vêtements|yeux
🕶️|lunettes de soleil|lunettes noires|soleil
🥽|lunettes de chimiste|lunettes de labo|lunettes de piscine|lunettes de protection|lunettes de soudage|lunettes de soudure|masque|natation|protection des yeux|soudage|soudure
🥼|blouse blanche|docteur|expérience|expérimentation|laboratoire|manteau blanc|médecin|scientifique|vêtements
🦺|chantier|fluo|gilet de sécurité|gilet jaune|gilet orange|sécurité|sûreté|visibilité|urgence|veste
👔|chemise|cravate|travail|vêtements
👕|bleu|chemise|courses|décontracté|polo|shopping|t-shirt|tee-shirt|vêtements|week-end|chandail|gaminet
👖|bleu|courses|denim|jean|pantalon|shopping|vêtements|week-end
🧣|cou|écharpe|foulard|froid|glagla|vêtements
🧤|gants|main|vêtements
🧥|froid|glagla|manteau|veste|vêtements
🧦|chaussettes|pieds|vêtements|bas
👗|courses|élégante|jolie|robe|shopping|vêtements
👘|kimono|vêtements
🥻|inde|mode|robe|sari|traditionnel|vêtement
🩱|maillot de bain une pièce|maillot une pièce
🩲|maillot de bain|slip de bain|sous-vêtement|une pièce|bobettes
🩳|baignade|caleçon|maillot de bain|piscine|plage|short de bain|sous-vêtement
👙|bikini|maillot de bain|nager|piscine|plage|vêtements
👚|chemise|chemisier|courses|femme|shopping|vêtements de femme
🪭|agiter|chaleur|charmer|chaud|danser|éventail|éventer|rafraîchir|timide
👛|accessoire|courses|monnaie|porte-monnaie|sac à main|shopping|vêtements
👜|accessoire|courses|sac à main|shopping|vêtements
👝|accessoire|pochette|sac à main|trousse|vêtements
🛍️|achats|courses|sacs de shopping|shopping|hôtel|magasinage|sacs de magasinage
🎒|cartable|école|sac à dos|sac d’école
🩴|claquettes|été|mer|plage|sandales de plage|tatanes|tongs|gougoune|zōri
👞|accessoire|chaussure d’homme|coup de pied|courses|homme|marron|pied|shopping|vêtements|soulier
👟|accessoire|athlétisme|basket|chaussure de sport|coup de pied|courir|courses|shopping|tennis|vêtements|vite|espadrille|sport
🥾|camping|chaussure de marche|chaussure de randonnée|chaussures de chantier|chaussures de montagne|chaussures de sécurité|chaussures marron|marche|randonnée|timberland|vêtements
🥿|ballerine|chaussure plate|chaussure sans lacets|chaussures plates|mule|vêtements|pantoufle
👠|accessoire|chaussure à talon haut|chaussure de femme|courses|mode|shopping|stilletto|talon aiguille|talon haut|vêtements|femme
👡|chaussure à talon|chaussure de femme|femme|sandale de femme|talon haut|vêtements|sandale à talon
🩰|ballerines|ballet|chaussons de danse|chaussures|classique|danse
👢|accessoire|botte de femme|chaussure|courses|femme|shopping|vêtements
🪮|afro|cheveux|démêler|démêloir|peigner
👑|accessoire|couronne|famille royale|monarchie|monarque|reine|roi|royauté|succès|vêtements
👒|chapeau de femme|femme|vêtements
🎩|accessoire|chapeau|élégant|haut de forme|haut-de-forme|magie|vêtements
🎓|accessoire|diplôme|étudiant|toque universitaire|université|vêtements|chapeau de diplômé|diplômé|mortier|remise de diplômes
🧢|baseball cap|casquette américaine|casquette de baseball|chapeau|vêtements
🪖|armée|casque|équipement|guerre|guerrier|militaire|protection|soldat
⛑️|assistance|casque croix blanche|casque de sauveteur|casque de secouriste|croix|secours|casque avec une croix blanche|chapeau|visage
📿|accessoire|chapelet|collier|perles|prière|religion|vêtements
💄|cosmétiques|maquillage|rendez-vous|rouge à lèvres
💍|alliance|amour|bague|brillant|diamant|étincelant|fiançailles|mariage|solitaire
💎|argent|bijou|diamant|fiançailles|joyau|mariage|pierre précieuse|romantique
🔇|chut|enceinte|haut-parleur barré|haut-parleur d’enceinte|muet|silence|sourdine|son coupé
🔈|enceinte|haut-parleur d’enceinte|volume bas|volume des enceintes faible|son bas|volume faible
🔉|enceinte|haut-parleur d’enceinte|volume des enceintes moyen|volume moyen|son moyen
🔊|enceinte|fort|haut-parleur d’enceinte|musique|volume des enceintes élevé|volume élevé|son élevé|son fort|son puissant|volume fort
📢|communication|fort|haut-parleur|mégaphone|message|son|bruyant|discours|porte-voix
📣|encourager|hourra|manifestation|mégaphone|porte-voix
📯|cor de facteur|cor postal|facteur|poste
🔔|clochette|sonner
🔕|alarme désactivée|barrée|cloche|silence|silencieux
🎼|musique|note|partition
🎵|musique|note de musique
🎶|musique|notes de musique|partition
🎙️|chant|enregistrement|micro de studio|microphone|musique|studio
🎚️|curseur de niveau|musique|niveau
🎛️|boutons de commande|boutons de contrôle|boutons de réglage|commande|musique|réglages
🎤|chanter|karaoke|karaoké|microphone|musique
🎧|écouteurs|musique|son|casque d’écoute
📻|actualités|communication|loisirs|musique|radio|vidéo
🎷|instrument|musique|saxophone
🎺|instrument|musique|trompette
🪊|instrument|musique|trombone
🪗|accordéon|bandonéon|concertina|instrument|mélodie|musique|piano à bretelles
🎸|guitare électrique|instrument|musique
🎹|clavier|instrument|musique|piano|touches
🎻|instrument|musique|violon
🪕|banjo|cordes|instrument à cordes|musique
🥁|baguettes|batterie|musique|tambour
🪘|battement|conga|djembé|instrument|musique|percussions|rythme|tambour
🪇|cha cha cha|danser|fête|hochet|instrument|maracas|musique|percussion|secouer
🪈|bois|fanfare|fifre|flûte à bec|flûtiste|instrument|musique|orchestre|piccolo
🪉|amour|cupidon|harpe|instrument|musique|orchestre
📱|communication|smartphone|téléphone portable|téléphone cellulaire
📲|appel entrant|communication|recevoir un appel|smartphone|téléphone portable avec une flèche|téléphone cellulaire précédé par une flèche
☎️|téléphone rouge
📞|combiné téléphonique|communication|téléphone|récepteur téléphonique
📟|bipeur|communication|pager|téléavertisseur
📠|communication|fax|télécopieur
🔋|pile|batterie
🪫|batterie faible|déchargé|électronique|énergie faible|pile faible
🔌|branché|câble avec fiche électrique|électricité|prise électrique
💻|bureau|ordinateur portable|travail
🖥️|moniteur|ordinateur de bureau
🖨️|imprimante|imprimer|ordinateur
🖱️|informatique|souris d’ordinateur
🖲️|boule de commande|informatique|ordinateur|souris à boule|trackball
💽|disque d’ordinateur|minidisc|disque dur|optique|ordinateur
💾|disquette|informatique|ordinateur
💿|blu-ray|cd|disque|dvd|ordinateur
📀|blu-ray|cd|disque|dvd|ordinateur
🧮|abaque|boulier|calculation|mathématiques
🎥|caméra|cinéma|filmer|réalisateur|réalisatrice|vidéo
🎞️|bande|cinéma|film|pellicule
📽️|cinéma|film|projecteur cinématographique|vidéo
🎬|action|ça tourne|clap|film
📺|petit écran|téléviseur|télévision|tv|vidéo
📷|appareil photo|photo|selfie|vidéo
📸|appareil photo avec flash|flash
📹|caméra|caméscope|filmer|vidéo
📼|cassette vidéo|magnétoscope|vhs|vidéocassette|vintage
🔍|agrandir|chercher|détective|loupe gauche|loupe orientée à gauche|outil|rechercher
🔎|agrandir|chercher|détective|loupe droite|loupe orientée à droite|outil|rechercher
🕯️|bougie|chandelle|lumière
💡|allumer|ampoule|bande dessinée|bd|dessin|idée|lampe|lumière
🔦|lampe électrique|lampe torche|lumière|outil|torche|lampe de poche
🏮|japonais|lampion rouge|lumière|restaurant|rouge|lanterne d’izakaya
🪔|ārtī|diwali|diya|fête inde|huile|lampe à beurre|lampe inde
📔|cahier|école|écrire|livre|bloc-notes|carnet avec couverture décorative|couverture
📕|apprendre|école|enseignement|lire|littérature|livre fermé|livre rouge|manuel scolaire|savoir
📖|apprendre|bibliothèque|école|enseignement|étudier|lecture|lire|littérature|livre ouvert|manuel scolaire|roman|savoir
📗|apprendre|bibliothèque|école|enseignement|étudier|lecture|lire|littérature|livre vert|manuel scolaire|savoir
📘|apprendre|école|éducation|lecture|lire|littérature|livre bleu|manuel scolaire|roman
📙|apprendre|école|éducation|lecture|lire|littérature|livre orange|manuel scolaire|roman
📚|apprendre|bibliothèque|école|enseignement|étudier|lecture|lire|littérature|livres|manuels scolaires|roman|savoir
📓|cahier|carnet|écrire
📒|cahier|carnet de compte|classeur|grand livre
📃|document|page enroulée
📜|papier|parchemin
📄|document|page
📰|actualités|communication|gros titres|journal|presse|une
🗞️|actualités|journal roulé|presse
📑|marqueur|onglets|signets
🔖|marque-page|marqueur|signet
🏷️|étiquette
🪙|argent|euro|fortune|métal|or|pièce de monnaie|riche|sou|trésor|monnaie
💰|argent|avare|banque|dollar|parier|payer|sac d’argent|sac plein d’argent
🪎|argenterie|bijoux|butin|objets de valeur|or|pierre précieuse|richesse
💴|argent|billet de banque|billet en yens|payer|yens
💵|argent|billet de banque|billet en dollars|dollar|payer
💶|argent|billet de banque|billet en euros|euros|payer
💷|argent|billet de banque|billet en livres|livres|payer
💸|ailes|argent|billet avec des ailes|billet de banque|dollars|payer
💳|argent|bancaire|banque|carte de crédit|payer|crédit
🧾|comptabilité|comptable|facture|faire les comptes|justificatif|preuve|reçu|ticket de caisse
💹|banque|courbe avec yen en hausse|croissance|devise|graphique|hausse|marché|monnaie|tendance|yen|courbe croissante précédée du symbole du yen
📧|courriel|courrier électronique|e-mail|lettre|message
📨|courriel|courrier électronique|e-mail|enveloppe|envoyer|lettre|message électronique|message reçu|recevoir
📩|communication|courriel|courrier électronique|e-mail|enveloppe avec flèche|envoi|envoyer|flèche|message électronique|message envoyé
📤|boîte d’envoi|courriel|courrier électronique|e-mail|envoyer|flèche|lettre|message électronique
📥|boîte de réception|courriel|courrier électronique|e-mail|flèche|lettre|message électronique|recevoir
📦|boîte|colis|livraison|paquet
📫|boîte aux lettres fermée drapeau levé|courrier|boîte aux lettres fermée avec drapeau levé|drapeau levé
📪|boîte aux lettres fermée drapeau baissé|courrier|boîte aux lettres fermée avec drapeau baissé|drapeau baissé
📬|boîte aux lettres ouverte drapeau levé|courrier|boîte aux lettres ouverte avec drapeau levé|drapeau levé
📭|boîte aux lettres ouverte drapeau baissé|courrier|baissé|drapeau|lettres|ouverte
📮|boîte aux lettres|courrier|poste|boîte postale
🗳️|a voté|bulletin de vote|urne électorale avec un bulletin|voter
✏️|crayon à papier|gomme|mine
🖋️|écrire|stylo plume|stylo-plume
🖊️|écrire|stylo bille|stylo-bille
🖌️|peinture|pinceau
🖍️|crayon pastel|pastel|rouge|crayon de cire
📝|bloc-notes|crayon|écrire|mémo
💼|accessoire|bureau|cartable|porte-documents
📁|dossier|fichier|répertoire
📂|dossier ouvert|ouvrir le dossier|répertoire
🗂️|classement|classeur|index|intercalaires
📅|calendrier|date
📆|agenda|date|éphéméride|planning|calendrier à effeuiller
🗒️|bloc-notes à spirales|cahier|notes
🗓️|bloc-notes|calendrier à spirales
📇|carnet d’adresses|carte|fiche|index|rolodex|vintage
📈|croissance|données|graphique en hausse|hausse|haut|tendance
📉|baisse|bas|chute|données|graphique en baisse|négatif|tendance|négative
📊|données|graphiques à barres|barres
📋|fournitures|liste|porte-bloc|presse-papiers
📌|fournitures|punaise|épingle
📍|carte|emplacement|fournitures|punaise ronde|épingle à tête ronde
📎|fournitures|trombone
🖇️|fournitures|trombones accrochés
📏|fournitures|mathématiques|règle plate
📐|équerre|fournitures|mathématiques
🗃️|boîte à dossiers|classeur|dossier
🗄️|classement|classer|classeur|dossier|meuble à dossiers
🗑️|corbeille à papiers|poubelle
🔒|cadenas fermé|privé|verrouillé|verrouiller|fermé
🔓|cadenas|déverrouiller|ouvert|ouvrir|déverrouillé
🔏|cadenas avec un stylo plume|cadenas fermé avec stylo|confidentiel|privé|stylo plume|verrouillé|confidentialité|encre
🔐|cadenas avec une clé|cadenas fermé avec clé|clé|fermé|privé|sécurisé|verrouillé|sûr
🔑|clé|mot de passe|ouvrir|serrure
🗝️|clé ancienne|fermer|indice|serrure|verrouiller
🔨|marteau|outil|réparer|travaux
🪓|bois|bûcheron|fendre|hachette
⛏️|mine|outil|pioche|pic
🛠️|clé à molette|marteau et clé à molette|outils
🗡️|arme|couteau|dague|poignard
💣|bande dessinée|bd|bombe|boum|danger|dessin|explosion
🪃|aborigène|australie|boomerang|jeu|outil|répercussion|retour
🏹|arc et flèche|archer|astrologie|flèche|horoscope|sagittaire|sport|tir à l’arc|zodiaque
🛡️|arme|bouclier
🪚|bois|outil|scie à bois|scie égoïne|scier
🔧|clé à molette|outil|travaux
🪛|outillage|tournevis|vis
🔩|boulon|écrou|outil|travaux|vis et écrou
🗜️|compresser|comprimer|outil|serre-joints|étau
🦯|accessibilité|aveugle|canne blanche|déficient visuel|malvoyant
🔗|chaîne|chaînons|maillons|mousqueton
⛓️‍💥|chaîne brisée|chaîne cassée|chaîne rompue|liberté
⛓️|chaînes
🪝|accrocher|appâter|attraper|capitaine|crochet|ferrer|hameçonner
🧰|boîte à outils|caisse à outils|coffre|mécanique|mécano|outils
🧲|aimanter|attirer|attraction|fer à cheval|magnet|magnétique|positif négatif
🪜|ascension|barreau|échelle|échelon|escabeau|grimper|monter
🪏|bêche|creuser|pelle|trou
🧪|chimie|chimiste|expérience|expérimentation|laboratoire|réaction|sciences|tube à essai
🧫|bactérie|bactériologie|biologie|biologiste|boîte de petri|boîte de pétri|culture|laboratoire|micro-organismes|microbiologie|science
🧬|adn|biologie|biologiste|évolution|gène|génétique|science|vie
🔬|expérience|laboratoire|microscope|outil|science
🔭|astronomie|espace|outil|planètes|science|télescope
📡|antenne parabolique|parabole|satellite|science
💉|aiguille|docteur|malade|médecine|piqûre|seringue|vaccination
🩸|don du sang|goutte de sang|médecine|menstruations|règles|sang
💊|docteur|gélule|malade|médecine|médicament|pilule|vitamines
🩹|bandage|bobo|médecine|pansement|premiers secours|sparadrap
🩼|accident|aide|béquille|blessé|boiter|canne|handicap
🩺|cœur|diagnostic|docteur|médecine|poumons|stéthoscope
🩻|cage thoracique|docteur|médical|os|radiographie|rayons x|squelette
🚪|placard|porte d’entrée
🛗|accessibilité|ascenseur|descente|monte-charge|monte-personnes|montée
🪞|beauté|glace|image|maquillage|miroir|psyché|reflet
🪟|air frais|cadre|carreaux|fenêtre|ouverture|transparent|vitre|vue
🛏️|dormir|hôtel|lit
🛋️|canapé avec une lampe|canapé et lampe|lampe|divan|sofa et lampe
🪑|assis|chaise|siège
🚽|cabinets|toilettes|wc|cabinet de toilette|siège de toilette
🪠|bouché|déboucheur|dégorgement|outil|plombier|succion|toilettes|ventouse|débouchoir|force
🚿|douche|eau|pommeau de douche
🛁|baignoire|bain|mousse
🪤|apât|appât|fromage|leurre|piège à souris|rat|tapette à souris
🪒|coupant|lame|raser|rasoir|tranchant
🧴|après-shampoing|bouteille de lotion|crème hydratante|crème pour le corps|crème solaire|flacon|hydratant|lotion|shampoing|shampooing
🧷|couche|épingle à nourrice|épingle de nourrice|épingle de sûreté|imperdable|lange|punk rock
🧹|balais|balayage|ménage|nettoie|nettoyage|nettoyé|nettoyer|sorcière
🧺|agriculture|cueillette|lessive|linge|panier|pique-nique
🧻|essuie-tout|papier hygiénique|papier toilette|rouleau de papier|rouleau de pq|essuie-main
🪣|conteneur|plage|seau|chaudière
🧼|bain|bulles|lavage|laver|me laver|mousse|pain de savon|porte-savon|se laver|savonnette
🫧|bulles|propre|savon|sous l’eau
🪥|brosse à dents|brosser les dents|dentaire|dents|hygiène|laver les dents|salle de bain
🧽|absorbante|absorbe|éponge|laver|nettoyage|nettoyer|poreuse|savonner
🧯|chaud|éteindre|extincteur|feu|fire|incendie
🛒|caddie|chariot|courses|shopping|supermarché|panier d’épicerie
🚬|cigarette allumée|fumer|fumeur|signe fumeur
⚰️|cercueil|enterrement|mort|obsèques|vampire
🪦|cimetière|enterrement|funérailles|mémorial|mort|pierre tombale|rip|sépulture|stèle|tombe
⚱️|cendres|mort|obsèques|urne funéraire
🧿|amulette|l’oeil bleu|mauvais oeil|mauvais œil|nazar boncuk|nazarboncuk|œil bleu|perle|superstition|talisman turc
🪬|amulette|chance|fatma|hamsa|khamsa|main de fatma|myriam|protection
🗿|île de pâques|moai|moaï|monolithe|statue|voyage
🪧|affiche|écriteau|grève|manifestation|pancarte|panneau|protestation|signe
🪪|carte d’identité|justificatif|papiers|permis de conduire|pièce d’identité|sécurité
🏧|argent|banque|dab|distributeur automatiques de billets|distributeur de billets|retrait|bancaire|gab|guichet automatique bancaire
🚮|corbeille|déchets|icône poubelle|jeter|poubelle
🚰|eau du robinet|eau potable|robinet
♿|accès handicapés|fauteuil roulant|mobilité réduite|symbole accès handicapés|symbole de fauteuil roulant
🚹|homme|symbole homme|symbole toilettes hommes|wc|sanitaires|toilettes pour hommes
🚺|femme|symbole femme|symbole toilettes femmes|wc|sanitaires|toilettes pour femmes
🚻|panneau toilettes|toilettes|wc
🚼|bébé|espace de change|symbole bébé|table à langer
🚾|toilettes|wc|symbole toilettes
🛂|contrôle des passeports|passeport|douane
🛃|douanes
🛄|aéroport|arrivée|avion|bagages|retrait des bagages|valise|voyage|tapis à bagages
🛅|bagages|casier|clé|valise|consigne à bagages
⚠️|attention|avertissement|symbole d’avertissement
🚸|circulation|école|enfants|piétons|traversée d’enfants|attention|passage
⛔|circulation|entrée interdite|interdiction|interdit|non|panneau|sens interdit
🚫|entrée interdite|interdiction|interdit|symbole d’interdiction
🚳|bicyclette|interdiction|interdit|vélos interdits
🚭|cigarette barrée|fumer|interdiction de fumer|interdit de fumer|non fumeur
🚯|déchets|dépôt d’ordures interdit|interdiction|interdit|ne pas jeter|ordure
🚱|eau non potable|imbuvable|interdiction|interdit|ne pas boire|non potable
🚷|interdiction|interdit aux piétons
📵|interdiction|interdit|portable|téléphones portables interdits|cellulaire|mobile|téléphones cellulaires interdits
🔞|18 ans et plus|dix-huit|interdiction|interdit aux mineurs|interdit aux moins de dix-huit ans|limite d’âge|majorité|mineur
⬆️|direction|flèche haut|nord|sens|en haut|flèche pointant vers le haut|point cardinal
➡️|direction|droite|est|sens|à droite|flèche pointant vers la droite|point cardinal
⬇️|direction|flèche bas|sens|sud|en bas|flèche pointant vers le bas|point cardinal
⬅️|direction|flèche gauche|ouest|sens|à gauche|flèche pointant vers la gauche|point cardinal
↩️|flèche courbe gauche|courbe vers la gauche|flèche courbe vers la gauche
↪️|flèche courbe droite|courbe vers la droite|flèche courbe vers la droite
🔃|actualiser|flèches dans le sens horaire|sens des aiguilles d’une montre|sens horaire|symbole recharger|flèches verticales dans le sens horaire|horaire|recharger|vertical
🔄|actualiser|flèches dans le sens antihoraire|retour|sens antihoraire|sens contraire des aiguilles d’une montre|sens horaire inverse|sens inverse des aiguilles d’une montre|antihoraire|flèches verticales dans le sens antihoraire
🔙|flèche vers la gauche|retour|back|étiquette « back » et flèche
🔚|fin|flèche vers la gauche|end|étiquette « end » et flèche
🔛|activé|droite et gauche|flèche dans les deux sens|en marche|étiquette « on! » et flèche|on
🔜|bientôt|flèche|étiquette « soon » et flèche|soon
🔝|flèche en haut|flèche vers le haut|haut|dessus|étiquette « top » et flèche|top
🛐|culte|lieu de culte|prier|religion
⚛️|athée|atome|symbole de l’atome
🕉️|hindou|om|religion
☯️|complémentaire|religion|taoïsme|yang|yin
✝️|chrétienne|croix latine|religion
☪️|islam|lune et étoile|musulmane|ramadan|religion|croissant|étoile et croissant de lune
☮️|paix et amour|peace and love|symbole de paix
🕎|candélabre|chandelier à sept branches|hanoucca|hanoukka|judaïsme|juif|juive|menorah|religion
🔯|chance|judaïsme|juif|juive|6 branches|étoile à 6 branches et point au milieu|fortune|six branches
🪯|deg tegh fateh|foi|khalsa|khanda|religion|sikhisme
♊|astrologie|gémeaux|horoscope|zodiaque
♋|astrologie|cancer|crabe|horoscope|zodiaque
♌|astrologie|horoscope|lion|zodiaque
♍|astrologie|horoscope|vierge|zodiaque
♎|astrologie|balance|horoscope|justice|zodiaque
♏|astrologie|horoscope|scorpion|zodiaque
⛎|ophiuchus|serpentaire|zodiaque
🔀|bouton lecture aléatoire|flèches croisées|lecture aléatoire|aléatoire|bouton de lecture aléatoire|croisées
🔁|bouton répéter|bouton répétition|flèches en cercle|répéter|sens des aiguilles d’une montre|sens horaire|bouton de répétition|horaire|répétition
🔂|bouton répétition de la piste|flèches en cercle avec n°1|répéter une fois|sens des aiguilles d’une montre|sens horaire|bouton de répétition unique|horaire|répétition unique
▶️|bouton lecture|droite|flèche|lecture|lire|triangle|jouer
⏩|avance rapide|bouton avance rapide|double flèche|flèche avance rapide|bouton d’avance rapide|flèches|rapide
⏭️|bouton piste suivante|bouton suivant|double flèche|piste suivante|scène suivante|suivant|triangle|flèches
⏯️|bouton lecture/pause|flèche|lecture|pause|triangle|droite
◀️|bouton retour|flèche|gauche|retour|triangle
⏪|bouton retour rapide|double flèche|flèche retour rapide|retour rapide|bouton de retour rapide|flèches|rapide|rembobiner
⏮️|bouton piste précédente|bouton précédent|piste précédente|précédent|scène précédente|triangle|flèches
🔼|bouton haut|flèche|haut|petit triangle haut|bouton vers le haut|triangle
⏫|double flèche vers le haut|flèche double|flèche vers le haut|haut|rapide|accès rapide vers le haut|bouton d’accès rapide vers le haut|triangle
🔽|bas|bouton bas|flèche|petit triangle bas|bouton vers le bas|triangle
⏬|bas|double flèche vers le bas|flèche double|flèche vers le bas|rapide|accès rapide vers le bas|bouton d’accès rapide vers le bas|triangle
⏸️|bouton pause|pause|barres|double|vertical
⏹️|bouton stop|carré|stop
⏺️|bouton enregistrer|cercle|enregistrement|enregistrer|point blanc
⏏️|bouton éjecter|éjecter
🎦|caméra|cinéma|film
🔅|brillance|lumière|luminosité faible|soleil|faible
🔆|brillance|lumière|luminosité élevée|soleil|élevée
📶|barres de réseau|communication|couverture|portable|réception|réseau|téléphone|barres de signal
🛜|connexion|haut débit|hotspot|internet|ordinateur|réseau|routeur|sans fil|smartphone|wi-fi|wifi|wlan
📳|communication|mode vibreur|portable|téléphone|vibreur|cellulaire|mobile|vibration
📴|éteindre|portable|téléphone éteint|cellulaire|éteint|mobile
⚧️|symbole de la communauté transgenre|transgenre|symbole transgenre
🟰|égalité|mathématiques|réponse|signe égal gras
♾️|éternité|illimité|infini|universel
‼️|!!|double point d’exclamation|exclamation|point|ponctuation|surprise
💱|argent|banque|change|conversion de devise|devise
💲|argent|devise|dollar|espèces|payer|symbole dollar|symbole du dollar en gras
♻️|recyclage|symbole recyclage|symbole de recyclage
⚜️|blason|fleur de lis|fleur de lys|reine|roi|royauté française
🔱|ancre|bateau|fourche|mer|poséidon|trident
📛|badge nominatif|nom
🔰|chevron jaune et vert|débutant|symbole japonais de débutant|feuille|japonais|symbole japonais du débutant
⭕|0|anneau|cercle|gros cercle|o|rouge|grand
❌|×|annuler|croix rouge|multiplication|multiplier|x
❎|×|bouton croix|croix|multiplier|vert|x
➰|bouclette
➿|boucle|double boucle
〽️|alternance|symbole|marque
🫟|éclaboussure|holi|peinture|tache|dégât|encre|liquide|renversé
🔠|abcd|alphabet latin|lettres latines|majuscules|saisie en lettres majuscules|latin
🔡|abcd|alphabet latin|lettres latines|minuscules|saisie de lettres minuscules|latin
🔢|1234|chiffres|saisie de chiffres|nombres
🔣|saisie de symboles|symboles|&|%|♪|〒
🔤|abc|alphabet latin|lettres|saisie de lettres|latin
🅰️|a|groupe sanguin a
🆎|ab|groupe sanguin ab
🅱️|b|groupe sanguin b
🆑|bouton effacer|cl|effacer|icône effacer
🆒|bouton cool|cool|icône cool
🆓|bouton gratuit|gratuit|icône gratuit|bouton free|free
🆔|bouton|icône identifiant|identifiant
Ⓜ️|cercle|m encerclé
🆕|bouton nouveau|icône nouveau|nouveauté|bouton new|new
🆖|bouton ng|bouton pas bien|interdit|mauvais|ng|no go|not good|pas bien|pas bon
🅾️|groupe sanguin o|o
🆗|bouton ok|icône ok|ok
🅿️|bouton|panneau parking|parking|icône stationnement|stationnement
🆘|à l’aide|au secours|bouton sos|icône sos|sos|aide|secours
🆙|bouton vers le haut|icône nouveauté|nouveauté|up|icône up!
🆚|bouton vs|contre|icône contre|versus|vs|c.
🈁|bouton ici en japonais|ici|idéogramme katakana ici|japonais|katakana
🈂️|bouton frais de service en japonais|frais de service|idéogramme katakana|japonais
🈷️|bouton montant mensuel en japonais|idéogramme|japonais|montant mensuel
🈶|bouton pas gratuit en japonais|idéogramme|japonais|pas gratuit|payant|symbole japonais signifiant « payant »
🈯|bouton réservé en japonais|idéogramme|japonais|réservé|symbole japonais signifiant « réservé »
🉐|bonne affaire|bouton bonne affaire en japonais|idéogramme avantage|japonais|aubaine|symbole japonais signifiant « aubaine »
🈹|bouton réduction en japonais|idéogramme|japonais|rabais|réduction|symbole japonais signifiant « rabais »
🈚|bouton gratuit en japonais|gratuit|idéogramme|japonais
🈲|bouton interdit en japonais|idéogramme interdit|japonais|interdit
🉑|acceptable|accepter|bouton accepter en japonais|idéogramme|japonais
🈸|application|bouton application en japonais|idéogramme appliquer|japonais
🈴|bouton note pour réussir en japonais|idéogramme|japonais|note de passage|note pour réussir|passage
🈳|bouton chambres disponibles en japonais|chambres disponibles|idéogramme vide|japonais
🈺|bouton ouvert pour affaires en japonais|idéogramme|japonais|ouvert pour affaires|symbole japonais signifiant « ouvert »
🈵|bouton complet en japonais|complet|idéogramme plénitude|japonais|symbole japonais signifiant « complet »
🔴|cercle|disque rouge|forme géométrique|géométrie|rond|rouge|sphère
🟠|cercle|disque orange|forme géométrique|géométrie|orange|rond|sphère
🟡|cercle|disque jaune|forme géométrique|géométrie|jaune|rond|sphère
🟢|cercle|disque vert|forme géométrique|géométrie|rond|vert|sphère
🔵|bleu|cercle|disque bleu|forme géométrique|géométrie|rond|sphère
🟣|cercle|disque violet|forme géométrique|géométrie|rond|violet|sphère
🟤|brun|cercle|disque brun|disque marron|forme géométrique|géométrie|marron|rond|sphère
⚫|cercle|disque noir|forme géométrique|géométrie|noir|rond|sphère
⚪|blanc|cercle|disque blanc|forme géométrique|géométrie|rond|sphère
🟥|carré|forme géométrique|géométrie|rouge
🟧|carré|forme géométrique|géométrie|orange
🟨|carré|forme géométrique|géométrie|jaune
🟩|carré|forme géométrique|géométrie|vert
🟦|bleu|carré|forme géométrique|géométrie
🟪|carré|forme géométrique|géométrie|violet
🟫|carré brun|forme géométrique|géométrie|marron|brun
⬛|carré|forme géométrique|géométrie|grand carré noir
⬜|carré|forme|géométrie|grand carré blanc
◼️|carré moyen noir|forme géométrique|géométrie|carré noir de taille moyenne
◻️|carré moyen blanc|forme géométrique|géométrie|carré blanc de taille moyenne
◾|carré petit moyen noir|forme|géométrie|carré noir de taille intermédiaire
◽|carré petit moyen blanc|forme|géométrie|carré blanc de taille intermédiaire
▪️|carré|forme géométrique|géométrie|petit carré noir
▫️|carré|forme géométrique|géométrie|petit carré blanc
🔶|forme géométrique|géométrie|grand losange orange|losange|orange
🔷|forme géométrique|géométrie|grand losange bleu|grand losange orange|losange|bleu
🔸|forme géométrique|géométrie|losange|petit losange orange|orange
🔹|forme géométrique|géométrie|losange|petit losange bleu|bleu
🔺|flèche|forme géométrique|géométrie|rouge|triangle haut|triangle rouge pointant vers le haut|triangle rouge pointé vers le haut|triangle qui pointe vers le haut|triangle rouge qui pointe vers le haut
🔻|bas|flèche|forme|géométrie|rouge|triangle bas|triangle rouge pointant vers le bas|triangle rouge pointé vers le bas|triangle qui pointe vers le bas|triangle rouge qui pointe vers le bas
💠|bande dessinée|bd|dessin|diamant avec un point|géométrie|géométrique|intérieur
🔘|bouton|forme|géométrie|géométrique|radio|rond
🔳|carré blanc|forme|géométrie|bouton représentant un carré blanc
🔲|carré noir|forme|géométrie|bouton représentant un carré noir
🏁|course automobile|damier|drapeau à damier|formule 1|ligne d’arrivée|sport automobile|vainqueur
🚩|drapeau rouge|drapeau triangulaire|fanion|golf
🎌|drapeaux croisés|japonais
🏴|drapeau noir|drapeau qui flotte au vent
🏳️|drapeau blanc|drapeau qui flotte au vent
🏳️‍🌈|arc-en-ciel|drapeau|lgbt
🏳️‍⚧️|blanc|bleu clair|drapeau transgenre|rose|transgenre|bleu pâle
🏴‍☠️|drapeau de pirate|pillage|piller|pirate|trésor
🇦🇩|andorre
🇦🇪|émirats arabes unis
🇦🇫|afghanistan
🇦🇬|antigua-et-barbuda
🇦🇮|anguilla
🇦🇱|albanie
🇦🇲|arménie
🇦🇴|angola
🇦🇶|antarctique
🇦🇷|argentine
🇦🇸|samoa américaines
🇦🇹|autriche
🇦🇺|australie
🇦🇼|aruba
🇦🇽|îles åland|îles d’åland
🇦🇿|azerbaïdjan
🇧🇦|bosnie-herzégovine
🇧🇧|barbade
🇧🇩|bangladesh
🇧🇪|belgique
🇧🇫|burkina faso
🇧🇬|bulgarie
🇧🇭|bahreïn
🇧🇮|burundi
🇧🇯|bénin
🇧🇱|saint-barthélemy
🇧🇲|bermudes
🇧🇳|brunei|brunéi
🇧🇴|bolivie
🇧🇶|pays-bas caribéens
🇧🇷|brésil
🇧🇸|bahamas
🇧🇹|bhoutan
🇧🇼|botswana
🇧🇾|biélorussie|bélarus
🇧🇿|belize|bélize
🇨🇦|canada
🇨🇨|îles cocos (keeling)
🇨🇩|congo-kinshasa
🇨🇫|république centrafricaine
🇨🇬|congo-brazzaville
🇨🇭|suisse
🇨🇮|côte d’ivoire
🇨🇰|îles cook
🇨🇱|chili
🇨🇲|cameroun
🇨🇳|chine
🇨🇴|colombie
🇨🇶|sercq
🇨🇷|costa rica
🇨🇺|cuba
🇨🇻|cap-vert
🇨🇼|curaçao
🇨🇽|île christmas
🇨🇾|chypre
🇨🇿|tchéquie
🇩🇪|allemagne
🇩🇯|djibouti
🇩🇰|danemark
🇩🇲|dominique
🇩🇴|république dominicaine
🇩🇿|algérie
🇪🇨|équateur
🇪🇪|estonie
🇪🇬|égypte
🇪🇭|sahara occidental
🇪🇷|érythrée
🇪🇸|espagne
🇪🇹|éthiopie
🇪🇺|union européenne
🇫🇮|finlande
🇫🇯|fidji
🇫🇰|îles malouines
🇫🇲|micronésie
🇫🇴|îles féroé
🇫🇷|france
🇬🇦|gabon
🇬🇧|royaume-uni
🇬🇩|grenade
🇬🇪|géorgie
🇬🇫|guyane française
🇬🇬|guernesey
🇬🇭|ghana
🇬🇮|gibraltar
🇬🇱|groenland
🇬🇲|gambie
🇬🇳|guinée
🇬🇵|guadeloupe
🇬🇶|guinée équatoriale
🇬🇷|grèce
🇬🇸|géorgie du sud-et-les îles sandwich du sud
🇬🇹|guatemala
🇬🇺|guam
🇬🇼|guinée-bissau
🇬🇾|guyana
🇭🇰|r.a.s. chinoise de hong kong
🇭🇳|honduras
🇭🇷|croatie
🇭🇹|haïti
🇭🇺|hongrie
🇮🇨|îles canaries
🇮🇩|indonésie
🇮🇪|irlande
🇮🇱|israël
🇮🇲|île de man
🇮🇳|inde
🇮🇴|territoire britannique de l’océan indien
🇮🇶|irak
🇮🇷|iran
🇮🇸|islande
🇮🇹|italie
🇯🇪|jersey
🇯🇲|jamaïque
🇯🇴|jordanie
🇯🇵|japon
🇰🇪|kenya
🇰🇬|kirghizstan|kirghizistan
🇰🇭|cambodge
🇰🇮|kiribati
🇰🇲|comores
🇰🇳|saint-christophe-et-niévès|saint‑kitts‑et‑nevis
🇰🇵|corée du nord
🇰🇷|corée du sud
🇰🇼|koweït
🇰🇾|îles caïmans
🇰🇿|kazakhstan
🇱🇦|laos
🇱🇧|liban
🇱🇨|sainte-lucie
🇱🇮|liechtenstein
🇱🇰|sri lanka
🇱🇷|liberia|libéria
🇱🇸|lesotho
🇱🇹|lituanie
🇱🇺|luxembourg
🇱🇻|lettonie
🇱🇾|libye
🇲🇦|maroc
🇲🇨|monaco
🇲🇩|moldavie
🇲🇪|monténégro
🇲🇬|madagascar
🇲🇭|îles marshall
🇲🇰|macédoine du nord
🇲🇱|mali
🇲🇲|myanmar (birmanie)
🇲🇳|mongolie
🇲🇴|r.a.s. chinoise de macao
🇲🇵|îles mariannes du nord|mariannes du nord
🇲🇶|martinique
🇲🇷|mauritanie
🇲🇸|montserrat
🇲🇹|malte
🇲🇺|maurice
🇲🇻|maldives
🇲🇼|malawi
🇲🇽|mexique
🇲🇾|malaisie
🇲🇿|mozambique
🇳🇦|namibie
🇳🇨|nouvelle-calédonie
🇳🇪|niger
🇳🇫|île norfolk
🇳🇬|nigeria|nigéria
🇳🇮|nicaragua
🇳🇱|pays-bas
🇳🇴|norvège
🇳🇵|népal
🇳🇷|nauru
🇳🇺|niue
🇳🇿|nouvelle-zélande
🇴🇲|oman
🇵🇦|panama
🇵🇪|pérou
🇵🇫|polynésie française
🇵🇬|papouasie-nouvelle-guinée
🇵🇭|philippines
🇵🇰|pakistan
🇵🇱|pologne
🇵🇲|saint-pierre-et-miquelon
🇵🇳|îles pitcairn
🇵🇷|porto rico
🇵🇸|territoires palestiniens
🇵🇹|portugal
🇵🇼|palaos
🇵🇾|paraguay
🇶🇦|qatar
🇷🇪|la réunion
🇷🇴|roumanie
🇷🇸|serbie
🇷🇺|russie
🇷🇼|rwanda
🇸🇦|arabie saoudite
🇸🇧|îles salomon
🇸🇨|seychelles
🇸🇩|soudan
🇸🇪|suède
🇸🇬|singapour
🇸🇭|sainte-hélène
🇸🇮|slovénie
🇸🇰|slovaquie
🇸🇱|sierra leone
🇸🇲|saint-marin
🇸🇳|sénégal
🇸🇴|somalie
🇸🇷|suriname
🇸🇸|soudan du sud
🇸🇹|sao tomé-et-principe
🇸🇻|salvador
🇸🇽|saint-martin (partie néerlandaise)|saint-martin (pays-bas)
🇸🇾|syrie
🇸🇿|eswatini
🇹🇨|îles turques-et-caïques
🇹🇩|tchad
🇹🇫|terres australes françaises
🇹🇬|togo
🇹🇭|thaïlande
🇹🇯|tadjikistan
🇹🇰|tokelau
🇹🇱|timor oriental|timor-leste
🇹🇲|turkménistan
🇹🇳|tunisie
🇹🇴|tonga
🇹🇷|turquie
🇹🇹|trinité-et-tobago
🇹🇻|tuvalu
🇹🇼|taïwan
🇹🇿|tanzanie
🇺🇦|ukraine
🇺🇬|ouganda
🇺🇸|états-unis
🇺🇾|uruguay
🇺🇿|ouzbékistan
🇻🇦|état de la cité du vatican|cité du vatican
🇻🇨|saint-vincent-et-les grenadines
🇻🇪|venezuela|vénézuéla
🇻🇬|îles vierges britanniques
🇻🇮|îles vierges des états-unis|îles vierges américaines
🇻🇳|viêt nam|vietnam
🇻🇺|vanuatu
🇼🇫|wallis-et-futuna
🇼🇸|samoa
🇽🇰|kosovo
🇾🇪|yémen
🇾🇹|mayotte
🇿🇦|afrique du sud
🇿🇲|zambie
🇿🇼|zimbabwe
🏴󠁧󠁢󠁥󠁮󠁧󠁿|angleterre
🏴󠁧󠁢󠁳󠁣󠁴󠁿|écosse
🏴󠁧󠁢󠁷󠁬󠁳󠁿|pays de galles