⁉️|punteggiatura|punto esclamativo e interrogativo|punto interrogativo
ℹ️|informazioni|punto informazioni
↔️|destra|doppia direzione|doppia freccia|freccia sinistra-destra|larghezza|sinistra|tutte le direzioni
↕️|altezza|doppia direzione|doppia freccia|freccia su-giù|giù|su
↖️|direzione|freccia in alto a sinistra|in alto a sinistra|nord-ovest|punto intercardinale
↗️|direzione|freccia in alto a destra|freccia rivolta verso destra che punta in alto|in alto a destra|nord-est|punto intercardinale
↘️|direzione|freccia in basso a destra|in basso a destra|punto intercardinale|sud-est
↙️|direzione|freccia in basso a sinistra|in basso a sinistra|punto intercardinale|sud-ovest
⌨️|computer|tastiera senza fili
☀️|calore|luce|meteo|raggi|soleggiato|splendente
☁️|meteo|natura|nuvola nera|nuvoletta
☂️|meteo|ombrello|pioggia
☃️|freddo|inverno|meteo|neve|pupazzo di neve|pupazzo innevato
☄️|cometa|natura|spazio|stella cometa
☑️|fatto|grigio|riquadro con spunta|spunta
☔|diluvio|gocce d’acqua|meteo|natura|ombrello bagnato|ombrello con gocce di pioggia|pioggia
☕|bevanda calda|caffè|fumante|tè caldo|the|thè
☘️|foglia|irlanda|natura|trifoglio
☠️|letale|morte|ossa incrociate|pericolo|pirata|pirati|teschio con ossa incrociate
☢️|pericolo|radioattività|radioattivo|rifiuti tossici|scorie|simbolo della radioattività
☣️|biorischio|pericolo|rischio biologico|simbolo del rischio biologico|sostanze pericolose
☦️|cristianesimo|croce ortodossa|ortodossi|religione
☸️|buddhismo|dharmacakra|religione buddhista|ruota a otto raggi|ruota del dharma
☹️|corrucciato|faccina imbronciata|imbronciato|mettere il muso|molto imbronciato|triste
♈|ariete|segno zodiacale dell’ariete|zodiaco
♉|oroscopo|segno zodiacale del toro|toro|zodiaco
♐|oroscopo|sagittario|segno zodiacale del saggitario|zodiaco
♑|capricorno|oroscopo|segno zodiacale del capricorno|zodiaco
♒|acquario|segno zodiacale dell’acquario|zodiaco
♓|oroscopo|pesci|segno zodiacale dei pesci|zodiaco
♠️|carte|picche|seme
♣️|carte|fiori|seme
♥️|carte|cuore|cuori|seme
♦️|carte|quadri|rombo|seme
♨️|acqua sorgente|acqua termale|sorgenti termali|terme
⚒️|attrezzi|lavori manuali|manodopera|martello|operaio|piccone e martello|utensili
⚓|ancora|mare|marinaio|nave|simbolo
⚔️|armi|combattimento|duello|sfida|spada|spade incrociate
⚖️|bilancia a doppio piatto|chili|giustizia|grammi|pesare|piatti della bilancia|segno zodiacale|utensile
⚗️|alambicco|chimica|esperimento|strumento
⚙️|componente|ingranaggio|meccanismo|ruota dentata
✂️|forbici|strumento|tagliare|taglio
✅|baffo|fatto|pulsante segno di spunta|segno di spunta grande|spunta
✈️|aereo|aeroplano|jet|partenza|velivolo|viaggio
✉️|busta|comunicazione|corrispondenza|email|lettera|posta|ricevere posta
✒️|boccetta d’inchiostro|calamaio|inchiostro|pennino|scrivere a penna
✔️|baffo|fatto|segno di spunta nero|spunta
✖️|cancellare|croce|moltiplicazione|segno moltiplicazione|segno per|x
✡️|david|ebraismo|ebreo|sei punte|simbolo ebraico|stella a sei punte|stella di david
✨|scintille|spendente|stelle|stelline
✳️|*|asterisco|otto punte|stella
✴️|asterisco|otto punte|stella stilizzata
❄️|fiocco di neve|freddo|ghiaccio|inverno|meteo|neve
❇️|scintilla stilizzata|simbolo
❓|?|domanda|punteggiatura|punto di domanda pieno|punto interrogativo rosso
❔|?|domanda|punteggiatura|punto di domanda vuoto|punto interrogativo bianco|punto interrogativo grigio
❕|!|esclamazione|punteggiatura|punto esclamativo bianco|punto esclamativo grigio|punto esclamativo vuoto
❗|esclamazione|punteggiatura|punto esclamativo pieno|punto esclamativo rosso
❣️|cuore|punteggiatura|punto esclamativo a cuore|simbolo
❤️|amore|cuore|cuoricino|emozione|rosso
➕|+|addizione|croce|matematica|più|segno di addizione
➖|-|matematica|meno|segno di sottrazione|sottrazione|trattino
➗|÷|divisione|diviso|matematica|segno di divisione
⤴️|curva|freccia curva in alto|in alto|in sù|verso l’alto
⤵️|curva|freccia curva in basso|in basso|in giù|verso il basso
〰️|onda|ondulato|trattino
㊗️|cinese|congratulazioni|giapponese|ideogramma giapponese di congratulazioni
㊙️|cinese|giapponese|ideogramma giapponese di segreto|segreto
😀|allegria|allegro|denti|faccina con un gran sorriso|felice|molto felice|risata|sogghignare|sogghigno|sorriso
😃|bocca aperta|che bello|contento|denti|evvai|faccina con un gran sorriso e occhi spalancati|felice|felicità|ottimo|ridere|risata|sorridente|sorridere|sorriso a bocca aperta|urrà
😄|a crepapelle|bene|bocca aperta|faccina che ride|faccina con un gran sorriso e occhi sorridenti|faccina felice|felicità|occhi felici|ridere|risata|sorriso a bocca aperta
😁|denti|faccina che ride|faccina che sogghigna|faccina raggiante con occhi felici|molto felice|occhi felici|risata|sogghignare|sogghigno con occhi felici|sorriso
😆|ahahah|bocca aperta|faccina felice|faccina sorridente|felicissimo|lol|occhi chiusi|ridere|risata|sorridente|sorriso a bocca aperta con occhi chiusi
😅|emozionato|faccina con un gran sorriso e goccia di sudore|felice|goccia|nervoso|sollevato|sollievo|sorriso con goccia di sudore|stressato|sudore|teso
🤣|ahah|crepapelle|divertente|esilarante|faccia che si rotola|faccina che ride|felice|felicissimo|lacrime dal ridere|lmao|lol|molto felice|occhi chiusi|ridere a crepapelle|ridicolo|risata|rofl
😂|ahahaha|che ridere|contentissimo|contento|faccina che piange dal ridere|felice|felicissimo|felicità|gioia|lacrima|lacrime di gioia|lol|piangere dal ridere|ridere|risata|rofl
🙂|contento|faccina che sorride|faccina con sorriso accennato|felice|mezzo sorriso|ok|sorrisetto|sorriso a bocca chiusa|sorriso accennato|va bene
🙃|ah ah ah|ahahah|arrabbiato|capovolto|faccina|sarcastico|scombussolata|sottosopra|triste
🫠|afa|caldo|dissolversi|faccina che si scioglie|liquefarsi|liquido|sciogliendo|sciogliersi|sciolto|sparire|squagliando|squagliarsi
😉|capirsi|faccina che fa l’occhiolino|fare l’occhiolino|flirtare|intesa|occhiolino|sexy|strizzare l’occhio
😊|arrossire|bocca|faccina con occhi sorridenti|felice|felicità|imbarazzato|occhi sorridenti|sorriso|timido
😇|angelo|angioletto|aureola|faccina sorridente con aureola|innocente|santarellino|santo|sorriso con aureola|spirito
🥰|amore|cotta|cuoricini|faccina|innamoramento|sorriso|ti amo
😍|amore|cuore|faccina con sorriso e occhi a cuore|innamorato|occhi a cuore|romantico|sorriso con occhi a cuore
🤩|emozionante|emozionato|faccia sorridente|faccina con le stelle|felice|figata|figo|occhi a stella|stelline|wow
😘|amore|bacetti|bacini|buona notte|cuore|faccina che manda baci|innamorato|mandare baci|mi manchi|smack|ti amo|ti voglio bene
😗|appuntamento|bacio|bocca|buona notte|faccina che manda bacio|flirt|sbaciucchiare
☺️|contorno faccina sorridente|delineata|emozionarsi|faccina|felice|rilassata|sorridente
😚|amore|bacetti|bacio a occhi chiusi|buona notte|faccina che bacia con occhi chiusi|occhi chiusi|ti amo|ti voglio bene|tvb
😙|appuntamento|bacetti|buona notte|faccina che manda baci|occhi chiusi|occhi sorridenti|sorriso
🥲|commosso|dolore|emozionato|faccina sorridente con lacrima|felice|lacrima|orgoglioso|rincuorato
😋|buonissimo|buono|che buono|cibo delizioso|faccina che si lecca i baffi|gnam|golosa|goloso|leccarsi i baffi|slurp
😛|bello|faccina che fa la linguaccia|faccina che mostra la lingua|faccina con lingua fuori|fantastico|lingua fuori|linguaccia
😜|barzelletta|divertente|faccina che fa l’occhiolino e mostra la lingua|lingua fuori con occhiolino|linguaccia con occhiolino|occhiolino|pazzerello|pazzo|scherzo|sto scherzando|strano|yolo
🤪|faccina con occhi pazzi|faccina impazzita|faccina pazza|grande|inquietante|occhi diversi|occhio|pazzo|piccolo|sclerato
😝|bleah|faccina che strizza gli occhi e mostra la lingua|faccina con un gran sorriso che mostra la lingua|linguaccia con occhi chiusi|non mi piace|occhi chiusi|orribile|terribile
🤑|avarizia|avidità|avido|denaro|dollari|faccina con lingua verde|guadagnare|lingua|pagare|ricchezza|ricco|taccagno
🤗|abbracciare|abbraccio|ciao|faccina che abbraccia|imbarazzo|mani|mano|saluti|sorriso|ti voglio bene|tvb
🤭|faccina che sogghigna|imbarazzato|imbarazzo|mano davanti alla bocca|non ci credo|oddio|oops|ridacchiare|ridere|segreto|sogghignare|sorpresa
🫢|imbarazzo|incredibile|incredulità|meraviglia|non ci credo|non ci posso credere|ops|sconvolto|shock|sorpresa|spavento|stupore
🫣|curiosità|faccina che sbircia tra le dita|fissare|imbarazzo|incuriosito|nascondo|sbirciare|sbircio|spiare|timida|timido
🤫|dito|faccina che zittisce|muto|non parlare|segreto|silenzioso|zittire|zitto
🤔|arrovellarsi|concentrarsi|dubbio|faccina che pensa|faccina concentrata|mmm|pensare|scervellarsi
🫡|agli ordini|d’accordo|faccina che fa il saluto militare|militare|obbedisco|ok|saluto|signorsì|sissignora|sissignore|truppe|va bene
🤐|acqua in bocca|bocca a zip|bocca cucita|faccina con bocca con cerniera|faccina con zip|no comment|non parlare|non posso parlare|segreto|silenzio|zitto
🤨|diffidente|disappunto|eh|faccia con sopracciglia alzate|faccina con sopracciglio alzato|incredulo|mah|non ci credo|scetticismo|scettico|sconcertato|sorpresa|sorpreso
😐|ah|imbarazzato|imbarazzo|impassibile|mmm|neutro|no comment|non fa ridere|non rido|oh|senza espressione|senza parole|uh
😑|brutto|cattivo|come no|faccina|inespressiva|male|neutro|niente commenti|no comment|strano
😶|faccina senza bocca|muto|non parlo|non posso parlare|segreto|senza bocca|senza espressione|senza parole|silenzio|zitto
🫥|depresso|faccina tratteggiata|introverso|invisibile|nascondersi|scomparire|sparire
😶‍🌫️|annebbiato|distratto|sbadato|testa tra le nuvole
😏|ammiccante|bocca|faccia|faccina con sorrisetto|flirtare|furbetto|malizioso|mmm|non ci credo|occhiolino|sopracciglia|sorrisetto|sospettoso
😒|che barba|contrariato|deluso|faccina|indifferente|infelice|triste|uffa|ugh|wtf
🙄|evabbé|faccina con occhi al cielo|guardare altrove|noia|occhi al cielo|pazienza|roteare gli occhi|ruotare gli occhi|sollevare gli occhi al cielo|uffa|vabbè
😬|dentista|digrignare i denti|faccina con smorfia|smorfia
😮‍💨|ansimare|esausto|espirare|faccina che espira|fischiare|fumo|soffio|sollievo|sospiro|stanco|sussurrare|tosse
🤥|bugiardo|dire le bugie|faccina bugiarda|faccina con il naso lungo|mentire|naso lungo|pinocchio
🫨|faccina che trema|faccina scossa|scombussolato|scossone|shock|terremoto|tremante|tremare|vibrazione
🙂‍↔️|no|scuotere la testa in senso orizzontale
🙂‍↕️|annuire|scuotere la testa in senso verticale|sì
😌|faccina con sorriso|pace|sollevato|sollievo|tranquillità|tranquillo|zen
😔|mai una gioia|male|mi dispiace|morire|no|peccato|pensieroso|perdere|persa|purtroppo|scoraggiato|triste
😪|assonnato|dormire|faccina assonnata|goccia|sonno|stanco|zzz
🤤|bava|che buono|faccina che sbava|felice|figata|sbavare
😴|assonnato|buona notte|dormire|faccina che dorme|pisolino|sonno|stanco|zzz
🫩|assonnato|borse|esausto|occhiaie|sfinito|sonno|stanchezza|stanco
😷|dentista|dottore|faccina con mascherina|germi|infermiera|infermiere|malato|mascherina|medicina|raffreddato|raffreddore|smog
🤒|ammalato|faccina con termometro|faccina malata|febbre|influenza|malato|mutua|raffreddore|termometro
🤕|bende|dolore|faccina bendata|faccina con la testa bendata|faccina malata|farsi male|fasciarsi la testa|ferita|ferito|mal di testa|malato
🤢|faccina che vomita|faccina con la nausea|faccina nauseata|hang over|mal di mare|malato|nauseato|sto male|verde|vomito
🤮|faccina che vomita|malato|male|nausea|sputare|sto male|verde|vomitare|vomito
🤧|faccina che starnutisce|faccina con fazzoletto|faccina con raffreddore|fazzoletto|malato|raffreddore|starnutire|starnuto
🥵|accaldato|bollente|caldo|colpo di calore|febbre|febbricitante|fuoco|lingua di fuori|morendo dal caldo|morire di caldo|sudare|sudore
🥶|blu|congelare|denti che battono per il freddo|freddo|gelo|ghiaccioli|ghiacciolo|ipotermia|sottozero
🥴|alticcio|bocca ondulata|brillo|confuso|frastornato|occhi storti|ubriaco|vertigini
😵|crocetta|crocette|emozione|faccina|frastornato|malato|occhi a croce|stanco|testa che gira
😵‍💫|capogiro|confuso|faccina con occhi a spirale|giramento di testa|ipnotizzato|nausea|problema|stordito|vertigini
🤯|cervello|faccina sorpresa|mindblown|non ci credo|sbalordito|scioccato|sconcertato|sorpesa|sorpreso|stupore|testa che esplode
🤠|cappello da cowboy|cowboy|faccina con cappello da cowboy
🥳|cappellino|celebrazione|compleanno|entusiasta|faccina che festeggia|festa|festeggiamenti|festeggiamento|festeggiamo|festeggiare|party|si festeggia|trombetta
🥸|baffi|faccina travestita|incognito|naso|occhiali|persona|spia|travestimento
😎|cool|fighetto|figo|ganzo|luce|relax|soleggiato|spensierato|vacanza
🤓|faccina|nerd|occhiali da nerd|secchione|studioso
🧐|antico|classe|faccina con monocolo|fighetto|monocolo|occhiale|ricco|sospetto
😕|confuso|deluso|faccina|forse|non so|peccato|triste|uffa
🫤|confuso|così così|deluso|dubbioso|faccina perplessa|mah|meh|perplesso|scettico
😟|ansioso|faccina|nodo allo stomaco|preoccupato|preoccupazione|triste
🙁|corrucciato|faccina leggermente imbronciata|imbronciato|mettere il muso|mi dispiace|triste|un po’ imbronciato
😮|bocca aperta|non ci credo|non mi dire|oh|scioccato|shock|sorpresa|sorpreso|stupito|wow
😯|faccina|incredulo|omg|sbalordito|sorpresa|sorpreso|wow
😲|cosa?|davvero|faccina|non ci credo|oddio|omg|scioccato|sorpresa|sorpreso|stupito
😳|confuso|faccina arrossata|faccina con guance rosse|faccina con occhi aperti|guance rosse|imbarazzato|occhi
🫪|ansia|panico|scioccato|sconvolto|sorpresa|vulnerabile
🥺|faccina implorante|faccina sull’orlo delle lacrime|lacrime|occhi da cucciolo|occhioni|per favore|per piacere|supplicare|triste
🥹|ammirazione|faccina con gli occhi umidi|fiero|gioia|gratitudine|grato|imbarazzato|lacrime|orgoglioso|per favore|piangere|resistere|sentimenti|trattenere|triste
😦|bocca aperta|corrucciata|faccina imbronciata con bocca aperta|male|noo|paura|sorpresa|wow
😧|angosciato|ansia|ansioso|faccina|infelice|paura|sofferente|stressato|triste
😨|ansia|ansioso|esami|faccina|fifa blu|impaurito|paura|preoccupato|spaventato|spavento
😰|ansia|blu|esami|faccina spaventata|freddo|nervoso|paura|risultato|spaventato|sudato|sudore|terrore
😥|ansioso|deluso ma sollevato|faccina delusa ma sollevata|goccia|infelice|lacrima|sollevato|sudore|triste
😢|emozione|faccina che piange|faccina con lacrima|infelice|lacrima|mi dispiace|mi manchi|piangere|triste
😭|faccina che piange|faccina disperata|infelice|lacrime|nooo|piangere|pianto|singhiozzare|triste
😱|blu|faccina|grido di paura|munch|oddio|paura|terrore|terrorizzata|urlare|urlo di munch
😖|arrabbiato|concentrato|confuso|doh|faccia|faccina|frustrato|scontento|stressato|triste|uffa
😣|concentrato|faccina che pensa|faccina concentrata|pensare|perseverante
😞|abbandonare|delusione|disilluso|emozione|faccina|fallimento|fallire|fallito|ho perso|infelice|male|no|perdere|sospiro|triste|uffa
😓|ci è mancato poco|delusione|faccina abbattuta sudata|faccina sudata|goccia|malato|sudore|triste
😩|arrabbiato|disperato|esausto|faccina che piange|nooo|piangere|sfinito|stanco
😫|disperato|faccina|stanco|triste
🥱|annoiato|assonnato|buona notte|mi annoio|noia|pisolino|sbadigliare|sbadiglio|sonno|stanchezza|stanco|zzz
😤|arrabbiarsi|arrabbiato|faccina arrabbiata|faccina che sbuffa|faccina con il fumo|faccina frustrata|frustrato|frustrazione|rabbia|sbuffare|scontento|uffa
😡|arrabbiato|broncio|faccina accigliata|faccina rossa|furioso|imbronciato|male|muso|odio
😠|arrabbiato|che odio|faccina|frustrato|furia|infuriato|non mi piace|odio|rabbia
🤬|arrabbiato|bestemmiare|censura|faccina che bestemmia|faccina che impreca|faccina con simboli sulla bocca|imprecare|incavolato|insultare|molto arrabbiato
😈|arrabbiato|corna|diavolo|faccina con sorriso e corna|faccina viola|sorriso con corna
👿|arrabbiato|diavoletto|diavolo viola|faccina arrabbiata con corna|scontento
💀|cranio|favola|morte|mostro|ossa|pericolo|stanco morto|teschio|umorismo nero|yolo
💩|buona fortuna|cacca|fortunato|popò|pupù|puzza
🤡|carnevale|circo|clown|faccina del clown|it|maschera|pagliaccio|teatro
👹|creature|diavolo|faccina|favola|fiaba|finzione|maschera|mostro|orco|paura
👺|arrabbiato|carnevale|cattivo|crudele|diavolo|favola|fiaba|folletto|goblin|malefico|mostro
👻|creatura|fantasmino|favola|fiaba|halloween|horror|mostro|paura|scherzetto|scherzo|sciocco|storie di fantasmi|stregare|stregato|terrore
👽|alieno|et|extraterrestre|faccina|favola|marziani|mostro|spazio|ufo
👾|alieno|arcade|creatura|faccina viola|favola|gif|mostro|pixel|ufo|video gioco|videogioco
🤖|faccina di robot|robot|tecnologia
😺|aperta|bocca|faccina del gatto|gatto che sorride|sorridente
😸|faccina|gatto|occhi|sorridente|sorriso
😹|faccina|gatto|gioia|lacrime di gioia|risata|sorriso
😻|amore|cuore|faccina|gatto|occhi a cuore|sorriso
😼|faccina del gatto|gatto con sorriso sarcastico|gatto sorriso ironico|gatto sorriso sarcastico|ironico|sarcastico|sorriso ironico
😽|baci|faccina|gatto|occhi chiusi
🙀|esterrefatto|faccina|gatto|impossibile|incredibile|non ci credo|oh mio dio|omg|sorpreso|wow
😿|faccina|gatto|lacrima|pianto|triste
😾|arrabbiato|broncio|faccina|gatto imbronciato|infelice|muso
🙈|faccina della scimmietta|gesto|non guardo|non posso guardare|non vedo|proibito|scimmia|scimmietta non vedo|segreto|vietato
🙉|animale|animali|faccina|non sentire|non sento|orecchie da mercante|scimmia|scimmietta non sento|segreto|vietato
🙊|animale|animali|faccina|in silenzio|monello|non parlo|proibito|scimmia|scimmietta non parlo|segreto|vietato
💌|busta con cuore|c’è posta per te|cuore|inviare|lettera d’amore|posta|ricevere|romanticismo|san valentino
💘|amore|appuntamento|cuore con freccia|cupido|emozione|emozioni|freccia|innamorarsi|innamorati|romantico|rosa|san valentino
💝|amore|cuore con fiocco|cuore rosa con fiocco|emozione|fiocco|regalo|romantico|san valentino
💖|amore|cuore che luccica|cuore rosa|emozionato|emozione|innamorata|innamorato|luccicare|luccichio
💗|amore|battito|cuore che batte|cuore che cresce|cuore che pulsa|cuore rosa|emozionato|emozione|nervoso
💓|amore|battito|cuore che batte|cuore rosa|emozione|pulsazione
💞|adorabile|amore|appuntamento|carino|cuori che girano|cuoricini|cuoricino|emozione|girare
💕|amare|amore|anniversario|appuntamento|baci|cuori|due cuori|emozione|flirt|innamorato|romantico|rosa
💟|amore|cuore bianco|cuore nel quadrato|cuore viola|cuoricino|decorazione con cuore|san valentino|ti amo
💔|amore finito|cuore|emozione|infranto|spezzato|triste
❤️‍🔥|amore|bruciare|cuore in fiamme|cuore sacro|lussuria|passione
❤️‍🩹|cuore con bende|cuore guarito|guarigione|guarire|sentirsi meglio
🩷|affetto|amore|cuore|emozione|rosa
🧡|amore|arancione|cuore arancio|emozione
💛|amore|cuore|emozione|giallo|innamorato
💚|amore|cuore|emozione|verde
💙|amore|azzurro|blu|cuore|emozione
🩵|affetto|amore|azzurro|celeste|cuore|emozione
💜|amore|cuore|emozione|viola
🤎|amore|cuore di colore marrone|emozione|forma|marrone
🖤|crudele|cuore|dolore|nero|tristezza
🩶|amore|ardesia|argento|cuore|emozione|grigio
🤍|bianco|cuore|emozione
💋|bacio|impronta della bocca|labbra|romanticismo|romantico|rossetto|segno delle labbra|sexy
💯|100|cento|d’accordo|massimo|punteggio pieno|punti|sicuro|tutto
💢|arrabbiato|emozione|fumetto|rabbia|simbolo
🫯|confusione|dibattito|disaccordo|discussione|lotta|rissa|zuffa
💥|bomba|boom|collisione|emozione|esplodere|esplosione|fumetto|simbolo collisione
💫|fumetto|stella cadente|stella con scia|vertiginoso|vorticoso
💦|acqua|allenamento|fumetto|gocce|gocciolare|schizzo|sudata|sudato|sudore
💨|andare|correre|emozione|fuga|fumetto|fumo|nuvola di polvere|scappare|soffio|vento
🕳️|buco|fumetto|nero|tombino
💬|dialogo|fumetto|mmm|nuvoletta|parlare|puntini|sospensione|sta scrivendo|sto scrivendo|testo
👁️‍🗨️|fumetto|nuvoletta|occhio nel fumetto|spiare|testimone
🗨️|dialogo|fumetto|nuvoletta|parlare|sinistra
🗯️|arrabbiato|dialogo|fumetto|nuvoletta rabbia|rabbia|urlare
💭|fumetto|idea|inventare|nuvola|pensare|realizzare|riflettere|sognare a occhi aperti
💤|dormire|dormita|fumetto|ho sonno|pisolino|russare|sonnellino|sonno|stanco|zzz
👋|a dopo|ci sei?|ci vediamo|ciaone|gesto di saluto|mano aperta|mano che saluta|salutare|schiaffo
🤚|alzata|ciaone|dorso mano alzata|mano
🖐️|batti il cinque|cinque|dita|fermo|gesto|high five|mano alzata|mano aperta|palmo della mano|stop|un attimo
✋|alzata|carta|cinque|mano aperta
🖖|mano aperta|mano di spock|saluto vulcaniano|spock
🫱|dare la mano|destra|mano rivolta a destra|verso destra
🫲|dare la mano|mano destra rivolta a sinistra|mano rivolta a sinistra|sinistra|verso sinistra
🫳|afferrare|allontanare|cacciare|congedare|imporre|lasciar cadere|mano con il palmo verso il basso|porgere la mano|scacciare|sciò
🫴|elemosina|mano con il palmo verso l’alto|offrire|prendere|raccogliere|richiamare|sollevare|vieni qui
🫷|alt|aspettare|batti cinque|fermare|indietro|mano che spinge verso sinistra|palmo|rifiutare|sinistra|spingere|spinta|stop
🫸|alt|aspettare|batti cinque|destra|fermare|indietro|mano che spinge verso destra|palmo|rifiutare|spingere|spinta|stop
👌|bene|capito|d’accordo|dito|gesto di ok|ho capito|indice e pollice|mano che fa ok|ok con la mano|segno di ok|va bene
🤌|che vuoi|cosa vuoi|dita unite|gesto della mano|interrogativo|ma che dici|mano a borsa|mano a carciofo|mano a cuoppo|mano a pigna|mano a tulipano|sarcastico
🤏|dita|gesto|mano che fa il gesto del pizzico|piccola quantità|piccolo|poco|un po’|un pochino
✌️|due|forbice|mano|segno di vittoria|vittoria|yeah
🤞|buona fortuna|dita incrociate|fortuna|incrociare le dita|mano
🫰|amore|caro|costa|costoso|cuore|denaro|mano con indice e pollice incrociati|schioccare|soldi
🤟|corna|dita|dito|gesto ti amo|gesto tvb|mano|rock|tre dita
🤘|concerto|corna|fare le corna|gesto|mani|mano con le corna|rock and roll|rockstar|segno delle corna
🤙|chiamami|chiamare|dita|dito|gesto|mani|mano con gesto di chiamata|telefonare|ti chiamo
👈|direzione|dito verso sinistra|indicare|indice verso sinistra|là|mano|sinistra
👉|a destra|destra|di là|dito indice|dito verso destra|indicare|indice verso destra|mano
👆|dito alzato|dito in su|dito indice|in alto|indice alzato|indice in su|mano|sù
🖕|dita|dito medio|insulto|mano|offendere|volgare
👇|dito abbassato|dito in giù|dito indice|indicare|indice abbassato|indice in giù|mano|qui|sotto
☝️|dito verso l’alto|in alto|indicare|indice verso l’alto|io|sopra|tu
🫵|dito puntato|indicare|indice puntato|indice verso l’osservatore|mano|puntare|tu
👍|+1|bene|capito|certo|d’accordo|dito|mi piace|ok|perfetto|pollice in su|sì|va bene
👎|giù|in basso|mano|non mi piace|pollice abbassato|pollice in giù|pollice verso|segno
✊|alzato|lotta|mano|pugno chiuso|sasso|solidarietà
👊|d’accordo|mano|ok|patto|pugno chiuso|rock|sì
🤛|mano chiusa|pugno a sinistra|sinistra
🤜|destra|pugno a destra
👏|applaudire|applauso|bravo|clap clap|complimenti|congratulazioni|mani che applaudono|ok|pregare|preghiera|segno|yeah
🙌|celebrare|due mani|evvai|evviva|gesto|grazie|innocente|mani alzate|mano|urrà|vittoria
🫶|amore|cuore|mani a cuore|mano|ti amo|ti voglio bene
👐|abbracciare|abbraccio|accogliere|aperta|aperte|mani|mano|segno delle mani aperte
🤲|desiderare|mani a coppa|mani in preghiera|mani unite in alto|mano|offrire|palmi|palmo della mano|pregare|preghiera
🤝|affare fatto|conoscere|d’accordo|mani che si stringono|ok|patto|piacere|presentarsi|presentazione|promessa|stretta di mano|stringersi la mano
🙏|gesto|grazie|mani giunte|mano|per favore|pregare|preghiera|ti prego
✍️|disegnare|mano che scrive|penna|scrivere a mano
💅|cosmetici|make up|manicure|noia|smalto per unghie|spa|unghie con smalto
🤳|autoscatto|fare un selfie|fotocamera|fotografare|fotografia|scattare|selfie|smartphone|telefono
💪|bicipite|bodybuilding|braccio piegato|corpo|forte|forza|fumetto|muscolo|palestra|pesi|sollevamento|teso
🦾|accessibilità|braccio meccanico|protesi robotica per il braccio
🦿|accessibilità|gamba meccanica|protesi robotica per la gamba
🦵|arto|calcio|gamba piegata|ginocchio piegato|piede|polpaccio
🦶|calciare|calcio|calpestare|camminare con passo pesante|caviglia|piede|piedi
👂|ascoltare|ascolto|corpo|orecchie|orecchio|sentire|sento|ti ascolto|ti sto ascoltando
🦻|accessibilità|apparecchio acustico|non udente|non udenti|orecchio con apparecchio acustico|protesi acustica|sordità|sordo
👃|annusare|corpo|faccia|ficcanaso|fiutare|naso|odore|profumo
🧠|cervello|corpo umano|intelligente|parte del corpo
🫀|anatomia|battito|cardiologia|cuore vero|organo del cuore|pulsazione|rosso
🫁|espirazione|inspirazione|organo|polmoni|respirazione|respiro
🦷|bianchi|bianco|dente|dentista|perlacei|perlaceo
🦴|cane|ossa|osso a forchetta|scheletro
👀|corpo|faccia|guardare|occhi|osservare|vedere
👁️|1 occhio|corpo|faccia|occhio
👅|corpo|faccia|linguaccia|slurp
👄|bacio|bocca|corpo|faccia|labbra|rossetto|sexy|smack
🫦|ansia|bocca che morde il labbro|bocca con rossetto|disagio|flirtare|labbra con denti|nervoso|paura|preoccupato|sedurre|seduzione|sexy
👶|bambino|bebè|faccia|famiglia|figlio|giovane|neonato|persone|piccolo
🧒|bambina|bambino|bimba|bimbo|giovane|persona|ragazzina|ragazzino
👦|bambino|bimbo|giovane|persona|persone|ragazzino|tenero
👧|bambina|bimba|bionda|codini|contenta|felice|persona|persone|ragazzina|treccine
🧑|adulta|adulto|persona
👱|biondo|capelli biondi|persona bionda
👨|amico|biondo|fratello|maschio|papà|persona|persone|ragazzo|uomo
🧔|baffi|barba|barbuto|persona con barba|persona con la barba
🧔‍♂️|barba|uomo con la barba
👱‍♂️|biondo|maschio|uomo
👩|bionda|capelli|donna|femmina|persona|persone|ragazza|viso
🧔‍♀️|barba|donna con la barba
👱‍♀️|bionda|capelli biondi|donna|femmina|persona|ragazza
🧓|adulto anziano|anziana|anziano|persona|vecchia|vecchio
👴|anziano|capelli|nonnino|nonno|pelato|perdere i capelli|persona|persone|saggio|uomo|vecchietto|vecchio
👵|anziana|capelli bianchi|donna|nonna|nonnina|persone|saggezza|saggia|signora|vecchia|vecchietta
🙍|arrabbiata|corrucciata|delusa|donna|faccia|frustrata|gesto|infelice|persona|triste
🙍‍♂️|arrabbiato|corrucciato|crucciato|deluso|emozione|faccia|infelice|persona corrucciata|preoccupato|ragazzo|triste|uomo
🙍‍♀️|corrucciata|donna|femmina|gesto
🙎|arrabbiata|broncio|delusa|donna|gesto|imbronciata|persona|seccata|sguardo arrabbiato
🙎‍♂️|arrabbiato|broncio|disappunto|gesto|imbronciato|maschio|person|uomo
🙎‍♀️|donna|femmina|gesto|imbronciata
🙅|donna|escluso|faccina|gesto di rifiuto|non bene|persona che fa segno di no|rifiuto|stop|vietato
🙅‍♂️|basta|braccia incrociate|incrocio|no|persona|proibito|stop|vietato
🙅‍♀️|donna con gesto di rifiuto|no|proibito|rifiuto
🙆|donna con braccia alzate|esercizio|fitness|gesto|mani|ok|persona con gesto ok|tutto bene|yoga
🙆‍♂️|cerchio|d’accordo|esercizio|gesto|mani|mano|ok|uomo con braccia a cerchio|uomo con braccia alzate|uomo con gesto ok|ymca
🙆‍♀️|d’accordo|donna con gesto ok|gesto|ok
💁|aiuto|capovolgere la mano|gesto con i capelli|gossip|informazioni|mano all’insù|pettegolezzo|sarcasmo|sfacciataggine|sul serio
💁‍♂️|aiuto|capovolgere la mano|gesto con i capelli|gossip|informazioni|mano all’insù|pettegolezzo|sarcasmo|sarcastico|sfacciato
💁‍♀️|aiuto|capovolgere la mano|gesto con i capelli|mano all’insù|sarcastica|sfacciata
🙋|ciao|donna|eccomi|felice|gesto|mano alzata|persona con mano alzata|salutare|saluto|sono qui
🙋‍♂️|alzare la mano|anch’io|chiedere|ciao|domanda|gesto|io|mano alzata|persona felice con mano alzata|uomo con mano alzata
🙋‍♀️|donna con mano alzata|gesto|mano alzata
🧏|accessibilità|difficoltà uditive|non sentire|orecchio|persona con problemi di udito|problemi di udito|sordità|sordo|udito
🧏‍♂️|sordità|sordo|uomo con difficoltà uditive|uomo con problemi di udito|uomo sordo
🧏‍♀️|donna con difficoltà uditive|donna con problemi di udito|donna sorda|sorda|sordità
🙇|chiedere perdono|gesto|grazie|inchino|meditare|mi dispiace|perdono|persona che fa un inchino profondo|pietà|scusarsi
🙇‍♂️|gesto|inchino|scuse|uomo che fa inchino profondo
🙇‍♀️|donna che fa inchino profondo|donna che si inchina|gesto|grazie|inchino|meditare|mi dispiace|person|pregare|scusa|scuse
🤦|disperazione|esasperazione|facepalm|incredulità|mano in fronte|oddio|oh no|persona esasperata
🤦‍♂️|esasperato|esasperazione|facepalm|figuraccia|gesto|imbarazzo|incredulo|non ci credo|oddio|persona|uomo
🤦‍♀️|donna|esasperata|esasperazione|figuraccia|gesto|imbarazzo|incredula|mano sul viso|non ci credo|oddio|persona
🤷|boh|dubbio|forse|indifferenza|non lo so|non saprei|noncuranza|persona che alza le spalle|persona che scrolla le spalle|può darsi|spalle alzate|vabbè
🤷‍♂️|alzare le spalle|boh|dubbio|dubitare|forse|gesto|indifferenza|mani|non saprei|non so|persona|uomo che scrolla le spalle
🤷‍♀️|alzare le spalle|boh|donna che scrolla le spalle|dubitare|forse|gesto|indifferente|indifferenza|mani|non lo so|non so|persona
🧑‍⚕️|infermiera|infermiere|medico|persona che lavora nella sanità|sanità|terapista
👨‍⚕️|camice|dottore|infermiere|lavoro|medicina|medico|operatore sanitario|ospedale|sanità|terapista|uomo
👩‍⚕️|camice|donna|dottoressa|infermiera|lavoro|medicina|medico|operatrice sanitaria|ospedale|sanità|terapista
🧑‍🎓|diploma|studentessa
👨‍🎓|istruzione|laureato|maschio|ragazzo|studente|università|uomo
👩‍🎓|donna|femmina|istruzione|laureata|ragazza|studentessa|università
🧑‍🏫|insegnante|maestra|maestro|professoressa
👨‍🏫|insegnante|insegnare|lavoro|maestro|professore|scuola|studio|uomo
👩‍🏫|donna|insegnante|insegnare|lavoro|maestra|professoressa|scuola|studio
🧑‍⚖️|bilancia|giudice|giustizia
👨‍⚖️|bilancia|giudice|giustizia|lavoro|martello|sentenza|tribunale|uomo
👩‍⚖️|bilancia|donna|giudice|giustizia|lavoro|martello|sentenza|tribunale
🧑‍🌾|agricoltore|allevatore|contadino|giardiniere
👨‍🌾|allevatore|campagna|cappello|contadino|fattoria|giardino|lavoro|uomo
👩‍🌾|allevatrice|campagna|cappello|contadina|donna|fattoria|giardino|lavoro
🧑‍🍳|chef|cuoco|persona che cucina
👨‍🍳|chef|cucinare|cuoco|lavoro|ristorante|uomo
👩‍🍳|chef|cucinare|cuoca|donna|lavoro|ristorante
🧑‍🔧|elettricista|idraulico|meccanico|tecnico specializzato
👨‍🔧|chiave inglese|idraulico|lavoro|meccanico|operaio|tecnico specializzato|tuta blu|uomo
👩‍🔧|chiave inglese|donna|idraulico|lavoro|meccanico femmina|operaia|tecnico specializzato|tuta blu
🧑‍🏭|assemblaggio|fabbrica|industria|operaio|persona che lavora in fabbrica
👨‍🏭|fabbrica|industria|lavoro|operaio|saldatore|tuta blu|uomo
👩‍🏭|donna|fabbrica|industria|lavoro|operaia|saldatrice|tuta blu
🧑‍💼|architetto|business|impiegato|manager|persona che fa un lavoro d’ufficio
👨‍💼|architetto|business|impiegato|lavoro|manager|ufficio|uomo
👩‍💼|architetto|business|donna|impiegata|lavoro|manager|ufficio
🧑‍🔬|biologo|chimico|fisico|ingegnere|persona che lavora in campo scientifico|scienziato
👨‍🔬|biologia|biologo|camice|chimica|lavoro|scienza|scienziato|uomo
👩‍🔬|biologa|biologia|camice|chimica|donna|lavoro|scienza|scienziata
🧑‍💻|inventore|persona esperta di tecnologia|programmatore|software|sviluppatore|tecnologo
👨‍💻|computer|high tech|lavoro|programmatore|sviluppatore|tecnologia|tecnologo|uomo
👩‍💻|computer|donna|high tech|lavoro|programmatrice|sviluppatrice|tecnologa|tecnologia
🧑‍🎤|attore|cantante|intrattenitore|rock|star
👨‍🎤|attore|cantante|lavoro|musica|rock star|star|uomo|ziggy
👩‍🎤|attrice|cantante|donna|lavoro|musica|rock star|star|ziggy
🧑‍🎨|artista|tavolozza
👨‍🎨|arte|artista|dipingere|lavoro|pittore|uomo
👩‍🎨|arte|artista|dipingere|donna|lavoro|pennello|pittrice
🧑‍✈️|aereo|pilota
👨‍✈️|aereo|aeroplano|copilota|lavoro|pilota|uomo
👩‍✈️|aereo|aeroplano|copilota|donna|lavoro|pilota
🧑‍🚀|astronauta|razzo
👨‍🚀|astronauta maschio|lavoro|razzo|scienza|spazio|universo|uomo
👩‍🚀|astronauta femmina|donna|lavoro|razzo|scienza|spazio
🧑‍🚒|pompiere|vigile del fuoco
👨‍🚒|fuoco|incendio|lavoro|pompiere maschio|uomo|vigile del fuoco
👩‍🚒|donna|fuoco|incendio|lavoro|pompiere femmina|vigile del fuoco
👮|agente|arresto|controllo|fermo|polizia
👮‍♂️|agente|divisa|polizia|poliziotto uomo|uomo
👮‍♀️|agente|arresto|carabiniere|controllo|divisa|donna|lavoro|polizia|poliziotta
🕵️|detective|investigatore|lavoro|lente|mistero|spia|uomo
🕵️‍♂️|detective|investigatore|spia|uomo
🕵️‍♀️|detective|donna|investigatore|investigatrice|lavoro|lente|mistero|spia
💂|buckingham palace|guardia reale|lavoro|londra|sentinella|turno di guardia|uomo
💂‍♂️|guardia|maschio|uomo
💂‍♀️|buckingham palace|donna|femmina|guardia reale|lavoro|londra|sentinella|turno di guardia
🥷|abilità|assassino|combattimento|furtivo|guerra|guerriero|invisibile|nascosto|ninja|persona
👷|casco|costruire|costruzioni|edile|ingegnere|lavoratore|muratore|operaio|tuta blu|uomo
👷‍♂️|costruzioni|edificio|operaio edile uomo|uomo
👷‍♀️|casco|costruzioni|donna|edificio|edile|elmetto|ingegnere|lavoro|muratrice|operaia|tuta blu
🫅|monarca|nobile|persona con corona|reale|regale|regina
🤴|comandare|corona|fiaba|monarca|principe|reale|sovrano|uomo
👸|comandare|corona|donna|favola|fiaba|monarca|principessa|reale|regina|sovrana
👳|persona con turbante|turbante
👳‍♂️|maschio|turbante|uomo con turbante
👳‍♀️|donna con turbante|femmina|turbante
👲|cappello|cinese|uomo con zucchetto cinese|zucchetto
🧕|copricapo|donna con foulard|donna con hijab|donna con velo|hijab|islam|velo
🤵|abito|elegante|festa|matrimonio|persona in smoking|smoking
🤵‍♂️|smoking|uomo in smoking
🤵‍♀️|donna in smoking|smoking
👰|abito|bianco|matrimonio|persona con velo|velo
👰‍♂️|sposo con velo|velo
👰‍♀️|sposa con velo|velo
🤰|donna|gravidanza|incinta|mamma|pancione
🫃|gonfio|gravido|incinto|pancia|pieno|troppo cibo|uomo
🫄|gonfio|gravido|incinta|incinto|pancia|persona incinta|pieno|troppo cibo
🤱|allattamento|allattare al seno|bebé|donna che allatta|mamma che allatta|persona
👩‍🍼|allattamento|amore|babysitter|bebè|donna che allatta|madre|mamma|neonato|nutrire|persona
👨‍🍼|allattamento|amore|babysitter|bebè|neonato|nutrire|padre|papà|persona|uomo che allatta
🧑‍🍼|allattamento|babysitter|bebè|mamma|neonato|nutrire|papà|persona che allatta
👼|angelo|angioletto|bambina|bambino|bimba|bimbo|chiesa|faccina|favola|fiaba|persona|santo
🎅|babbo natale|cappello|festa|natale|santa claus|uomo
🤶|cappello|donna|fest|mamma natale|natale|santa claus
🧑‍🎄|babbo natale|buon natale|cappello di babbo natale|claus|natale|persona|santa claus|vacanze di natale
🦸|bene|buono|eroe|eroina|personaggio|supereroe|supereroina|superman|superpotere|superpoteri
🦸‍♂️|eroe|supereroe|uomo
🦸‍♀️|donna|supereroina|superpoteri
🦹|cattivo|criminale|malvagio|personaggio|supercattivo|superpotere|superpoteri
🦹‍♂️|cattivo|criminale|supercattivo uomo|superpotere|uomo
🦹‍♀️|cattivo|criminale|donna|supercattiva|superpotere
🧙|barba|cappello|incantesimo|maghetto|magia|magico|mago|strega|stregone
🧙‍♂️|mago uomo|stregone
🧙‍♀️|maga|strega
🧚|ali|creatura|fata|fatina|fiaba|folletto|oberon|puck|regina delle fate|titania
🧚‍♂️|folletto alato|oberon|puck
🧚‍♀️|fata donna|titania
🧛|costume|creatura|denti|dracula|halloween|maschera|morte|morto vivente|paura|sangue|supernaturale|vampiro
🧛‍♂️|dracula|morto vivente|vampiro uomo
🧛‍♀️|non morto|vampira
🧜|creatura|donna sirena|fiaba|mare|mitologia|oceano|personaggio|pesce|sirena|sirenetta
🧜‍♂️|creatura|fiaba|mare|mitologia|nettuno|oceano|poseidone|tridente|tritone
🧜‍♀️|sirena donna
🧝|creatura|elfetto|elfo|fantasy|fiaba|folclore|magia|magico
🧝‍♂️|elfo uomo|magico
🧝‍♀️|elfo donna|magico
🧞|aladino|creatura|desideri|djinn|fiaba|genietto|genio|jinn|lampada|personaggio
🧞‍♂️|djinn|genio uomo
🧞‍♀️|djinn|genio donna
🧟|carnevale|halloween|horror|morte|morto vivente|paura|scheletro|spaventoso|urlo|zombie
🧟‍♂️|morto vivente|zombie uomo
🧟‍♀️|morto vivente|zombie donna
🧌|fantasia|favola|fiaba|mostro|troll
🫈|bigfoot|criptide|foresta|gigante|peloso|sasquatch|scimmione|yeti
💆|centro estetico|estetista|faccia|mal di testa|massaggio facciale|persona che riceve un massaggio|relax|spa|testa
💆‍♂️|centro estetico|mal di testa|massaggio al viso per uomo|persona|relax|spa|tensione|testa|uomo che riceve un massaggio|viso
💆‍♀️|donna che riceve un massaggio|faccia|massaggio al viso per donna|viso
💇|acconciatura|bellezza|capelli|parrucchiera|parrucchiere|persona|salone di bellezza|tagliare|taglio di capelli
💇‍♂️|acconciatura|bellezza|capelli|parrucchiere|persona|salone di bellezza|tagliare|taglio di capelli|uomo
💇‍♀️|bellezza|donna|taglio di capelli per donna
🚶|attività|camminare|camminata|giro a piedi|passeggiare lentamente|passeggiata|passo tranquillo|pedone|persona
🚶‍♂️|camminare|passeggiata|pedone|uomo che cammina
🚶‍♀️|camminare|camminata|donna che cammina|donna che passeggia|passeggiare|passeggiata|pedona|pedone|persona|ragazza
🧍|in piedi|persona in piedi|stare fermi|stare in piedi
🧍‍♂️|in piedi|uomo in piedi
🧍‍♀️|donna in piedi|in piedi
🧎|in ginocchio|inginocchiarsi|meditare|meditazione|persona inginocchiata
🧎‍♂️|in ginocchio|inginocchiarsi|uomo inginocchiato
🧎‍♀️|donna inginocchiata|in ginocchio|inginocchiarsi
🧑‍🦯|accessibilità|cecità|persona con bastone di orientamento
👨‍🦯|accessibilità|cecità|cieco|ipovedente|ipovedenti|non vedente|non vedenti|persona|uomo con bastone bianco di orientamento|uomo con bastone per ciechi
👩‍🦯|accessibilità|cecità|cieca|donna con bastone bianco di orientamento|donna con bastone per ciechi|donna non vedente|ipovedente|ipovedenti|non vedente|non vedenti|persona
🧑‍🦼|accessibilità|persona su sedia a rotelle motorizzata|sedia a rotelle
👨‍🦼|accessibilità|disabile|persona|sedia a rotelle|uomo in carrozzina|uomo in sedia a rotelle|uomo su sedia a rotelle motorizzata
👩‍🦼|accessibilità|disabile|donna in carrozzina|donna in sedia a rotelle|donna su sedia a rotelle motorizzata|persona|sedia a rotelle
🧑‍🦽|accessibilità|persona su sedia a rotelle manuale|sedia a rotelle
👨‍🦽|accessibilità|disabile|persona|uomo in carrozzina|uomo in sedia a rotelle|uomo su sedia a rotelle manuale
👩‍🦽|accessibilità|disabile|donna in carrozzina|donna in sedia a rotelle|donna su sedia a rotelle manuale|persona|sedia a rotelle
🏃|correre|corsa|di corsa|gara|jogging|maratona|persona che corre|sport
🏃‍♂️|correre|corsa|sport|uomo che corre
🏃‍♀️|correre|corsa|di corsa|donna che corre|maratona|persona|sport|veloce
🧑‍🩰|ballerina|ballerino|balletto
💃|ballare|ballerina|ballo|donna che balla|flamenco|lavoro|olé|salsa|tango
🕺|ballare|ballo|discoteca|lavoro|uomo che balla
🕴️|abbigliamento|abito|business man|cravatta|giacca|lavoro|persona|uomo con completo che levita|uomo elegante che levita|vestito elegante
👯|amicizia|anima gemella|ballare|festa|orecchie da coniglio|party|persone con orecchie da coniglio|uguali
👯‍♂️|ballare|ballerino|cabaret|coniglietti|festa|intrattenimento|party|show
👯‍♀️|ballerina|donna|donne con orecchie da coniglio|orecchie da coniglio|party
🧖|bagno turco|benessere|hammam|persona in sauna|persona nella sauna|relax|sauna|spa
🧖‍♂️|bagno turco|sauna|uomo in sauna
🧖‍♀️|bagno turco|donna in sauna|sauna
🧗|arrampicarsi|arrampicata|arrampicatore|arrampicatrice|montagna|persona che arrampica|persona che scala|roccia|scalatore|sport
🧗‍♂️|scalatore|uomo che scala
🧗‍♀️|donna che scala|scalatrice
🤺|fioretto|persona|scherma|schermidore|spada|sport
🏇|cavallo da corsa|corse|fantino|galoppare|galoppo|ippica|sport|trotto
⛷️|neve|sciare|sciatore|settimana bianca|sport
🏂|inverno|montagna|neve|omino in snowboard|persona sullo snowboard|snowboard|sport|tavola|uomo sullo snowboard
🏌️|buca|giocatore di golf|golf|green|mazza|pallina|persona che gioca a golf|sport|tiro
🏌️‍♂️|golfista uomo|mazza|sport|uomo
🏌️‍♀️|attività|buca|donna che gioca a golf|giocatrice di golf|golfista|mazza|persona|sport|tiro
🏄|mare|onde|persona che fa surf|spiaggia|sport|surfare|tavola
🏄‍♂️|sport|surfista uomo|tavola da surf|uomo
🏄‍♀️|donna che fa surf|mare|oceano|persona|spiaggia|sport|surfare|surfer|tavola da surf
🚣|barca a remi|canoa|fiume|lago|persona che rema|persona in barca a remi|pesca|remare|remi|sport
🚣‍♂️|barca|remi|uomo in barca a remi
🚣‍♀️|barca a remi|canoa|canottaggio|donna in barca a remi|imbarcazione|lago|mare|persona che rema|pesca|remi|sport
🏊|bracciata|gara|nuotare|nuotatore|nuoto|persona che nuota|sport|stile libero
🏊‍♂️|nuotatore|nuoto|piscina|sport|uomo
🏊‍♀️|donna che nuota|gara|nuotare|nuotata|nuotatrice|nuoto|olimpiadi|piscina|sport
⛹️|basket|campo|giocatore di basket|pallacanestro|palleggio|persona che fa rimbalzare una palla|persona con la palla|sport
⛹️‍♂️|palla|sport|uomo che fa rimbalzare una palla
⛹️‍♀️|basket|donna che fa rimbalzare una palla|donna che gioca a basket|giocatrice di basket|pallacanestro|persona con la palla|sport
🏋️|allenamento|bilanciere|bodybuilding|culturista|forza|persona che solleva pesi|pesi massimi|sforzo|sollevamento pesi|sport
🏋️‍♂️|bilanciere|pesi|sport|uomo che solleva pesi
🏋️‍♀️|bilanciere|donna che solleva pesi|persona|pesi massimi|sollevamento pesi|sollevatrice di pesi|sport
🚴|bicicletta|ciclismo|ciclista|due ruote|gara|mountain bike|pedalare|sport|trasporto
🚴‍♂️|bicicletta|ciclista uomo|sport
🚴‍♀️|bicicletta|casco|ciclismo|ciclista|donna in bici|due ruote|persona|ruote|sport|veloce
🚵|atleta|bicicletta|ciclismo in montagna|ciclista di mountain bike|montagna|mountain bike|pedalare|sport
🚵‍♂️|bicicletta|ciclista uomo di mountain bike|mountain bike|sport
🚵‍♀️|bicicletta|ciclismo in montagna|ciclista donna di mountain bike|donna in bici|due ruote|mountain bike|pedalare|sport
🤸|atleta|attiva|capriola|felice|ginnasta|ginnastica|persona che fa la ruota|ruota
🤸‍♂️|attivo|fare la ruota|felice|ginnastica|persona|ruota|salti di gioia|sport|uomo che fa la ruota
🤸‍♀️|attiva|donna che fa la ruota|fare la ruota|felice|ginnastica|persona|ruota|salti di gioia|sport
🤼|combattimento|lottatori|persone che fanno la lotta|sport|torneo|wrestler|wrestling
🤼‍♂️|combattimento|lottatori|persone|sport|torneo|uomini|wrestler|wrestling
🤼‍♀️|boxe|combattimento|donna|donne|lottatrici|persone|sport|torneo|wrestling
🤽|acqua|giocatrice di pallanuoto|pallanuoto|persona che gioca a pallanuoto|piscina|sport
🤽‍♂️|giocatore di pallanuoto|pallanuotista uomo|pallanuoto|persona|piscina|sport|uomo che gioca a pallanuoto
🤽‍♀️|donna che gioca a pallanuoto|giocatrice di pallanuoto|pallanuotista donna|pallanuoto|persona|piscina|sport
🤾|atleta|lanciare|pallamanista|pallamano|persona che gioca a pallamano|sport|tirare la palla
🤾‍♂️|pallamanista uomo|pallamano|sport|uomo che gioca a pallamano
🤾‍♀️|atleta|donna che gioca a pallamano|lanciare|pallamanista donna|pallamano|persona|sport|tirare la palla
🤹|abilità|destrezza|equilibrio|giocoliere|palline|persona che fa giocoleria
🤹‍♂️|abilità|destreggiarsi|destrezza|equilibrio|giocoliere|lavoro|multitasking|persona|uomo
🤹‍♀️|abilità|circo|donna|equilibrio|giocoleria|giocoliere|lavoro|palline|ragazza
🧘|gambe incrociate|meditazione|pace|persona che fa yoga|persona in posizione del loto|relax|rilassarsi|yoga|zen
🧘‍♂️|meditazione|uomo in posizione del loto|yoga
🧘‍♀️|donna in posizione del loto|meditazione|yoga
🛀|bagno|doccia|fare il bagno|lavarsi|persona che fa il bagno|relax|vasca da bagno
🛌|addormentato|arredamento|dormire|hotel|letto|notte|persona a letto|sonno|stanca|stanco|zzz
🧑‍🤝‍🧑|coppia che si tiene per mano|coppia per mano|insieme|mano nella mano|persona|persone che si tengono per mano|tenersi per mano|uniti
👭|amiche|amicizia|bambine|bff|coppia|darsi la mano|due donne che si tengono per mano|legame|migliori amiche|persone|ragazze|sorelle
👫|amore|coppia|donna e uomo|famiglia|innamorati|per mano|persone|tenersi per mano|uomo e donna che si tengono per mano|uomo e donna per mano
👬|bff|compagni|coppia|due uomini che si tengono per mano|fidanzati|gemelli|innamorati|oroscopo|persone|tenersi per mano|uomo|zodiaco
💏|amore|appuntamento|baciarsi|bacio tra coppia|coppia|coppietta|fidanzati|persone|romanticismo|romantico
💑|amore|anniversario|bacio|coppia con cuore|cuore|innamorati|insieme|persone|romanticismo
🗣️|parlare|persona che parla|profilo|urlare
👤|busto|mistero|nascosto|ombra|persona|profilo di persona|sagoma|silhouette
👥|amici|due utenti|mistero|ombra|ombre|persona|persone|profili|profilo di due persone|silhouette
🫂|abbraccio|addio|amicizia|amore|ciao|confortare|consolare|grazie|persone che si abbracciano
👪|bambino|famiglia|mamma|papà|persone
🧑‍🧑‍🧒|famiglia|minore|persona adulta
🧑‍🧑‍🧒‍🧒|famiglia: persona adulta, persona adulta, minore, minore|minore|persona adulta
🧑‍🧒|famiglia: persona adulta, minore|minore
🧑‍🧒‍🧒|famiglia: persona adulta, minore, minore|minore
👣|camminare|corpo|impronta di piedi|impronte|passi|passo|piede|piedi nudi
🫆|identità|impronta digitale|indizio|riconoscimento biometrico|scienza forense|sicurezza|traccia
🐵|animale|faccina|scimmia|scimmietta
🐒|animale|scimmietta|selvatico
🦍|animale|foresta|scimmia|selvatico
🦧|animale|gorilla|orangotango|scimmia|scimmione
🐶|animale|cagnolino|cane|cucciolo|domestico|faccina
🐕|abbaiare|animale domestico|animali|cagnolino|cane|cucciolo
🦮|accessibilità|animale|cane da accompagnamento|cane guida|cieco|non vedente|non vedenti
🐕‍🦺|accessibilità|animale|cane d’assistenza|cane da assistenza|cane da salvataggio|cane di servizio|cane guida
🐩|animale|cane|pelo|razza|soffice
🐺|animale|bosco|faccina|favola|fiaba|lupo mannaro|muso di lupo|selvatico
🦊|animale|bosco|faccina volpe|furbetto|furbizia|furbo|muso di volpe|natura|volpacchiotto
🦝|animale|curiosità|curioso|furbizia|furbo|procione
🐱|animale|animali|faccina|gatto|muso di gatto
🐈|animale|cucciolo|domestico|gatta|gattina|gattino|miao|micino|micio
🐈‍⬛|animale|felino|gatto|halloween|miao|micio|nero|sfiga|sfortuna
🦁|alpha|animale|criniera|forte|forza|muso di leone|oroscopo|roar|ruggito|segno zodiacale|selvaggio|selvatico
🐯|animale|animali|faccina|felino|muso di tigre|tigre
🐅|animale|animali|felino|predatore|tigre
🐆|animale|felino|leopardo|predatore|selvatico
🐴|animale|campagna|cavallino|cowboy|dressage|equino|faccina|far west|fattoria|rampante
🫎|alce|animale|corna|mammifero
🫏|animale|asino|mammifero|mulo|somaro|testardo
🐎|animale|cavallo da corsa|corsa|corse|fattoria|galoppo|polo|ranch|trotto
🦄|faccina|unicorno
🦓|animale|animali|bianconero|nero|strisce|zebra
🦌|animale|animali|bosco|cerbiatto|cervo|corna|primavera|selvatico
🦬|animale|bisonte|mandria
🐮|animale|animali|faccina|fattoria|mucca|muso di mucca|muu
🐂|animale|animali|bovini|bovino|bue|domestico|fattoria|segno zodiacale del toro|toro
🐃|animale|animali selvatici|bufalo d’acqua
🐄|animale|animali|fattoria|latte|mucca|muu|vacca
🐷|animale|animali|faccina|fattoria|maiale|maialino|muso di maiale|natura|pancetta|porchetta
🐖|animale|animali|fattoria|maiale|scrofa
🐗|animale|animali|bosco|cinghiale|faccina cinghiale|game of thones|maiale selvatico
🐽|animale|animali|faccina|maiale|maialino|naso da maiale
🐏|animale|animali|ariete|fattoria|montone|ovino|pecora|segno zodiacale dell’ariete
🐑|animale|beeh|campagna|contare le pecore|fattoria|lana|montone|morbido|notte|pecorella|pecorone|soffice
🐐|animale|animali|capra|capricorno|fattoria|latte|segno zodiacale del capricorno
🐪|africa|animale|animali|cammello|deserto|dromedario|gobba|gobbe|trasporto
🐫|animale|animali|cammello|deserto|due gobbe|gobba
🦙|alpaca|animale|guanaco|lama|lana di alpaca|vicuña|vigogna
🦒|animale|animali|giraffa|macchie|puntini|savana|selvaggio|selvatico
🐘|animale|elefante|savana|selvatico
🦣|animale|estinzione|grande|lanoso|mammut|zanna
🦏|africa|animale|animali|natura|rinoceronte|safari|savana|selvatico
🦛|animale|ippopotamo
🐭|animale|faccina|muso di topo|topolino
🐁|animale|animali|cavia|topolino
🐀|animale|animali|fogna|ratto|topastro|topo
🐹|animale|animali|criceto|domestico|faccina|muso di criceto
🐰|animale domestico|animali|coniglietto|coniglio|faccina|muso di coniglio
🐇|animale|animali|coniglietto|coniglio|domestico|fattoria
🐿️|animale|animali|bosco|scoiattolo|selvatico
🦫|animale|castoro|denti|diga|roditore
🦔|animale|animali|riccio|spine|spinoso
🦇|ali|animale|notte|pipistrello|vampiro
🐻|animale|faccina|muso di orso|orsacchiotto|orsetto|orso
🐻‍❄️|bianco|orso|polare
🐨|animale|animali|australia|faccina koala|koala|selvatico
🐼|animale|animali|bamboo|faccina|muso di panda|panda|wwf
🦥|animale|bradipo|calma|lentezza|lento|pigrizia|pigro
🦦|animale|giocherellone|lontra marina|pescare
🦨|animale|puzza|puzzola|puzzolente
🦘|animale che salta|australia|canguro|cucciolo di canguro|marsupiale|saltare
🦡|animale|dare fastidio|infastidire|tasso del miele
🐾|animale|cane|impronta di zampa|impronte di zampe|zampa|zampe|zampine
🦃|animale|giorno del ringraziamento|ringraziamento|tacchino|thanksgiving
🐔|animale|animali|fattoria|galletto|gallina|gallo|pollo|uccello
🐓|alba|animale|animali|domestico|fattoria|galletto|gallo|mattino|uccello
🐣|animale|cucciolo|gallina|nascita|pulcino|schiudere|uccello|uovo che si schiude
🐤|animale|animali|cucciolo|faccina pulcino|gallina|pulcino
🐥|animale|baby shower|bambino|bebè|bimbo|cucciolo|fattoria|galletto|gallina|neonato|ornitologia|piccolo
🐦|animale|ornitologia|passerotto|uccellino
🐧|animale|antartico|ornitologia|polo sud|uccello
🕊️|animale|ornitologia|pace|pasqua|uccellino|uccello|ulivo|volare
🦅|animale|aquila reale|ornitologia|rapace|uccello
🦆|animale|ornitologia|papera|uccello
🦢|animale|brutto anatroccolo|cigno giovane|uccello|volatile
🦉|animale|animali|bosco|foresta|fortuna|gufo|saggezza|selvatico|uccello
🦤|animale|dodo|estinzione|grande|mauritius|uccello
🪶|leggero|penna|piumaggio|uccello|volo
🦩|animale|fenicottero|flamingo|rosa|tropicale|uccello
🦚|animale|appariscente|colorato|esibizionista|orgoglioso|pavoneggiarsi|uccello|vistoso|volatile
🦜|animale|pappagallo|parlare|pirata|pirati|uccello parlante
🪽|ala|angelo|aviazione|mitologia|uccello|volare
🐦‍⬛|animale|cornacchia|corvo|merlo|nero|uccello
🪿|animale|oca|papera|pollame|starnazzare|stupidità|uccello
🐦‍🔥|fantasia|fenice|immortale|mitologia|personaggio|reincarnazione|reinventarsi|rinascita|trasformazione|uccello di fuoco
🐸|animale|bosco|fiaba|lago|muso di rana|natura|principe|raganella|ranocchia|ranocchio|rospo|stagno
🐊|animale|coccodrillo|lacrime di coccodrillo|rettile|selvatico
🐢|animale|animali|lenta|lentezza|lento|tartaruga
🦎|animale|animali|lucertola|rettile
🐍|animale|animali|biscia|bosco|foresta|pericolo|selvatico|serpente|vipera
🐲|animale|animali|dragone|faccina|fiaba|testa di drago
🐉|animale|animali|cinese|dragone|fiaba|game of thrones|mitologia|trono di spade
🦕|animale|animali|brachiosauro|brachiosaurus|brontosauro|brontosaurus|dinosauro|diplodoco|diplodocus|sauropode
🦖|animale|animali|dinosauro|t-rex|tirannosauro rex|tyrannosaurus rex
🐳|animale|animali|balena che spruzza acqua|balenottera|cetaceo|mare|oceano|spruzzare
🐋|animale|animali|balena|cetaceo|mare|oceano
🐬|animale|cetaceo|delfino|mare|oceano|spiaggia
🫍|animale|cetaceo|marino|oceano
🦭|animale|foca|leone marino|mare|oceano|otaria
🐟|animale|animali|mare|oceano|pesce|pesci|segno zodiacale dei pesci
🐠|animale|animali|mare|oceano|pesce tropicale
🐡|animale|animali|mare|oceano|pesce palla|tropici
🦈|aggressività|animale|animali|pericolo|pesce|squalo
🐙|animale|animali|mare|oceano|polipo|polpo
🐚|animale|conchiglia a spirale|mare|oceano|spiaggia
🪸|barriera corallina|cambiamento climatico|corallo|mare|oceano
🪼|animale|bruciatura|dolore|invertebrato|mare|medusa|puntura|trasparente|urticante
🦀|cancro|granchio|mare|mollusco|oceano|segno zodiacale
🦞|animale|aragosta rossa|astice|chele|crostacei|frutti di mare|zuppa
🦐|animale|animali|cibo|crostaceo|gamberetto|gambero|mare|oceano
🦑|animale|animali|calamaro|cibo|mare|mollusco|oceano|polipo|polpo|totano
🦪|alimento|cibo|mollusco|ostrea|ostrica|perla
🐌|animale|giardino|lentezza|lento|lumachina|lumacone|natura
🦋|ali|animale|colorata|insetto
🐛|animale|bruco|giardino|millepiedi
🐜|animale|formica|formichina|insetto|lavorare
🐝|animale|bombo|giardino|insetto|miele|natura|primavera|regina|vespa
🪲|animale|cimice|coleottero|insetto|scarabeo
🐞|animale|fortuna|giardino|insetto|natura
🦗|animale|cavalletta|insetto|ortottero
🪳|animale|blatta|disgustoso|infestante|insetto|scarafaggio
🕷️|animale|aracnide|disgusto|insetto|ragno|schifo
🕸️|ragnatela|ragno|tela
🦂|animale|scorpione|segno zodiacale
🦟|febbre|insetto|malaria|malattia|morso|puntura d’insetto|virus|zanzara
🪰|animale|decomposizione|infestante|insetto volante|larva|malattia|mosca|moscone|volare
🪱|anellide|animale|lombrico|parassita|strisciare|verme
🦠|ameba|batterio|microbo|scienza|virus
💐|anniversario|appuntamento|bouquet|compleanno|fioraio|fiore|fiori|natura|regalo|romanticismo|romantico
🌸|ciliegio|fiore di ciliegio|fiorito|natura|pianta|primavera|primula|rosa
💮|fiore bianco|fiorellino|simbolo ben fatto
🪷|bellezza|buddhismo|fior di loto|fiore|india|induismo|loto|purezza|serenità|vietnam|yoga
🏵️|coccarda|fiore|natura|pianta|rosetta
🌹|amore|bellezza|fiore|giardino|natura|pianta|regalo|rosa rossa|rosso
🥀|appassito|fiore|natura|pianta|rosa appassita|sfiorire|sfiorita
🌺|fiore|ibisco|natura|pianta|rosso
🌻|fiore|giallo|girasole|natura|pianta
🌼|bocciolo|fiorellino|giallo|margherita|natura|pianta
🌷|fiore|giardino|natura|pianta|rosa|tulipano
🪻|bocca di leone|fiore|giacinto|lavanda|lupino|primavera
🌱|germoglio|natura|pianta|piantina|primavera
🪴|casa|coltivare|curare|decorare|inutile|noioso|pianta in vaso|vaso|verde
🌲|abete|albero di natale|conifera|foresta|natura|pino|sempreverde
🌳|albero rotondo|caduco|deciduo|natura|pianta
🌴|albero|natura|palma|spiaggia|tropicale|tropici
🌵|cactus|caldo|deserto|messico|natura|pianta grassa|spina|spine|west
🌾|cereale|natura|pianta di riso|riso|spiga di riso
🌿|foglia|natura|pianta|ramo|verde
🍀|foglia|fortuna|natura|pianta|piante|quadrifoglio|quattro
🍁|autunno|foglia caduta|foglia d’acero|natura
🍂|autunno|cadute foglia|foglia caduta|foglie cadute|foglie che cadono|foglie rosse|natura|ramo
🍃|foglia al vento|foglie|vento che soffia
🪹|nidificazione|nido vuoto
🪺|nidificazione|nido con uova|nido di uccelli|uccelli|uova
🍄|amanita|autunno|biancaneve|bosco|favola|fiaba|funghetto|fungo|natura|velenoso
🪾|inverno|senza foglie|siccità
🍇|cibo|dioniso|frutta|frutto|grappolo d’uva|uva|vino|viola
🍈|cantaloupe|cibo|frutta|frutto|melone|oliva
🍉|anguria|cibo|frutta|frutto
🍊|agrume|agrumi|arancia|cibo|frutta|frutto|mandarino|vitamina c
🍋|agrume|aspro|cibo|estate|frutta|frutto|giallo|limone
🍋‍🟩|agrume|cibo|cocktail|dissetante|frutta|lime|limone verde|mojito|succo|tequila|tropicale
🍌|banana|cibo|frutta|frutto|potassio
🍍|ananas|cibo|frutta|frutto|pina colada|tropicale
🥭|cibo|frutta|frutto|mango|shaker|tropicale
🍎|cibo|dieta|frutta|frutto|mela|rossa
🍏|cibo|dieta|frutta|frutto|mela|verde
🍐|cibo|frutta|frutto|pera
🍑|cibo|frutta|frutto|pesca
🍒|cibo|ciliegia|ciliegie|frutta|frutto
🍓|cibo|fragola|frutta|frutto|rosso
🫐|bacca|blu|cibo|frutta|frutti di bosco|mirtilli|mirtillo
🥝|cibo|frutta|frutto|kiwi
🍅|cibo|pomodoro|rosso|verdura
🫒|cibo|olio|oliva|ramo di ulivo|ulivo
🥥|cibo|cocco|frutta|frutto|noce di cocco|palma|piña colada
🥑|avocado|cibo|frutta|frutto
🍆|cibo|melanzana|verdura
🥔|cibo|ortaggio|patata|patatine|tubero|verdura
🥕|arancione|carota|carotene|cibo|coniglio|dieta|ortaggio|radice|sano|verdura|verdure
🌽|cibo|fattoria|granoturco|mais|pannocchia|verdura
🌶️|cibo|hot|peperoncino|piccante|verdura
🫑|cibo|ortaggio|peperone verde|verdure
🥒|cetriolino sottaceto|cetriolo|cibo|ortaggio|sott’aceto|sotto aceto|verdura
🥬|bok choy|cavolo cinese|cavolo nero|foglia verde|hamburger|insalata|kale|lattuga|verdura|verdure a foglia|verza
🥦|broccoli|broccolo|cavolo nero|cibo|verde|verdura
🧄|aglio|alimento|cibo|condimento|insaporire|insaporitore|spicchio d’aglio
🧅|alimento|cibo|cipolla|insaporire|insaporitore|piangere|soffritto
🥜|arachide|arachidi|cibo|frutta secca|nocciolina|noccioline
🫘|cibo|fagioli|legume
🌰|autunno|bosco|caldarroste|castagna|cibo|frutta|frutto|nocciola
🫚|birra|radice di zenzero|salute|spezia|zenzero
🫛|baccello di piselli|cibo|edamame|legume|pisello|vegetale|verdura
🍄‍🟫|autunno|bosco|champignon|cibo|fungo marrone|natura|porcino|vegano|vegetale|vegetariano
🫜|barbabietola|orto|radice|rapa|vegetale
🍞|carboidrati|cereali|cibo|pancarré|pane a cassetta|pane in cassetta|ristorante|toast
🥐|bar|cibo|colazione|cornetto|croissant|dolce|francese|zucchero
🥖|baguette|carboidrati|cibo|filone|francese|francia|pane
🫓|arepa|cibo|focaccia|lavash|naan|pane|piadina|pita|tigella
🥨|brezel|cibo|pane|pretzel
🥯|bagel|ciambella di pane|colazione|panetteria|panificio|spalmare formaggio sul bagel
🥞|america|brunch|burro|cibo|colazione|crêpe|dolce|francia|frittelle|pancake|sciroppo d’acero|zucchero
🧇|cialda|cibo|colazione|gaufre|waffle
🧀|cibo|fetta di formaggio|formaggio|gruviera
🍖|barbecue|carne con osso|cibo|fame|osso|ristorante
🍗|carne|cibo|coscia di pollo|coscia di tacchino|fame|osso|pollo|ristorante|tacchino
🥩|bistecca|braciola|carne rossa|cibo|costoletta d’agnello|costoletta di maiale|cotoletta|scaloppina|taglio di carne
🥓|americana|bacon|carne|cibo americano|colazione|maiale|pancetta
🍔|burger|cibo|fast food|hamburger|panino|ristorante|sandwich
🍟|cibo|patatine fritte|ristorante
🍕|cena|cibo|fame|fetta di pizza|pizza|pizzeria|ristorante
🌭|cibo|hot dog|panino|street food|wurstel
🥪|cibo|pane|panino|sandwich
🌮|cibo|cucina messicana|guacamole|messicana|messicano|messico|ristorante|salsa|tacos
🌯|burrito|cucina messicana|messico
🫔|cibo|involtino|messicano|pamonha|tamale
🥙|carne|cibo turco|cucina turca|falafel|gyro|kebab|pita farcita|ripieno|ristorante
🧆|ceci|cibo|falafel|felafel|polpetta|polpette di ceci
🥚|cibo|uova|uovo
🍳|cibo|colazione all’americana|cucinare|friggere|padella|padellino|ristorante|uova|uovo in padella
🥘|casseruola|cibo|cucinare|padella con cibo|paella|spagna
🍲|cibo|ciotola di cibo|minestra|pentola di cibo|ristorante|stufato|zuppa
🫕|cibo|cioccolato|fonduta|formaggio|fuso|pentola|sci
🥣|cereali|cibo|ciotola con cucchiaio|colazione|porridge|scodella|tazza|zuppa|zuppiera
🥗|cena|cibo|insalata mista|insalata verde|mangiare|pranzo|salutare|salute|verdure
🍿|cibo|cinema|mais|popcorn
🧈|alimento|burro|cibo|latticini|latticino
🧂|condimento|gusto|salato|sale|saliera|sapore|saporito
🥫|cibo in scatola|latta|lattina|scatoletta
🍱|bento box|lunch box|monoporzione|piatto pronto|ristorante
🍘|cibo|galletta di riso|riso
🍙|arancino di riso giapponese|cibo|giapponese|onigiri|orientale|polpetta di riso giapponese|riso|ristorante
🍚|cibo|cinese|riso bollito|ristorante
🍛|cibo|curry|indiano|riso al curry|ristorante
🍜|bacchette|cibo|cinese|ciotola di noodle|ciotola fumante|giapponese|noodle|pho|piatto caldo|ramen|ristorante
🍝|cena|cibo|cucinare|fame|pasta|pranzo|puttanesca|ragù|ristorante|spaghetti
🍠|arrosto|cibo|dolce|ortaggio|patata|verdura
🍢|cibo|cucina|kebab|oden giapponese|pesce|ristorante|spiedino di pesce
🍣|cibo|cucina|giapponese|riso|ristorante|salmone|sushi
🍤|cibo|gamberetto|gambero fritto|ristorante|tempura
🍥|cibo|crocchetta di pesce|cucina giapponese|giapponese|pesce|ristorante|rotolo di pesce|spirale|tortino di pesce a spirale
🥮|autunno|dolce della luna|dolce lunare|festa d’autunno|festival|moon cake|torta lunare|yuebing|yuèbǐng
🍡|dango|dolcetto|palline di mochi|ristorante|spiedino di mochi
🥟|cibo|dumpling|empanada|fagottino|gyoza|jiaozi|pierogi|ravioli|raviolo
🥠|biscotto della fortuna|cibo|cinese|consiglio|profezia|suggerimento
🥡|asporto|bacchette|bastoncini|cibo a domicilio|cibo cinese|cibo da asporto|confezione da asporto|consegna|scatola d’asporto
🍦|bar|cono|crema|dessert|dolce|estate|gelateria|gelato|ristorante|zucchero
🍧|cibo|estate|ghiaccio|granita siciliana|sicilia
🍨|cibo|coppa di gelato|crema|dessert|dolce|estate|gelateria|gelato|ristorante|zucchero
🍩|ciambella|cibo|cioccolato|dolce|donut|ristorante|zucchero
🍪|biscottino|biscotto|cibo|cioccolato|cookie|dessert|dolce|gocce di cioccolato|ristorante|zucchero
🎂|auguri di compleanno|buon compleanno|candeline|cibo|compleanno|dolce|festa|festeggiare|pasticceria|tanti auguri|torta di compleanno|zucchero
🍰|dessert|dolce|fetta di torta|ristorante|torta|zucchero
🧁|cupcake|delizia|dessert|dolce|festa|panetteria|panificio|pasticceria|tortina|zucchero
🥧|apple pie|cibo|dolce|fetta|pasticceria|torta di mele|torta di zucca|tortino
🍫|barretta di cioccolato|break|cibo|cioccolata|cioccolato|dolcetto|felicità|goloso|halloween|ristorante|snack
🍬|caramella|caramelle|dolcetti|dolcetto|dolciume|halloween|zucchero
🍭|caramella|chupa chups|dolcetti|dolcetto|dolci|lecca lecca|ristorante|willi wonka|zucchero
🍮|budino|cibo|creme caramel|dessert|dolce|dolci|pudding|ristorante|zucchero
🍯|api|barattolo di miele|cibo|dolce|miele|ristorante|vaso di miele|winnie the pooh|zucchero
🍼|bambina|bambino|bebé|bere|biberon|bimba|bimbo|fame|latte|neonata|neonato|tenero
🥛|bevanda|bicchiere di latte|latte
🫖|bere|cibo|tè|teiera|thè
🍵|bere|bevanda|pomeriggio|sete|tazza da tè senza manico|tazza di tè|tazzina|tè
🍶|bar|bere|bevanda|bicchiere|bottiglia e bicchiere di sake|bottiglia e bicchiere di sakè|giapponese|ristorante|sake|sakè
🍾|auguri|bar|bere|brindisi|celebrare|champagne|congratulazioni|festeggiare|spumante|stappare|tappo
🍷|alcool|bar|bere|bicchiere di vino|calice|enoteca|ristorante|vino
🍸|alcolico|bar|bere|bevanda|bicchiere da cocktail|calice|cocktail|drink|ristorante
🍹|alcool|bar|bere|club|cocktail|drink|ristorante|tropicale
🍺|alcool|bar|bere|birra|boccale di birra|estate|germania|octoberfest|pinta|pub|ristorante|sete
🍻|alcool|bar|birra|birre|boccali di birra che brindano|brindisi|celebrare|cin cin|festeggiare|pub|ristorante
🥂|anniversario|auguri|bere|brindare|brindisi|champagne|cin cin|compleanno|congratulazioni|festeggiare|prosecco|spumante
🥃|alcool|bevanda|bicchiere|drink|liquore|tumbler|whisky
🫗|bevanda|bicchiere rovesciato|drink|liquido versato|rovesciare|svuotare|versare
🥤|acqua|bevanda|bevande|bibita gasata|bicchiere con cannuccia|cannuccia|succo
🧋|bibita|boba|bolla|bolle|bubble tea|cibo|latte|perla|sfera|taiwan|tè con le bolle|thè
🧃|bevanda in brick|bevanda monodose|brick|cannuccia|succo di frutta in cartone
🧉|bevanda|erba mate|mate argentino
🧊|cubetto di ghiaccio|freddo|gelo|ghiaccio in cubetti|ghiaccio in cubi
🥢|bacchette|bastoncini|cibo asiatico|hashi|jeotgarak|kuaizi
🍽️|apparecchiare|cena|coltello|fame|forchetta|mangiare|piatto e posate|posate|pranzo|tavola
🍴|affamata|affamato|cena|che fame|cibo|cucinare|fame|forchetta e coltello|mangiare|posate|pranzo|ristorante
🥄|cucchiaino|cucchiaio|cucina|posate|stoviglie|utensili
🔪|arma|chef|coltello da cucina|cucina|fame|posate
🫙|barattolo|condimento|conservare|contenitore|dispensa|salsa|sugo|vuoto
🏺|acquario|anfora|ornamento|reperto|segno zodiacale|vaso
🌍|africa|europa e africa|globo|mappamondo|natura|pianeta|terra
🌎|america|americhe|globo|mappamondo|natura|pianeta|terra
🌏|asia e australia|australia|globo|mappamondo|natura|pianeta|terra
🌐|globo con meridiani|meridiani
🗺️|cartina|mappa mondiale|mondo|viaggiare
🗾|giappone|mappa del giappone
🧭|bussola|direzione|magnetica|navigazione|orientamento
🏔️|cima|ghiacciaio|inverno|montagna innevata|paesaggio
⛰️|arrampicata|cima|montagna|vetta
🛘|disastro|montagna|pericolo|rocce|smottamento|terremoto|valanga
🌋|eruzione|etna|lava|natura|vesuvio|vulcano in eruzione
🗻|fuji|giappone|montagna|monte|natura|paesaggio
🏕️|campeggio|lago|montagna|tenda|vacanza
🏖️|estate|mare|ombrellone in spiaggia|spiaggia con ombrellone|vacanze
🏜️|arido|caldo|canyon|deserto|sole cocente
🏝️|isola deserta|mare|naufrago|palma|solitudine|spiaggia|vacanza
🏞️|colline|escursione|natura|paesaggio|parco nazionale
🏟️|calcio|competizione|concerto|derby|domenica|giocare|gioco|partita|quiddich|sfida|sport|stadio
🏛️|antichità|edificio classico|grecia|palazzo|partenone|tempio greco
🏗️|cantiere|costruire|edificio in costruzione|edilizia|gru
🧱|argilla|malta|mattone|mattoni|muro di mattoni
🪨|duro|macigno|masso|pesante|pietra|roccia|sasso|solido
🪵|ceppo|ciocco|legname|legno|tronco
🛖|capanna|capanno|casa|iurta|rifugio
🏘️|casa|casetta|casette|cittadina|edifici|quartiere|residenziale|via|vicinato|vicini|vicino
🏚️|abbandonata|casa in rovina|crepa|crepe|decrepita|disabitata|disabitato|fatiscente|in rovina|rovinato|rudere|terremoto
🏠|abitazione|casa di campagna|casetta|edificio|fattoria|villetta
🏡|abitazione|casa con giardino|casa di campagna|casetta|edificio|giardino|nido|villa|villetta
🏢|edificio di uffici|edifico di uffici|palazzo|ufficio
🏣|edificio|giapponese|palazzo|posta|ufficio postale giapponese
🏤|edificio|europeo|posta|ufficio postale europeo
🏥|clinica|covid|edificio|emergenza|infermiera|infermiere|malattia|medicina|ospedale|pronto soccorso
🏦|banca|denaro|edificio|finanza|mutuo|prelevare|soldi|wall street
🏨|albergo|edificio|hotel|palazzo
🏩|amore|edificio|hotel|love hotel|motel
🏪|24 ore|autogrill|edificio|minimarket|negozio aperto 24 ore|supermercato
🏫|alunni|classe|classi|edificio|imparare|insegnante|liceo|maestra|scuola|università
🏬|centro|commerciale|edificio|grande magazzino
🏭|azienda|ciminiera|edificio|fabbrica|industriale|inquinamento|produzione|stabile
🏯|asia|casa|castello|edificio|giapponese|palazzo
🏰|castello|edificio|fiaba|fiabe|palazzo
💒|amore|cappella|chiesa per matrimonio|matrimonio|nozze|religione|romanticismo|sposarsi
🗼|architettura|città|giappone|tokyo tower|torre di tokyo|torre rossa
🗽|america|libertà|new york|simbolo|statua della libertà
⛪|cappella|cattedrale|chiesa|cristianesimo|croce|edificio|religione
🕌|islamismo|moschea|musulmani|musulmano|pregare|preghiera|religione
🛕|induismo|tempio indù|tempio induista
🕍|ebraismo|religione|sinagoga|tempio ebraico
⛩️|cina|cinese|jinja|religione|santuario shintoista
🕋|arabia saudita|islamismo|kaaba|la mecca|musulmana|musulmani|musulmano|religione
⛲|acqua che scorre|fontana
⛺|accampamento|campeggio|tenda
🌁|clima|meteo|montagna con la nebbia|nebbia|nebbioso
🌃|cielo|città di notte|luna|notte stellata|stelle
🏙️|città|edifici|finistra|grattacieli|metropoli|paesaggio urbano|vista
🌄|alba sulle montagne|montagna|montagne|paesaggio|sole che sorge|tramonto
🌅|alba|finestra|mattino|natura|sole che sorge
🌆|città al tramonto|edifici|paesaggio|tramonto
🌇|città|skyline|sole che tramonta sulla città|tramonto
🌉|golden gate|notte|paesaggio|ponte di notte|san francisco
🎠|cavallino|cavallo da giostra|giostra|infanzia|intrattenimento
🛝|area divertimento|area giochi|giocare|giochi per bambini|parco giochi|scivolata|scivolo
🎡|intrattenimento|london eye|luna park|panoramica|parco divertimenti|parco giochi|ruota
🎢|intrattenimento|luna park|montagne|parco divertimenti|russe
💈|barbiere|insegna
🎪|circo|festa|fiera|intrattenimento|orfei|spettacolo|tenda da circo|tendone
🚂|ferrovia|locomotiva a vapore|motore|treno|vapore|veicolo|viaggiare
🚃|elettrico|ferrovia|tram|trasporto|treno|vagone|veicolo|viaggiare
🚄|alta velocità|ferrovia|freccia|tav|trasporto|treno alta velocità|veicolo|veloce|viaggiare
🚅|alta velocità|ferrovia|mezzo|punta arrotondata|trasporti|trasporto|treno alta velocità punta arrotondata|veicolo|veloce|viaggiare
🚆|arrivo|binari|ferrovia|freccia|mezzo|trasporto|treno|veloce
🚇|metropolitana|mezzo|trasporti|trasporto|veicolo|viaggiare
🚈|arrivare|ferrovia|metrotranvia|mezzo|monorotaia|tram|trasporti|trasporto|treno|veicolo|viaggiare
🚉|arrivo|fermata|ferrovia|ritardo|stazione|trasporto|treno|veicolo|viaggiare
🚊|arrivo|ferrovia|freccia|partire|pendolare|tram|trasporto|treno|veicolo|veloce|velocità|viaggiare
🚝|mezzo|monorotaia|trasporti|trasporto|veicolo|veloce|viaggiare
🚞|ferrovia di montagna|montagna|trasporti|treno di montagna|veicolo|viaggiare
🚋|filobus|mezzo|tram|trasporti|trasporto|vagone del tram|veicolo
🚌|autobus|bus|mezzo|scuolabus|trasporti|trasporto|veicolo
🚍|autobus|bus in arrivo|in arrivo|mezzo|scuolabus|trasporti|trasporto|veicolo|viaggiare
🚎|autobus|bus|città|filobus|mezzo|tram|trasporti pubblici|veicolo|viaggiare
🚐|bus|fiorino|guidare|minibus|pullmino|pulmino|veicolo|viaggiare
🚑|ambulanza|croce rossa|emergenza|incidente|mezzo|ospedale|trasporto|veicolo
🚒|autopompa|camion dei pompieri|emergenza|incendio|mezzo|pompieri|veicolo|vigili del fuoco
🚓|auto|carabinieri|gazzella|macchina della polizia|polizia|veicolo
🚔|auto della polizia|automobile|gazzella|macchina della polizia|mezzo|polizia|trasporti|trasporto|veicolo|volante
🚕|auto|guidare|mezzo|tassì|taxi giallo|trasporto|veicolo
🚖|mezzo|tassì|taxi giallo|taxi in arrivo|trasporti|trasporto|veicolo
🚗|automobile|guidare|macchina|mezzo|trasporti|veicolo|viaggiare
🚘|auto in arrivo|automobile in arrivo|guidare|in arrivo|mezzo|trasporti|trasporto|veicolo
🚙|automobile|guidare|macchina|suv|trasporti|utilitaria|veicolo|viaggiare
🛻|auto|camioncino|furgoncino|pick-up|pickup|trasporto|veicolo
🚚|camion|consegna|in viaggio|mezzo|trasporti|trasporto|veicolo
🚛|autoarticolato|camion|guidare|rimorchio|spedizione|trasporto|veicolo|viaggiare
🚜|agricolo|campagna|fattoria|guidare|lavoro|mezzo|trattore|veicolo
🏎️|auto da corsa|gran premio|sport|velocità
🏍️|avventura|due ruote|mezzo|moto gp|motocicletta|ruote|trasporti|trasporto|veloce
🛵|due ruote|estate|guidare|mezzo|motorino|scooter|trasporti|trasporto|vacanze romane|veicolo|vespa|viaggiare
🦽|accessibilità|carrozzina manuale|sedia a rotelle manuale
🦼|accessibilità|carrozzina motorizzata|sedia a rotelle motorizzata
🛺|risciò a motore|tuk tuk
🚲|bicicletta|due ruote|gita|mezzo|pedalare|spinning|sport|trasporti|trasporto|veicolo
🛴|monopattino|trasporti|veicolo
🛹|andare in skate|andare sullo skateboard|rotelle|skateboarder|skater|tavola da skateboard
🛼|pattinaggio|pattinare|pattini a rotelle|rotelle|sport
🚏|autobus|fermata dell’autobus|pendolare|stop|viaggiare
🛣️|autostrada|guidare|pedaggio|strada veloce|viaggiare
🛤️|binari|ferrovia|treno
🛢️|barile di petrolio|bidone|fusto|petrolio
⛽|benzina|carburante|fare il pieno|pieno|pompa di benzina|stazione di servizio
🛞|auto|cerchione|girare|gomma|pneumatico|ruota|veicolo
🚨|carabinieri|emergenza|lampeggiante|luce|rosso|sirena dei carabinieri|sirena della polizia
🚥|orizzontale|semaforo|traffico
🚦|incrocio|luce|segnale|semaforo|stop|traffico|verticale
🛑|geometria|ottagonale|ottagono|rosso|segnale di stop|stop
🚧|area cantiere|costruzione|giallo e nero|simbolo area cantiere
🛟|ciambella|galleggiante|gonfiabile|nuotare|salvagente|salvare|salvataggio|sicurezza|soccorso
⛵|barca a vela|località balneare|mare|sport|vacanza|vela|yacht
🛶|barca|canoa|fiume|imbarcazione|kayak|lago|mare|pagaia|sport|trasporto
🚤|barca|lago|lusso|mare|mezzo|milionario|motoscafo|vacanza|vacanze|veicolo|veloce
🛳️|barca|crociera|imbarcazione|nave da crociera|traghetto|vacanza
⛴️|barca|crociera|mare|nave|traghetto|traversata
🛥️|barca a motore|barcone|imbarcazione|lusso|motore|motoscafo|yatch
🚢|barca|crociera|imbarcazione|mare|nave|titanic|trasporti|trasporto|veicolo|viaggiare
🛩️|aereo turistico|aeroplano|jet|velivolo|viaggiare|viaggio
🛫|aereo|andare|check-in|decollo|partenza|partenze|partire|pista di decollo|trasporti|trasporto|vacanza|viaggiare
🛬|aereo|aeroplano|aeroporto|arrivare|arrivi|arrivo|atterraggio|pista d’atterraggio|trasporti|trasporto|veicolo|viaggiare
🪂|parà|paracadute ascensionale|paracadutismo|paracadutista|parasailing|skydiving|sport
💺|sedia|sedile
🚁|elicottero|trasporti|veicolo|velivolo|viaggiare|volare
🚟|ferrovia sospesa|funivia|mezzo|trasporti|trasporto|veicolo
🚠|cabina|funicolare|funivia|montagna|sci|ski lift|trasporti|trasporto|veicolo
🚡|aerea|funicolare|funivia|montagna|sciare|tram|trasporto
🛰️|satellite|spazio
🚀|astronauta|astronave|razzo|spazio|trasporti|universo|veicolo|viaggiare|viaggio
🛸|alieni|disco volante|extra terrestri|marziani|spazio|ufo
🛎️|campanello d’hotel|campanello da hotel|hotel|reception
🧳|bagaglio|partenza|partiamo|preparare il bagaglio|preparazione dei bagagli|si parte|trolley|valigia|viaggiare|viaggio
⌛|clessidra|sabbia|tempo
⏳|clessidra che scorre|sabbia|tempo
⌚|orologio da polso|tempo
⏰|attesa|mattino|ora|ore|suono|svegliarsi|tempo
⏱️|cronometrare|cronometro|gara|prendere il tempo
⏲️|orologio|timer
🕰️|ora|orologio da mensola|sveglia|tempo
🕛|12:00|mezzanotte|mezzogiorno|ora|ore dodici|orologio|tempo
🕧|12:30|mezzanotte e mezza|mezzogiorno e mezza|ora|ore dodici e mezza|tempo
🕐|1:00|13:00|ora|ore una|orologio|tempo
🕜|1:30|13:30|ora|ore una e mezza|orologio|tempo
🕑|14:00|2:00|ore due|orologio|tempo
🕝|14:30|2:30|due e mezza|ore due e mezza|orologio
🕒|15:00|3:00|ora|ore tre|orologio|tempo
🕞|15:00|3:30|ore tre e mezza|orologio|tre e mezza
🕓|16:00|4:00|ora|ore quattro|orologio|quattro|tempo
🕟|16:30|4:30|ora|ore quattro e mezza|orologio|tempo
🕔|17:00|5:00|ora|ore cinque|orologio|tempo
🕠|17:30|5:30|ora|ore cinque e mezza|orologio|tempo
🕕|18:00|6:00|ora|ore sei|orologio|tempo
🕡|18:30|6:30|ora|ore sei e mezza|orologio|tempo
🕖|19:00|7:00|ora|ore sette|orologio|tempo
🕢|19:30|7:30|ora|ore sette e mezza|orologio|tempo
🕗|20:00|8:00|ore otto|orologio|otto
🕣|20:30|8:30|ora|ore otto e mezza|orologio|otto e mezza|tempo
🕘|21:00|9:00|ora|ore nove|orologio|tempo
🕤|21:30|9:30|nove e mezza|ora|ore nove e mezza|orologio
🕙|10:00|22:00|ora|ore dieci|orologio|tempo
🕥|10:30|22:30|ora|ore dieci e mezza|orologio|tempo
🕚|11:00|23:00|ore undici|orologio|undici
🕦|11:30|23:30|ora|ore undici e mezza|orologio|tempo
🌑|cielo|luna nera|natura|notte|novilunio|nuova
🌒|buona notte|crescente|luna|mezza luna|natura|notte|quarto di luna|sogni|spicchio di luna
🌓|luna|natura|notte|primo quarto di luna|quarto
🌔|crescente|gibbosa|luna|natura|notte
🌕|luna|natura|notte|piena|plenilunio
🌖|calante|gibbosa|luna quasi pieni|natura|notte
🌗|luna|metà|natura|notte|quarto|spazio|ultimo quarto di luna
🌘|calante|luna|natura|notte
🌙|calante|cielo|crescente|gobba|luna|natura|notte|spazio|spicchio di luna|ultimo quarto
🌚|faccina luna nuova|luna nera|luna nuova con faccina|natura|notte
🌛|cielo|faccina primo quarto di luna|luna con faccina|natura|notte|primo quarto di luna|quarto di luna con faccina
🌜|faccina della luna|faccina ultimo quarto di luna|luna con faccina|natura|notte|quarto di luna con faccina|ultimo quarto di luna
🌡️|caldo|clima|freddo|meteo|temperatura|termometro
🌝|faccina con la luna|faccina della luna|faccina luna piena|luna con faccina|luna piena con faccina|natura
🌞|bel tempo|caldo|denari|estate|faccina|giornata|giorno|meteo|soleggiato
🪐|corpo celeste|pianeta con anelli|pianeta con satellite|satellite|saturno|spazio
⭐|astro|natura|stella gialla|stellina
🌟|brillante|evvai|felicità|festeggiare|natura|notte|scintillante|sorpresa|stella che brilla|stella con scintille|stellina
🌠|cadente|desiderio|fortuna|notte|stella
🌌|lattea|nebulosa|notte|spazio|stelle|via lattea
⛅|meteo|natura|nuvola|sole con nuvole|sole coperto|variabile
⛈️|diluvio|fulmini|meteo|natura|nuvole|pioggia|temporale
🌤️|meteo|natura|nuvola|nuvole|nuvoloso|parzialmente nuvoloso|sole dietro nuvola|variabile
🌥️|coperto|maltempo|meteo|molto nuvoloso|natura|nuvole|nuvoloso
🌦️|coperto|meteo|natura|nuvola con sole|pioggia|sole con pioggia|sole coperto e pioggia|sole dietro nuvola|variabile
🌧️|diluvio|meteo|natura|nuvole|nuvoloso|pioggerella|pioggia|piovere|piovigginare
🌨️|brutto tempo|freddo|meteo|natura|neve|nevica|nuovola|nuvole|tempo
🌩️|fulmine|fulmini|maltempo|meteo|natura|nuvola|nuvole|pioggia|temporale|temporali
🌪️|meteo|tornado|tromba d’aria|twister|uragano|vento
🌫️|foschia|meteo|nebbia|nuvole|visibilità ridotta
🌬️|aria|eolo|sbuffo|vento
🌀|ciclone|mal di mare|meteo|nausea|spirale|tifone|tornado|vento
🌈|arcobaleno|bisessuale|colori|gay|lesbica|lgbt|meteo|natura|omosessuale|pace|pioggia|transgender
🌂|meteo|ombrello chiuso|pioggia|piovere
⛱️|estate|mare|meteo|ombrellone|sole|spiaggia|vacanza
⚡|alta|fulmine|pericolo|simbolo|tensione|tuono
⛄|inverno|natura|neve|pupazzo di neve senza neve
🔥|bruciare|caldo|calore|esplosione|falò|fiamma|fiamme|fuoco|inferno|passione
💧|acqua|freddo|fumetto|goccia|lacrima|natura|sudore|triste
🌊|acqua|la grande onda|mare|natura|oceano|onda d’acqua|onda del mare|surf
🎃|festa|halloween|lanterna|zucca di halloween
🎄|albero di natale|celebrare|festa|festeggiare|festoni|natale|natura|palline|pino
🎆|boom|celebrazione|festa|fuochi d’artificio|fuoco d’artificio|luce|scintilla|stella
🎇|boom|esplosione|festa|fuoco d’artificio|stella filante|stellina scintillante|stelline scintillanti
🧨|botto|dinamite|esplodere|esplosivo|far esplodere|fuochi artificiali|fuochi d’artificio|petardo|scintilla|scoppiare|scoppio
🎈|auguri|compleanno|festa|palloncino
🎉|auguri|compleanno|congratulazioni|coriandoli|evviva|felicità|festa|party|spara coriandoli|stelle filanti|urrà|yahoo
🎊|carnevale|congratulazioni|coriandoli|decorazioni|evviva|festa|festeggiare|palla di coriandoli|stelle filanti
🎋|albero decorato|albero di tanabata|decorazioni di carta|festa delle stelle|giapponese|natura
🎍|bambù decorato|decorazione kadomatsu|festa|giapponese|pianta|pino
🎎|bambole|festa delle bambole|giapponesi|hina-matsuri|hinamatsuri|imperatore e imperatrice|imperatrice
🎏|aquilone a forma di carpa|carpa|festa|giapponese|pesce
🎐|campana al vento|campanelle a vento|festa|scacciapensieri|vento
🎑|contemplazione della luna|contemplazione festa|festa della contemplazione della luna|festa della luna|festeggiare|luna
🧧|buona fortuna|buono auspicio|busta rossa|busta soldi|denaro|hóngbāo|lai see|regalo|soldi
🎀|auguri|bambina|bebé|festa|fiocco rosa|neonata
🎁|dono|festa|fiocco|natale|pacchetto|regalino|regalo|sorpresa
🎗️|festa|festeggiamenti|fiocchetto|fiocco giallo|nastro giallo|nodo
🎟️|biglietto d’ingresso|cinema|entrata|ingresso|spettacolo|ticket
🎫|ammissione|biglietto|cartellino|giallo|ingresso
🎖️|medaglia al valore|medaglia con stella|militare|onoreficenza|riconoscimento|stella|valore|vittoria
🏆|campione|coppa|premio|sport|trofeo|vincere|vincitore|vittoria
🏅|campione|corsa|gara|medaglia sportiva|podio|risultato sportivo|sport|vincere|vittoria
🥇|medaglia d’oro|numero 1|numero uno|oro|primo posto|sport|uno|vincere
🥈|argento|medaglia d’argento|secondo posto|sport
🥉|bronzo|gara|medaglia 3|medaglia di bronzo|sport|terzo posto
⚽|calcetto|calcio|palla|pallone da calcio|sport
⚾|baseball|battitore|guantone|mazza|palla da baseball|ricevitore|sport
🥎|guantone|palla da softball|softball|sport
🏀|basketball|canestro da basket|palla da pallacanestro|pallacanestro|pallone da basket|sport
🏐|palla da pallavolo|pallavolo|pallone|rete|sport|volley
🏈|americano|football|palla|sport
🏉|palla|pallone da rugby|rugby|sport
🎾|giallo|palla da tennis|pallina gialla|racchetta e palla da tennis|sport|tennis
🥏|disco volante|frisbee|ultimate frisbee
🎳|birilli|bowling|giocare|gioco|palla da bowling|sport
🏏|cricket|gioco|mazza|palla|sport
🏑|campo|hockey su prato|mazza|palla|partita|sport
🏒|ghiaccio|giocare|hockey su ghiaccio|hockey sul ghiaccio|mazza da hockey|puck|sport
🥍|goal|lacrosse|palla|pallina|racchetta da lacrosse|rete|sport
🏓|giocare|gioco|pallina|ping pong|racchetta|rete|sport|tennis da tavolo|tennis tavolo
🏸|badminton|giocare|gioco|racchetta|sport|volano
🥊|boxe|forza|guantone da pugilato|pugilato|pugile|pugno|sport
🥋|arti marziali|judo|karate|kimono per arti marziali|sport|taekwondo|uniforme
🥅|calcio|gol|porta da calcio|porta di calcio|rete|sport|traversa
⛳|bandiera golf|bandiera in buca|bandierina|buca|golf
⛸️|ghiaccio|pattinaggio artistico|pattinaggio su ghiaccio|pattini|sport
🎣|canna da pesca|intrattenimento|lenza|pescare|pesce|sport
🤿|diving|fare immersioni|immersioni|maschera da sub|maschera e boccaglio|nuotare|nuoto|snorkeling|sport
🎽|abbigliamento|correre|corsa|fascia|maglia da corsa con fascia|sport
🎿|accessori|scarpone da sci|sci|sport
🛷|inverno|montagna|neve|slitta|slittino|toboggan
🥌|curling|sport|stone da curling
🎯|arciere|arco|bersaglio|colpire|freccette|gioco|sport|target|tiro con l’arco
🪀|giocattolo|rocchetto|yo-yo|yoyo
🪁|aquilone|planare|vento|volare|volo
🔫|arma|pistola ad acqua|revolver|sparare
🎱|8|biliardo|giocare|gioco|otto|palla da biliardo|palla otto|sport
🔮|chiaroveggenza|chiromanzia|cristallo|futuro|magia|sfera di cristallo|sfera viola
🪄|abracadabra|bacchetta magica|formula magica|incantesimo|maga|magia|mago|strega|stregone
🎮|console|gamepad|giocare|gioco|joystick|videogioco
🕹️|giocare|joystick|leva del joystick|video giochi|video gioco|videogame|videogiochi|videogioco
🎰|azzardo|casinò|gioco d’azzardo|scommesse|scommettere|slot machine
🎲|dadi|dado|gioco dei dadi
🧩|incastrarsi|incastro|indizio|pezzo di puzzle|pezzo mancante|puzzle|tassello|tessera del puzzle
🧸|giocattolo|imbottito|orsacchiotto di peluche|orsetto di peluche|orso|peluche|soffice|teddy bear
🪅|caramelle|divertimento|dolcetti|festa|gioco della pentolaccia|gioco della pignatta|pentolaccia|pignatta
🪩|ballare|brillare|dance|discoteca|festa|glitter|palla a specchio|palla da discoteca|party|specchi
🪆|bambola di legno|bambola russa|matriosca|matrioska|russia
♟️|pedina degli scacchi|sacrificabile|scacchi|scacco matto
🃏|carta da gioco|gioco|joker|jolly
🀄|drago rosso|mahjong|tessera
🎴|carta da gioco hanafuda|carta dei fiori|giapponese|gioco di carte|hanafuda
🎭|arte|arti performative|carnevale|dietro le quinte|intrattenimento|maschere|palco|performance|recitare|scena|shakespeare|teatro
🖼️|arte|cornice|dipinto|disegno|galleria|museo|opera d’arte|paesaggio|quadretto|quadro incorniciato
🎨|arte|artista|colori|creativo|dipingere|palette|pittore|pittura|tavolozza dei colori
🧵|ago|bobina|corda|cucire|filo|rocchetto|rotolo
🪡|ago da cucito|attività|cucito|punti|ricamo|sarta|sartoria|suture
🧶|fare a maglia|filo|gomitolo|lavorare a maglia|palla|sferruzzare|uncinetto
🪢|annodato|corda|fune|legare|nodo|spago
👓|abbigliamento|nerd|occhiali da vista
🕶️|abbigliamento|accessori|cool|estate|figo|luce|occhiali da sole|occhiali scuri|sole
🥽|immersioni|maschera|nuotare|nuoto|occhiali di protezione|occhiali protettivi|occhialini|protezione per gli occhi|saldare|saldatura|sub
🥼|abiti|camice bianco|camice da laboratorio|dottoressa|esperimento|giacca|medico|scienziato
🦺|antinfortunistica|emergenza|gilet antinfortunistica|gilet catarifrangente|gilet di sicurezza
👔|abbigliamento uomo|camicia a righe|colletto|cravatta|vestiti da uomo
👕|abbigliamento informale|casual|colletto|maglia|maglietta|maniche corte|polo|shopping|t-shirt
👖|abbigliamento|blu|casual|denim|jeans|pantaloni|vestiti
🧣|abbigliamento|collo|freddo|inverno|sciarpa|sciarpetta|sciarpina
🧤|blu|guanti|guanto|mano
🧥|abbigliamento|cappotto|freddo|giacca|giaccone|giubbotto|inverno|rosso
🧦|abbigliamento|calzette|calzini
👗|abbigliamento|abito|donna|elegante|vestiti|vestito
👘|abbigliamento|giappone|kimono|vestito
🥻|abbigliamento|abito indiano|abito tradizionale indiano|sari|vestito indiano|vestito tradizionale
🩱|abbigliamento|costume da bagno intero|costume da donna|costume intero
🩲|costume da bagno maschile|costume da uomo|intimo|mutande da uomo|slip
🩳|abbigliamento|boxer|costume da bagno maschile|costume da uomo|intimo|mutande da uomo|pantaloncini|shorts
👙|abbigliamento|bikini|costume da bagno|costume due pezzi|estate|mare|piscina|spiaggia
👚|abbigliamento|donna|maglietta da donna|maglietta rosa|polo|t-shirt|vestiti da donna
🪭|afa|aria|caldo|rinfrescare|sventagliare|sventolare|timidezza|ventaglio
👛|abbigliamento|accessori|borsellino|borsetta|denaro|elegante|moneta|porta monete|portafogli|shopping|soldi
👜|abbigliamento|borsa|borsetta|shopping|valigia
👝|abbigliamento|accessori|borsa|borsetta|elegante|pochette
🛍️|acquisti|borsa|borse della spesa|sacchetti regalo|shopping|spesa
🎒|accessori|campeggio|cartella di scuola|compiti|istruzioni|scuola|viaggiare|zainetto|zaino di scuola|zaino per la scuola
🩴|abbigliamento|ciabatte|infradito|mare|sandali|scarpe|spiaggia
👞|abbigliamento|accessori|mocassino|scarpa da uomo|shopping|uomo
👟|abbigliamento|accessori|correre|corsa|scarpa da ginnastica|scarpa sportiva|scarpe da corsa|scarpe da tennis|sneaker|tennis
🥾|campeggio|escursionismo|passeggiata|scarpa|scarponcino|scarpone|scarponi|stivale da trekking|trekking
🥿|ballerine|comfort|scarpa bassa|scarpa senza lacci|scarpe da ballerina
👠|abbigliamento|decolleté|donna|moda|scarpa con il tacco|stiletto|tacco
👡|abbigliamento|accessori|donna|sandalo da donna|scarpa
🩰|balletto|danza classica|scarpette da ballerina|scarpette da ballo
👢|abbigliamento|donna|scarpa|scarpe|stivale da donna|stivaletto
🪮|afro|capelli|pettinatura|pettine
👑|abbigliamento|corona|famiglia reale|medioevo|principessa|regale|regina|vincere
👒|abbigliamento donna|accessori|cappellino di paglia|cappello da donna|fiocco
🎩|abbigliamento|bombetta|cappello|cilindro|elegante|inglese|intrattenimento|lincoln|mago
🎓|cappello da laureato|festa|istruzione|laureata|laureato|università
🧢|abbigliamento|baseball|cappellino da baseball|cappello con visiera|cappello da baseball|indumenti|vestiti
🪖|caschetto|elmetto|esercito|guerra|militare|oggetto|soldato
⛑️|bianca|croce|elmetto con croce bianca|salvataggio|soccorso
📿|grani|perle|pregare|religione
💄|appuntamento|bellezza|cosmetici|make up|makeup|rossetto|rosso|serata|trucco
💍|brillante|diamante|fidanzamento|fidanzarsi|fidanzata|fidanzato|gioielli|gioiello|matrimonio|romanticismo undefined
💎|diamante|fidanzamento|gemma|gioiello|per sempre|pietra preziosa|romanticismo|romantico|soldi
🔇|altoparlante barrato|audio|megafono barrato|musica|muto|no audio|no volume|silenzioso|speaker barrato|suono disattivato|volume|zitto
🔈|altoparlante a basso volume|altoparlante a volume basso|altoparlante attivato|audio|basso volume|megafono|speaker|suoneria|suono attivo|volume basso
🔉|altoparlante a volume intermedio|altoparlante volume basso|audio|basso|megafono|speaker|suono|volume basso|volume intermedio|volume medio
🔊|altoparlante a volume alto|audio|megafono|musica|speaker|suono|volume
📢|audio|comunicazione|megafono|parlare in pubblico|speaker|suono|volume
📣|altoparlante|altoparlanti|comunicazione|megafoni|megafono|parlare|suono|tifare|tifo|urlare
📯|cornetta da postiglione|cornetto postale|corno|nuovo messaggio|postale|tromba|trombone
🔔|campana|campanella|campanello|chiesa|musica|scuola|stonato|suono
🔕|audio|campana sbarrata|divieto|muto|silenzio|suono|volume
🎼|chiave di violino|musica|partitura|pentagramma
🎵|canzone|musica|nota musicale
🎶|canzone|melodia|musica|nota|note musicali|spartito
🎙️|cantare|microfoni da studio|microfono da studio|microfono radiofonico|radio|registrazione|studio
🎚️|abbassare il volume|alzare il volume|audio|cursore del volume|levetta del volume|musica|regolazione volume|volume
🎛️|console|dj|manopola|manopole del volume|manopole di controllo|musica|regolazione volume
🎤|cantare|concerto|intrattenimento|karaoke|microfono|musica|palco|presentare|spettacolo|teatro
🎧|ascoltare|auricolari|cuffie|intrattenimento|musica|suono
📻|ascoltare la radio|musica|radio|stazioni radio
🎷|blues|jazz|musica|sassofono|sax|strumento musicale|suonare
🎺|banda|blues|concerto|gruppo|jazz|musica|strumento musicale|tromba|trombone
🪊|coulisse|jazz|musica|ottone|strumento|tiro
🪗|concertina|fisarmonica|musica|organetto|strumento musicale
🎸|band|basso|chitarra|corde|elettrica|musica|rock|strumento musicale|suonare
🎹|classica|comporre|jazz|musica|pianoforte|strumento musicale|suonare|tastiera
🎻|musica|orchestra|strumento musicale|suonare|violino
🪕|banjo|musica|strumento a corde
🥁|bacchette|banda|musica|percussioni|tamburello|tamburo
🪘|bongo|conga|musica|percussioni|ritmo|strumento musicale|tamburo lungo
🪇|agitare|ballare|maracas|musica|percussioni|ritmo|scuotere|strumento
🪈|fiati|fiato|flautista|flauto|legno|musica|pifferaio|piffero|strumento|zufolo
🪉|amore|arpa|cupido|musica|orchestra|strumento
📱|cellulare|chiamare|comunicare|smartphone|telefono
📲|cellulare con freccia|chiamami|chiamare|ricevere|smartphone|telefonare|telefono cellulare con freccia
☎️|fisso|telefono di casa
📞|chiamami|chiamare|comunicazione|cornetta del telefono|fisso|telefonare|telefono|ti chiamo|ti richiamo
📟|cercapersone|comunicazione|lavoro
📠|computer|comunicazione|fax|periferiche|stampante|ufficio
🔋|autonomia|batteria scarica|carica|pila|ricaricare|verde
🪫|batteria scarica|elettronica|energia bassa|esausta|esausto|pila scarica|ricarica
🔌|elettrica|elettricista|elettricità|presa elettrica|spina
💻|computer|notebook|pc|personal|portatile
🖥️|computer fisso|desktop pc|monitor|pc tutto in uno
🖨️|computer|fotocopie|periferica|periferiche|stampante|stampare|stampe|ufficio
🖱️|computer|cursore|mouse senza fili|periferica|periferiche|ufficio
🖲️|computer|mouse a sfera|mouse con trackball|puntamento|sfera|trackball
💽|cd|computer|disco|lettore|md|mini disc|minidisc
💾|computer|dischetto|floppy
💿|blu-ray|cd|computer|disco ottico|dvd
📀|blu ray|blu-ray|computer disk|disco|dvd
🧮|abaco|abbaco|calcolare|calcolatrice|calcolo|fare i calcoli|pallottoliere
🎥|cinema|cinepresa|filmare|hollywood|intrattenimento|registrare|telecamera
🎞️|cinema paradiso|film|fotogrammi di film|pellicola cinematografica
📽️|cinema|cinepresa|filmato|fotocamera|fotografare|macchina fotografica|ricordi|riproduzione|scattare foto|videoproiettore
🎬|ciak si gira|cinema|filmare|intrattenimento|lavagna|regista|scena|tavoletta
📺|arredamento|televisione|televisore|tv
📷|fotocamera|fotografare|instagram|macchina fotografica|ricordi|scattare foto|selfie|viaggiare|video
📸|flash|foto con flash|fotocamera con flash|fotografare|macchina fotografica con flash|ricordi|scattare foto|selfie
📹|attore|attrice|camera|filmare|filmino|fotocamera|regista|registrare|telecamera|videocamera
📼|cassetta|registrare|vhs|videocassetta|vintage
🔍|cercare|investigare|lente d’ingrandimento|lente di ingrandimento rivolta a sinistra|lente ingrandimento verso sinistra|verso sinistra
🔎|cercare|investigare|investigatore|lente di ingrandimento rivolta a destra|lente ingrandimento verso destra|ricerca|spiare|trovare
🕯️|a lume di candela|calore|candela accesa|cera|cero|illuminare|luce
💡|brillante|elettrica|elettricità|eureka|fumetto|geniale|idea|lampadina|luce
🔦|elettrica|luce|pila|torcia
🏮|bar ristorante|cinese|giapponese|izakaya|lanterna rossa|lanterne|luce|rosso
🪔|deepak|deepam|divaa|diya|lampada a olio tradizionale
📔|album delle foto|compiti|copertina|fotoalbum|quaderno con copertina decorata|scuola|taccuino con decorazione|taccuino copertina decorata|taccuino decorato|università
📕|biblioteca|istruzione|leggere|libreria|libro chiuso|rosso|scuola|studiare|università
📖|compiti|istruzione|leggere|libreria|libro aperto|romanzo|scuola
📗|biblioteca|compiti|istruzione|libreria|libro verde|quaderno|scuola
📘|biblioteca|compiti|istruzione|leggere|libreria|libro blu|quaderno blu|scuola|studiare
📙|biblioteca|compiti|istruzione|leggere|libreria|libro arancione|quaderno|scuola|studiare
📚|biblioteca|compiti|doposcuola|leggere|libreria|libri|pila di libri|quaderni|romanzi|scuola|studiare|università
📓|appunti|biblioteca|libreria|libro grigio|prendere nota|quaderno|taccuino|ufficio
📒|annotazioni|appunti|blocco|block notes|libro mastro|note|quaderno ad anelli|registro scolastico|scuola|taccuino
📃|carta|documento|lettera|pagina arricciata|pagina con piega|ufficio
📜|decreto|documento|laurea|lettera|mappa|pergamena|rotolo di carta
📄|carta|di fronte|documento|fronte|lettera|pagina di fronte|ufficio
📰|giornale|notizia|quotidiano
🗞️|arrotolato|consegna a domicilio|giornale|giornali arrotolati|notizie|quotidiani|quotidiano
📑|etichette segnalibro|linguette|segnalibro|ufficio
🔖|etichetta|leggere|lettura|libro|segnalibro
🏷️|etichetta|identificativo|prezzo|talloncino
🪙|argento|denaro|dollaro|euro|metallo|moneta|oro|ricco|soldi|tesoro
💰|banca|borsa|contanti|denaro|dollari|oro|pagare|ricchezza|ricco|sacco per soldi|soldi|tesoro
🪎|argento|bottino|denaro|gemme|gioielli|oro|premio|ricchezza|valori
💴|banca|banconota|denaro|giappone|soldi|valuta|yen
💵|banca|banconota|banconote|contanti|denaro|dollaro|moneta|soldi|valuta
💶|banca|banconota|cash|crisi|denaro|euro|millionario|soldi|valuta
💷|banconote|brexit|cash|denaro|gran bretagna|millionario|pound|ricco|soldi|sterlina|uk|valuta
💸|banconota con le ali|soldi che volano|soldi con le ali
💳|addebito|banca|carta di credito|credito|denaro|pagare|soldi
🧾|contabilità|fattura|invoice|prova|ricevuta di pagamento|scontrino|tenuta dei libri
💹|ascendente|banca|crescita|finanza|grafico yen in rialzo|in rialzo|mercati|mercato in salita|rialzo|trend|valute|yen
📧|busta|comunicazione|e-mail|email|inviare|lettera|mail|posta elettronica|ricevere
📨|busta|comunicazione|consegnare|e-mail|email|in arrivo|lettera|mail|posta in arrivo|posta ricevuta
📩|busta con freccia|comunicazione|email|in uscita|lettera|mail|posta in uscita|posta inviata
📤|comunicazione|in uscita|inviata|posta in uscita|vaschetta
📥|comunicazione|email|in arrivo|posta in arrivo|ricevuta|vaschetta
📦|cartone|collo|consegna|pacco|scatola|scatolone|spedizione
📫|bandierina|buca delle lettere|cassetta postale chiusa bandierina alzata|cassetta postale chiusa bandierina su|chiusa|comunicazione|email|inviare|mail|posta|ricevere
📪|bandierina|buca delle lettere|casella postale|cassetta postale chiusa bandierina abbassata|cassetta postale chiusa bandierina giù|chiusa|email|inviare|mail|posta|ricevere
📬|aperta|bandierina|buca delle lettere|cassetta postale aperta bandierina alzata|cassetta postale aperta bandierina su|mail|posta
📭|aperta|bandierina|buca delle lettere|cassetta postale aperta bandierina abbassata|cassetta postale aperta bandierina giù|cassetta postale con bandierina abbassata|consegna|inviare|mail|posta|ricevere
📮|buca delle lettere|c’è posta per te|cassetta delle lettere|inviare|lettera|posta|poste|ricevere|spedire
🗳️|ballottaggio|elezioni|esprimere un voto|scheda elettorale|urna elettorale con scheda|urne|votare|voto
✏️|disegnare|matita con gomma|scrivere a matita
🖋️|cartuccia|inchiostro|penna|pennino|scrivere|scuola|stilografica|ufficio
🖊️|compiti|disegnare|penna a sfera|scrivere a penna|scuola|stilografica|ufficio
🖌️|arte|artista|colorare|dipingere|pennellare|pennello|pittore|pittrice
🖍️|colorare con pastelli|colori|disegnare|pastello a cera|scrivere|scuola
📝|appunti|blocco note|block notes|comunicazione|matita|memo|nota|scrivere|taccuino
💼|24 ore|borsa|documenti|lavoro|porta documenti|ufficio|valigetta 24 ore
📁|archiviare|archivio|cartella|computer|file|ufficio
📂|aperta|cartella|file
🗂️|archiviare|archivio|biblioteca|cassetto|divisori per schedario|documenti|ordinare|schedario|ufficio
📅|17|calendario|data|diciasette|giorno|ricorrenza|sfortuna|venerdì 17
📆|calendario a strappo|quando|tempo|venerdì 17
🗒️|appuntare|appunti|blocchetto degli appunti|blocco a spirale|blocco per appunti con spirale|scrivere
🗓️|calendario a spirale|giorni|taccuino|tempo
📇|contatti|rolodex|schedario girevole|schedario rotante|ufficio|vintage
📈|andamento ascendente|ascendente|aumentare|aumento|crescere|crescita|finanza|grafico con andamento positivo|linea|trend
📉|andamento discendente|calo|crisi|discendente|economia|finanza|grafico con andamento negativo|trend
📊|barre|dati|grafico a barre|statistica
📋|appunti|blocco note|cartella|portablocco|tavoletta
📌|collage|puntina da disegno|scuola|ufficio
📍|località|mappa|pin|posizione|puntina arrotondata|puntina da disegno|spillo|ufficio
📎|clippy|fermaglio|graffa|graffetta|paperclip|ufficio
🖇️|allegare|cancelleria|cartoleria|clip|fermagli|graffette attaccate|ufficio
📏|geometria|matematica|misurare|riga|righello|scuola|strumento|studiare
📐|angoli|geometria|matematica|misurare|righello|scuola|squadra|triangolo
🗃️|archiviare|archivio|contenitore|documenti|scatola|schedario da tavolo|ufficio
🗄️|archiviare|armadietto schedario|cassetti|documenti|file|ordinare|schedario da ufficio|ufficio
🗑️|buttare|cartacce|cestino|rifiuti|ufficio
🔒|chiuso a chiave|lucchetto|segreto|sicurezza
🔓|aperto|chiuso|lucchetto|segreto|sicurezza
🔏|lucchetto con penna stilo|penna stilografica|privacy|stilografica
🔐|chiave|chiuso a chiave|lucchetto chiuso a chave|lucchetto chiuso con chiave|segreto|sicurezza|sicuro
🔑|casa|chiave|lucchetto|password|segreto|sicuro
🗝️|chiave antica|chiudere a chiave|indizio|segreto|serratura
🔨|attrezzo|bricolage|falegname|lavoro|martello|meccanico|muratore|operaio|riparare|riparazioni|utensile
🪓|accetta|ascia|boscaiolo|taglialegna
⛏️|attrezzo|miniera|picconare|piccone|scalare|scavare|utensile
🛠️|aggiustare|attrezzi|chiave inglese|impostazioni|lavorare|lavoro manuale|martello e chiave inglese|operaio|simbolo impostazioni|utensili
🗡️|affilato|arma|armi|combattere|pugnalare|pugnale|spada
💣|bomba|boom|emozione|esplosione|fumetto|pericolo
🪃|aborigeni|arma|australia|boomerang|oggetto|rimbalzo|ripercussione
🏹|arciere|arco e freccia|cacciare|freccia|sagittario|sport|tiratore d’arco|tiro con l’arco
🛡️|cavaliere|combattimento|duello|medioevo|protezione|scudo|simbolo|torneo
🪚|falegname|legname|legno|oggetto|sega da falegname|segare|tagliare|utensile
🔧|attrezzo|chiave|diy|fai da te|idraulico|inglese|lavoro|meccanico|utensile
🪛|avvitare|cacciavite|oggetto|svitare|utensile|vite
🔩|attrezzo|bricolage|bullonare|bullone|dado|fai da te|fissare|lavori di casa|lavoro
🗜️|fissare|morsa|morsetto|serrare|stringere|utensile
🦯|accessibilità|bastone bianco|bastone per ciechi|bastone per ipovedenti|bastone per non vedenti
🔗|collegamento|due anelli|link|simbolo link
⛓️‍💥|catena spezzata|catene|libertà|manette|rompere|spezzare
⛓️|anelli di una catena|catena|catene|imprigionare|incatenare
🪝|amo|curva|fermaglio|gancio|impigliarsi|intrappolare|oggetto|punto vendita|uncino
🧰|attrezzi|attrezzo|cassetta degli attrezzi|cassetta per gli attrezzi|meccanico|strumenti|strumento
🧲|a forma di u|attrazione|calamita|ferro di cavallo|magnete|magnetica|magnetico|positivo negativo
🪜|arrampicarsi|oggetto|piolo|scala a pioli|scalino
🪏|buco|pala|scavare|spalare|vanga
🧪|chimica|chimico|esperimenti|esperimento|laboratorio|provetta|scienza
🧫|batterio|biologa|biologia|biologo|capsula di petri|coltura|cultura|laboratorio|piastra di petri
🧬|biologo|dna|evoluzione|genetica|geni|vita
🔬|analisi|esperimento|microrganismo|microscopio|ricerca|scienza|scienziata|scienziato|strumento
🔭|astronomia|corpi celesti|costellazioni|galileo galilei|osservatorio|osservazione delle stelle|scientifico|scienza|spazio|stelle|telescopio|universo
📡|antenna parabolica|antenne paraboliche|antenne satellitari|comunicazione|parabola|satellitare|satellite|scienza|scienze|tecnologia
💉|ago|dottore|iniezione|malato|medicina|medico|ospedale|puntura|sangue|siringa|vaccinazione|vaccino
🩸|ciclo mestruale|donare il sangue|donazione di sangue|goccia di sangue|medicinale|mestruazioni
💊|dottore|farmaco|malato|malattia|medicina|pillola|pillole|vitaminca
🩹|cerotto adesivo
🩼|ausilio|bastone|disabile|ferito|infortunio|oggetto|stampella|supporto|zoppicare
🩺|cardiologo|dottoressa|fonendoscopio|medico|stetoscopio
🩻|dottore|lastra|medico|ossa|radiografia|raggi x|scheletro
🚪|aprire|armadio|chiudere|entrare|porta|portoncino|uscire
🛗|accessibilità|ascensore|montacarichi
🪞|oggetto|riflesso|specchio|trucco
🪟|apertura|aria fresca|finestra|oggetto|telaio|trasparente|vista
🛏️|arredamento|dormire|hotel|letto|mobili|relax|sonno|stanchezza
🛋️|casa|divano e lampada|lampada|leggere|mobili|relax|riposare|salotto
🪑|mettersi seduti|mobile|sedersi|sedia|seduti|seggiola
🚽|bagno|toilette|trono|water
🪠|aspirazione|bagno|idraulico|ingorgo|intasamento|oggetto|scarico|sturalavandini|ventosa
🚿|aqua|doccia|fare la doccia|lavare|lavarsi
🛁|bagno|doccia|lavare|lavarsi|relax|vasca da bagno
🪤|esca|formaggio|oggetto|topo|trappola per topi
🪒|farsi la barba|lama da barba|lama da barbiere|lametta da barba|radersi|rasoio da barbiere
🧴|bottiglia di crema|bottiglia di lozione|crema idratante|crema solare|filtro solare|flacone|lozione solare|shampoo
🧷|pannolone|punk rock|spilla da balia|spilla di sicurezza
🧹|pulire|scopare|spazzare|strega
🧺|biancheria|bucato|cestino|cesto|orto|picnic
🧻|asciugamani di carta|carta assorbente|carta igienica|rotolo di carta igienica|scottex
🪣|contenitore|oggetto|secchia|secchio
🧼|bagno|fare il bagno|insaponare|lavarsi|pulito|pulizia|saponetta|schiuma
🫧|bolle|bollicine|perle|pulito|rutto|sapone|schiuma|sott’acqua|subacqueo
🪥|bagno|dentale|denti|igiene|lavarsi i denti|oggetto|pulito|pulizia|spazzolino da denti
🧽|assorbenza|assorbire|bagnare|poroso|pulire|pulizia|spugna porosa|spugnetta
🧯|estinguere|estintore|fiamme|fuoco|incendio|raffreddare|spegnere un incendio
🛒|acquistare|acquisti|acquisto|carrello della spesa|centro commerciale|fare la spesa|shopping|spesa|supermercato
🚬|area fumatori|fumare|fumo|sigaretta|simbolo
⚰️|bara|funerale|morte|sepoltura|vampiro
🪦|cimitero|lapide|morto|pietra tombale|rip|sepoltura|tomba
⚱️|ceneri|funerale|morte|sepoltura|urna cineraria|urna funeraria|vaso
🧿|amuleto di nazar|blu|malocchio|nazar|occhio di allah|occhio di nazar|perlina|portafortuna|talismano
🪬|amuleto|fortuna|hamsa|khamsa|mano con l’occhio divino|mano di alo|mano di fatima|maria|miriam|protezione
🗿|faccia|isola di pasqua|moai|moyai|pietra|statua dell’isola di pasqua|storia|vacanza|viaggiare
🪧|cartello|corteo|manifestazione|manifesto|oggetto|picchetto|protesta|striscione
🪪|badge|carta d’identità|credenziali|documento d’identità|identificazione|patente|sicurezza|tessera
🏧|atm|banca|bancomat|denaro|prelevare|simbolo dello sportello bancomat|soldi|spiccioli
🚮|buttare|cestino dei rifiuti|pattumiera|raccolta rifiuti|riciclare|rifiuti|simbolo per la raccolta dei rifiuti|simbolo raccolta rifiuti
🚰|acqua|bere|goccia|potabile|rubinetto|simbolo
♿|accesso sedia a rotelle|disabile|sedia a rotelle|simbolo della disabilità|simbolo sedia a rotelle
🚹|bagno|segnale|simbolo del bagno degli uomini|toilette|uomini|uomo
🚺|bagno donne|donne|segnale|servizi|simbolo bagno donne|simbolo del bagno delle donne|toilette
🚻|bagni|bagno|cartello|figure|omini|pulsante|servizi|simbolo dei servizi igienici|tasto|toilette|wc
🚼|bambino a bordo|cartello neonato|fasciatoio|neonato|simbolo con immagine di bambino|simbolo neonato
🚾|bagni|bagno|gabinetto|segnale|servizi|simbolo del wc|toilette|wc
🛂|aeroporto|controllo|dogana|immigrazione|passaporti|passaporto|segnale|simbolo del controllo passaporti
🛃|confine di stato|controllo doganale|dogana|doganiere|frontiera|polizia di frontiera|simbolo della dogana|viaggiare
🛄|aereo|aeroporto|arrivare|bagagli|check in|gita|partire|pronti|ritiro|simbolo del ritiro bagagli|valigie|viaggio
🛅|aeroporto|bagagli|deposito|servizio bagagli|sicurezza|simbolo del deposito bagagli|viaggiare
⚠️|attenzione|pericolo|punto esclamativo|simbolo di avviso|triangolo
🚸|attraversamento pedonale|attraversare|bambini|pedoni|scuola|segnale|simbolo|strada|traffico
⛔|accesso|divieto di accesso|proibito|segnale di divieto di accesso|simbolo|stop|vietato
🚫|divieto|proibito|segnale di divieto|simbolo di divieto|vietato fumare|vietato l’accesso
🚳|bicicletta|divieto bicicletta|divieto biciclette|divieto di transito|divieto transito biciclette|proibito|segnale di divieto di transito delle biciclette
🚭|divieto|fumare|fumo|proibito|segnale di vietato fumare|sigarette|simbolo|vietato
🚯|buttare|divieto|proibito|simbolo del divieto di gettare rifiuti|simbolo vietato gettare rifiuti|vietato gettare rifiuti
🚱|acqua non potabile|divieto|non potabile|rubinetto|simbolo acqua non potabile|simbolo di acqua non potabile|vietato
🚷|divieto transito pedoni|niente pedoni|no pedoni|proibito|segnale|simbolo del divieto di transito pedoni|strada|vietato
📵|cellulari vietati|divieto|niente cellulare|no cellulare|no telefono|proibito|segnale|segno|simbolo che vieta l’uso dei cellulari|telefono|vietato telefonare
🔞|18 sbarrato|divieto ai minori|minori|proibito|simbolo di divieto ai minorenni|vietato ai minori di 18|vietato ai minori di anni 18
⬆️|alto|direzione|freccia in alto|freccia rivolta verso l’alto|nord|punto cardinale
➡️|avanti|destra|direzione|est|freccia a destra|freccia rivolta verso destra|punto cardinale
⬇️|basso|direzione|freccia in basso|freccia rivolta verso il basso|punto cardinale|sud
⬅️|direzione|freccia a sinistra|freccia rivolta a sinistra|ovest|punto cardinale|sinistra
↩️|curva|freccia curva a sinistra|indietro|verso sinistra
↪️|avanti|curva|freccia curva a destra|verso destra
🔃|ciclo|circolo|frecce a cerchio verticali|frecce verticali che ruotano in senso orario|frecce verticali senso orario|orario|processo|ricaricare|senso orario|simbolo
🔄|antiorario|circolo|di nuovo|frecce a cerchio aperto|frecce che ruotano in senso antiorario|frecce senso antiorario|ricaricare|simbolo
🔙|back|freccia verso sinistra|indietro con freccia verso sinistra
🔚|end con freccia verso sinistra|fine|freccia a sinistra|freccia verso sinistra
🔛|frecce|freccia|on con freccia e punto esclamativo|punto esclamativo|simbolo
🔜|brb|freccia nera|presto|simbolo|soon con freccia verso destra|tra poco|un attimo
🔝|alto|freccia in alto|freccia top|freccia verso l’alto|simbolo top|top con freccia verso l’alto
🛐|luogo di culto|luogo di preghiera|luogo sacro|persona che prega|pregare|preghiera|religione|silenzio|simbolo
⚛️|ateismo|atomo|fisica|simbolo dell’atomo
🕉️|induismo|mantra|om|religione induista|religone
☯️|confucianesimo|religione|simbolo|taoismo|yin e yang
✝️|cattolicesimo|cristianesimo|croce latina|religione
☪️|islamismo|mezzaluna e stella|mezzaluna islamica|musulmano|religione|stella
☮️|hippy|pace e amore|pacifico|peace and love|simbolo della pace
🕎|candelabro|ebraismo|menorah|religione|sette bracci
🔯|chiromanzia|futuro|sei punte|stella a sei punte
🪯|khanda|religione|sikhismo
♊|gemelli|oroscopo|segno zodiacale dei gemelli|zodiaco
♋|cancro|oroscopo|segno zodiacale del cancro|zodiaco
♌|leone|oroscopo|segno zodiacale del leone|zodiaco
♍|oroscopo|segno zodiacale della vergine|vergine|zodiaco
♎|bilancia|oroscopo|segno zodiacale della bilancia|zodiaco
♏|oroscopo|scorpione|segno zodiacale dello scorpione|zodiaco
⛎|ofiuco|segno zodiacale dell’ofiuco|zodiaco
🔀|frecce incrociate verso destra|pulsante di riproduzione casuale|shuffle
🔁|frecce a cerchio|frecce senso orario|freccia|orario|pulsante di ripetizione della riproduzione|senso orario|simbolo|tasto
🔂|frecce a cerchio numero 1|frecce senso orario numero 1|pulsante di ripetizione della riproduzione di una traccia|ripetizione|senso orario
▶️|freccia|play|pulsante di riproduzione|pulsante play|riproduzione|tasto play|triangolo
⏩|avanzamento rapido|destra|doppia freccia a destra|fast forward|freccia|pulsante di avanzamento rapido|triangolo
⏭️|freccia|prossima traccia|pulsante|traccia successiva
⏯️|destra|freccia|play e pausa|play o pausa|pulsante riproduci/pausa|triangolo
◀️|pulsante di riavvolgimento|pulsante riavvolgimento|rewind|sinistra|tasto riavvolgimento|triangolo
⏪|doppia freccia a sinistra|freccia|pulsante di riavvolgimento rapido|rewind|riavvolgimento rapido|sinistra
⏮️|freccia|precedente|pulsante traccia precedente|rewind|torna indietro|traccia precedente|triangolo
🔼|alto|in alto|pulsante a triangolo rivolto verso l’alto|tasto|triangolo
⏫|alto|doppia freccia in alto|freccia|pulsante doppia freccia in alto
🔽|basso|in basso|in giù|pulsante a triangolo rivolto verso il basso|tasto|triangolo con punta in basso|triangolo in basso
⏬|basso|doppia freccia in basso|freccia
⏸️|in pausa|mettere in pausa|pausa|pulsante
⏹️|pulsante|quadrato|stop
⏺️|cerchio|pulsante di registrazione|registrazione
⏏️|espulsione|pulsante di espulsione
🎦|cinema|cinepresa|filmare|hollywood|intrattenimento|simbolo del cinema|simbolo film
🔅|bassa|faretto|faro|luce|luminosità|simbolo luminosità|sole|tenue
🔆|alta luminosità|luminosità elevata|luminoso|simbolo alta luminosità|sole
📶|antenna con tacche intensità segnale|cellulare|segnale|tacche|telefono
🛜|computer|connessione|internet|rete|trasmissione|wi-fi|wifi|wireless
📳|cellulare|modalità telefono|modalità vibrazione|telefono modalità
📴|cellulare|off|simbolo|spento|telefono
⚧️|simbolo transgender|transgender
🟰|matematica|segno di uguaglianza|segno uguale|uguaglianza|uguale
♾️|eternità|illimitato|per sempre|simbolo dell’infinito|universale
‼️|doppio punto esclamativo|esclamazione|punteggiatura|punti esclamativi|punto esclamativo
💱|banca|cambio di valuta|denaro|finanza|mercati|mercato|soldi|valuta
💲|cash|contanti|denaro|dollaro|pagare|simbolo del dollaro|soldi|valuta
♻️|raccolta differenziata|riciclaggio|riciclare|riciclo|simbolo del riciclaggio
⚜️|araldica|fiore|giglio araldico|simbolo|stemma
🔱|ancora|barca|dio del mare|favola|fiaba|marino|naufragio|nave|oceano|poseidone|simbolo|tridente
📛|badge|etichetta a tulipano|giapponese|nome|tesserino per nome|tulipano
🔰|etichetta gialla e verde principiante|gallone|giallo|ideogramma giapponese di principiante|patente|principiante|simbolo principiante giappone|verde|zig zag
⭕|cerchio rosso vuoto|gioco|pallino|tris
❌|croce rossa|moltiplicazione|x
❎|croce con quadrato|croce verde|moltiplicazione|x con quadrato
➰|cerchio|nodo|occhiello
➿|doppio|occhiello
〽️|canzone|divisione spartito|parti musicali|segno|simbolo di alternanza delle parti|suddivisione parti
🫟|chiazza|holi|pittura|rovesciare|schizzo|vernice
🔠|abcd|caratteri latini|inserire|lettere|maiuscole|pulsante con lettere latine maiuscole|tasto
🔡|caratteri latini|inserire|lettere|minuscole|pulsante con lettere latine minuscole|tasto
🔢|1234|inserire|numeri|pulsante con numeri|tastierino numerico
🔣|inserire|pulsante con simboli|simboli|tastiera|tastierino simboli
🔤|abc|alfabeto|caratteri alfabetici|inglese|inserire|lettere|pulsante con lettere latine|tasto
🅰️|a|gruppo a|gruppo sanguigno a|lettera a|sangue
🆎|ab|gruppo ab|gruppo sanguigno ab
🅱️|b|gruppo b|gruppo sanguigno b
🆑|bottone|cl|pulsante|simbolo
🆒|cool|pulsante|simbolo|tasto
🆓|free|gratis|libero|pulsante|simbolo|tasto
🆔|identità|pulsante id|simbolo id
Ⓜ️|m azzurra|m cerchiata|metro|pulsante m cerchiata|simbolo m
🆕|new|nuovo|pulsante|simbolo|tasto
🆖|ng|pulsante|simbolo ng|tasto
🅾️|gruppo 0|gruppo o|gruppo sanguigno 0|gruppo sanguigno o|pulsante o|zero
🆗|ok|pulsante|simbolo|tasto
🅿️|area di parcheggio|parcheggio|pulsante|tasto
🆘|aiuto|pulsante sos|segnale di sos|simbolo di sos|simbolo sos|soccorsi|soccorso|sos
🆙|alto|in alto|pulsante|simbolo up!|sù|tasto up!|up!
🆚|contro|pulsante|simbolo contro|tasto|versus|vs
🈁|giapponese|katakana|parola|pulsante|qui|simbolo|tabelloni|tasto
🈂️|ideogramma giapponese di costo del servizio|ideogramma katakana sa|katakana|parola|sa
🈷️|cinese|giapponese|ideogramma giapponese di importo mensile|luna|mese
🈶|esistere|giapponese|ideogramma giapponese di a pagamento
🈯|direzione|dito|giapponese|ideogramma giapponese di riservato|indicare|riservato
🉐|giapponese|ideogramma giapponese di occasione|vantaggio
🈹|dividere|giapponese|ideogramma giapponese di sconto|prezzo scontato|sconto
🈚|giapponese|gratis|ideogramma giapponese di gratis|negazione
🈲|giapponese|ideogramma giapponese di proibito|proibito
🉑|accettabile|accettare|cinese|giapponese|ideogramma giapponese di accettabile
🈸|applicare|candidarsi|cinese|giapponese|ideogramma giapponese di candidatura
🈴|cinese|giapponese|ideogramma giapponese di voto di sufficienza|insieme|sufficienza
🈳|cinese|disponibilità|giapponese|ideogramma giapponese di posto libero|libero|posto libero|vuoto
🈺|aperto al pubblico|aperto per affari|cinese|giapponese|ideogramma giapponese di aperto al pubblico|ideogramma in funzione|in funzione
🈵|cinese|giapponese|ideogramma giapponese di nessun posto libero|nessun posto libero|pienezza|pieno
🔴|cerchio rosso grande|geometria|rosso|stop
🟠|arancione|cerchio arancio|cerchio di colore arancione|forma
🟡|cerchio di colore giallo|colore giallo|forma|giallo
🟢|cerchio di colore verde|colore verde|forma|verde
🔵|blu|cerchio|geometria|grande
🟣|cerchio di colore viola|colore viola|forma|viola
🟤|cerchio di colore marrone|colore marrone|forma|marrone
⚫|cerchio nero grande|geometria|nero
⚪|bianco|cerchio bianco grande|geometria
🟥|colore rosso|forma|quadrato di colore rosso|rosso
🟧|arancione|colore arancione|forma|quadrato di colore arancione
🟨|colore giallo|forma|giallo|quadrato di colore giallo
🟩|colore verde|forma|quadrato di colore verde|verde
🟦|blu|colore blu|forma|quadrato di colore blu
🟪|colore viola|forma|quadrato di colore viola|viola
🟫|colore marrone|forma|marrone|quadrato di colore marrone
⬛|geometria|quadrato nero grande
⬜|geometria|quadrato bianco grande
◼️|geometria|quadrato nero medio
◻️|geometria|quadrato bianco medio|quadrato vuoto
◾|geometria|quadrato nero medio-piccolo
◽|geometria|quadrato bianco medio-piccolo
▪️|geometria|quadratino|quadrato nero piccolo
▫️|geometria|quadratino vuoto|quadrato bianco piccolo
🔶|arancione|forma|geometria|grande|quadrato|rombo
🔷|blu|diamante|grande|rombo
🔸|arancione|piccolo|rombo
🔹|blu|piccolo|rombo
🔺|alto|forma|geometria|rosso|triangolo rosso con punta verso l’alto|triangolo rosso punta in alto
🔻|basso|geometria|rosso|triangolo rosso con punta verso il basso|triangolo rosso punta in basso
💠|carino|decorazione|diamante|emozione|fiore|forma di diamante|geometria|petalo di fiore
🔘|campanello|cerchio|geometria|opzione|pulsante della radio|pulsante rotondo
🔳|contorno|geometria|pulsante quadrato con contorno|tasto quadrato nero con bordo bianco
🔲|geometria|pulsante quadrato pieno|quadrato nero|simbolo|tasto quadrato bianco con bordo nero
🏁|bandiera a scacchi|circuito|corsa|gara|podio|scacchi|sport|vittoria
🚩|bandiera rossa triangolare|bandierina rossa triangolare|golf
🎌|bandiere del giappone incrociate|festa|festeggiamenti|giapponese|giapponesi|incrociate
🏴|bandiera che sventola|bandiera nera
🏳️|arrendersi|bandiera bianca|bandiera che sventola|sos|sventolare bandiera bianca
🏳️‍🌈|bisessuale|bisex|gay|genderqueer|glbtq|lesbica|lgbtqia|omosessuale|pace|pride|transgender
🏳️‍⚧️|azzurro|bandiera|bianco|rosa|transgender
🏴‍☠️|bandiera dei pirati|corsari|corsaro|pirata|pirati
🇦🇩|andorra
🇦🇪|emirati arabi uniti
🇦🇫|afghanistan
🇦🇬|antigua e barbuda
🇦🇮|anguilla
🇦🇱|albania
🇦🇲|armenia
🇦🇴|angola
🇦🇶|antartide
🇦🇷|argentina
🇦🇸|samoa americane
🇦🇹|austria
🇦🇺|australia
🇦🇼|aruba
🇦🇽|isole åland
🇦🇿|azerbaigian
🇧🇦|bosnia ed erzegovina
🇧🇧|barbados
🇧🇩|bangladesh
🇧🇪|belgio
🇧🇫|burkina faso
🇧🇬|bulgaria
🇧🇭|bahrein
🇧🇮|burundi
🇧🇯|benin
🇧🇱|saint-barthélemy
🇧🇲|bermuda
🇧🇳|brunei
🇧🇴|bolivia
🇧🇶|caraibi olandesi
🇧🇷|brasile
🇧🇸|bahamas
🇧🇹|bhutan
🇧🇼|botswana
🇧🇾|bielorussia
🇧🇿|belize
🇨🇦|canada
🇨🇨|isole cocos (keeling)
🇨🇩|congo - kinshasa
🇨🇫|repubblica centrafricana
🇨🇬|congo-brazzaville
🇨🇭|svizzera
🇨🇮|costa d’avorio
🇨🇰|isole cook
🇨🇱|cile
🇨🇲|camerun
🇨🇳|cina
🇨🇴|colombia
🇨🇶|sark
🇨🇷|costa rica
🇨🇺|cuba
🇨🇻|capo verde
🇨🇼|curaçao
🇨🇽|isola christmas
🇨🇾|cipro
🇨🇿|cechia
🇩🇪|germania
🇩🇯|gibuti
🇩🇰|danimarca
🇩🇲|dominica
🇩🇴|repubblica dominicana
🇩🇿|algeria
🇪🇨|ecuador
🇪🇪|estonia
🇪🇬|egitto
🇪🇭|sahara occidentale
🇪🇷|eritrea
🇪🇸|spagna
🇪🇹|etiopia
🇪🇺|unione europea
🇫🇮|finlandia
🇫🇯|figi
🇫🇰|isole falkland
🇫🇲|micronesia
🇫🇴|isole fær øer
🇫🇷|francia
🇬🇦|gabon
🇬🇧|regno unito
🇬🇩|grenada
🇬🇪|georgia
🇬🇫|guyana francese
🇬🇬|guernsey
🇬🇭|ghana
🇬🇮|gibilterra
🇬🇱|groenlandia
🇬🇲|gambia
🇬🇳|guinea
🇬🇵|guadalupa
🇬🇶|guinea equatoriale
🇬🇷|grecia
🇬🇸|georgia del sud e sandwich australi
🇬🇹|guatemala
🇬🇺|guam
🇬🇼|guinea-bissau
🇬🇾|guyana
🇭🇰|ras di hong kong
🇭🇳|honduras
🇭🇷|croazia
🇭🇹|haiti
🇭🇺|ungheria
🇮🇨|isole canarie
🇮🇩|indonesia
🇮🇪|irlanda
🇮🇱|israele
🇮🇲|isola di man
🇮🇳|india
🇮🇴|territorio britannico dell’oceano indiano
🇮🇶|iraq
🇮🇷|iran
🇮🇸|islanda
🇮🇹|italia
🇯🇪|jersey
🇯🇲|giamaica
🇯🇴|giordania
🇯🇵|giappone
🇰🇪|kenya
🇰🇬|kirghizistan
🇰🇭|cambogia
🇰🇮|kiribati
🇰🇲|comore
🇰🇳|saint kitts e nevis
🇰🇵|corea del nord
🇰🇷|corea del sud
🇰🇼|kuwait
🇰🇾|isole cayman
🇰🇿|kazakistan
🇱🇦|laos
🇱🇧|libano
🇱🇨|saint lucia
🇱🇮|liechtenstein
🇱🇰|sri lanka
🇱🇷|liberia
🇱🇸|lesotho
🇱🇹|lituania
🇱🇺|lussemburgo
🇱🇻|lettonia
🇱🇾|libia
🇲🇦|marocco
🇲🇨|monaco
🇲🇩|moldavia
🇲🇪|montenegro
🇲🇬|madagascar
🇲🇭|isole marshall
🇲🇰|macedonia del nord
🇲🇱|mali
🇲🇲|myanmar (birmania)
🇲🇳|mongolia
🇲🇴|ras di macao
🇲🇵|isole marianne settentrionali
🇲🇶|martinica
🇲🇷|mauritania
🇲🇸|montserrat
🇲🇹|malta
🇲🇺|mauritius
🇲🇻|maldive
🇲🇼|malawi
🇲🇽|messico
🇲🇾|malaysia
🇲🇿|mozambico
🇳🇦|namibia
🇳🇨|nuova caledonia
🇳🇪|niger
🇳🇫|isola norfolk
🇳🇬|nigeria
🇳🇮|nicaragua
🇳🇱|paesi bassi
🇳🇴|norvegia
🇳🇵|nepal
🇳🇷|nauru
🇳🇺|niue
🇳🇿|nuova zelanda
🇴🇲|oman
🇵🇦|panama
🇵🇪|perù
🇵🇫|polinesia francese
🇵🇬|papua nuova guinea
🇵🇭|filippine
🇵🇰|pakistan
🇵🇱|polonia
🇵🇲|saint-pierre e miquelon
🇵🇳|isole pitcairn
🇵🇷|portorico
🇵🇸|territori palestinesi
🇵🇹|portogallo
🇵🇼|palau
🇵🇾|paraguay
🇶🇦|qatar
🇷🇪|riunione
🇷🇴|romania
🇷🇸|serbia
🇷🇺|russia
🇷🇼|ruanda
🇸🇦|arabia saudita
🇸🇧|isole salomone
🇸🇨|seychelles
🇸🇩|sudan
🇸🇪|svezia
🇸🇬|singapore
🇸🇭|sant’elena
🇸🇮|slovenia
🇸🇰|slovacchia
🇸🇱|sierra leone
🇸🇲|san marino
🇸🇳|senegal
🇸🇴|somalia
🇸🇷|suriname
🇸🇸|sud sudan
🇸🇹|são tomé e príncipe
🇸🇻|el salvador
🇸🇽|sint maarten
🇸🇾|siria
🇸🇿|eswatini
🇹🇨|isole turks e caicos
🇹🇩|ciad
🇹🇫|terre australi francesi
🇹🇬|togo
🇹🇭|thailandia
🇹🇯|tagikistan
🇹🇰|tokelau
🇹🇱|timor est
🇹🇲|turkmenistan
🇹🇳|tunisia
🇹🇴|tonga
🇹🇷|turchia
🇹🇹|trinidad e tobago
🇹🇻|tuvalu
🇹🇼|taiwan
🇹🇿|tanzania
🇺🇦|ucraina
🇺🇬|uganda
🇺🇸|stati uniti
🇺🇾|uruguay
🇺🇿|uzbekistan
🇻🇦|città del vaticano
🇻🇨|saint vincent e grenadine
🇻🇪|venezuela
🇻🇬|isole vergini britanniche
🇻🇮|isole vergini americane
🇻🇳|vietnam
🇻🇺|vanuatu
🇼🇫|wallis e futuna
🇼🇸|samoa
🇽🇰|kosovo
🇾🇪|yemen
🇾🇹|mayotte
🇿🇦|sudafrica
🇿🇲|zambia
🇿🇼|zimbabwe
🏴󠁧󠁢󠁥󠁮󠁧󠁿|inghilterra
🏴󠁧󠁢󠁳󠁣󠁴󠁿|scozia
🏴󠁧󠁢󠁷󠁬󠁳󠁿|galles