⁉️|!?|?|exclamação com interrogação|interrogação|pergunta|pontuação|sinal|pontos de exclamação e de interrogação
ℹ️|informação|informações|símbolo de informações|posto de informação
↔️|flecha|horizontal|lados|seta para esquerda e direita|direita|esquerda|seta para a esquerda e para a direita
↕️|flecha|para baixo|para cima|seta para cima e para baixo|vertical
↖️|diagonal superior esquerda|direção|flecha|intercardinal|noroeste|seta para cima e para a esquerda|seta para esquerda superior|intermédio
↗️|diagonal|direção|direita|flecha|intercardinal|nordeste|superior|intermédio|seta para cima e para a direita
↘️|diagonal|direção|direita|flecha|inferior|intercardinal|sudeste|intermédio|seta para a direita e para baixo|seta para baixo e para a direita
↙️|diagonal|direção|esquerda|flecha|inferior|intercardinal|sudoeste|intermédio|seta para baixo e para a esquerda
⌨️|acessório|computador|digitação|teclado
☀️|clima|dia claro|raios|solar|tempo|brilhante|espaço|meteorologia|soalheiro
☁️|clima|nuvem|meteorologia|tempo
☂️|acessório|chuva|clima|guarda-chuva|sombrinha aberta|meteorologia
☃️|clima|frio|inverno|neve|boneco de neve|meteorologia
☄️|cometa|espaço|estrela cadente|meteoro|satélite|astro
☑️|✓|caixa de seleção marcada com tique|check|feito|marca de verificação cinza|verificação|caixa com visto|visto
☔|acessório|chuva|clima|gotas|sombrinha|guarda-chuva com gotas de chuva|meteorologia
☕|café|cafeína|cafezinho|chá|inverno|quente|beber|bebida|vapor
☘️|irlanda|irlandês|planta|trevo de três folhas
☠️|morte|ossos cruzados|pirata|cara|caveira e ossos cruzados|corpo|monstro
☢️|perigo|radiação|radiativo|radioativo|símbolo|sinal
☣️|biológico|ciência|resíduos biológicos|risco|perigo biológico|símbolo|sinal
☦️|cristão|cruz ortodoxa|religião|ortodoxa
☸️|budista|dharma|religião|roda do dharma
☹️|decepção|decepcionado|descontente|insatisfeito|rosto de desaprovação|triste|cara franzida|sobrolho franzido
♈|áries|carneiro|signo de áries|zodíaco|horóscopo
♉|boi|signo de touro|touro|zodíaco|horóscopo
♐|arqueiro|sagitário|signo de sagitário|zodíaco|horóscopo
♑|cabra|capricórnio|signo de capricórnio|zodíaco|horóscopo
♒|água|aquário|signo de aquário|zodíaco
♓|peixes|signo de peixes|zodíaco|horóscopo
♠️|baralho|carta|espadas|jogo|naipe de espadas
♣️|baralho|carta|jogo|naipe de paus|paus
♥️|baralho|carta|copas|jogo|s2|naipe de copas
♦️|baralho|carta|jogo|naipe de ouros|ouros
♨️|calor|chamas|fogo|fumaça|quente|águas termais|nascentes|termas|vapor
⚒️|ferramenta|geologia|picareta|martelo e picareta
⚓|âncora|marinha|navegar|sinal|instrumento|navio
⚔️|arma|batalha|cruzadas|espadas|guerra
⚖️|ferramenta|justiça|libra|peso|zodíaco|balança (objeto)|instrumento|pesar
⚗️|alambique|ferramenta|química|balão de vidro|instrumento
⚙️|engrenagem|ferramenta|roda dentada
✂️|aberta|cortar|ferramenta|tesoura|utensílio
✅|✓|check|completo|feito|marca de seleção branca|marca de verificação grande|verificação|verificado|botão de visto|visto
✈️|aéreo|avião|veículo|viajar|voar|voo|jato
✉️|carta|correspondência|e-mail|email|envelope|correio
✒️|ponta|preto|tinta|tinteiro|aparo preto|caneta de aparo
✔️|✓|check|feito|marca de seleção|marca de verificação simples|marcar|selecionar|verificação|marcado|visto
✖️|×|cancelar|multiplicação|multiplicar|sinal de multiplicação|x de multiplicação|x preto
✡️|judaico|judeu|religião|david|estrela de david|judaísmo
✨|*|brilhantes|brilhos|faíscas|mágica|centelha|cintilação|estrelas brilhantes|magia
✳️|*|asterisco de oito pontas|estrela|asterisco com oito raios
✴️|*|estrela de oito pontas|oito pontas|estrela com oito pontas
❄️|clima|floco de neve|frio|neve|meteorologia
❇️|*|cruz|faísca|brilho|centelha
❓|?|interrogação|pergunta|ponto de interrogação vermelho|pontuação|sinal
❔|?|delineado|interrogação|pergunta|ponto de interrogação branco|pontuação|sinal de interrogação branco
❕|!|delineado|exclamação|mark|ponto de exclamação branco|pontuação|sinal de exclamação branco
❗|!|exclamação|ponto de exclamação vermelho|pontuação
❣️|amor|coração|exclamação|pontuação|s2|sinal|ponto de exclamação com coração
❤️|amor|coração vermelho|s2|emoção
➕|+|cruz|mais|matemática|símbolo de adição|sinal de maior|sinal de mais|somar|adição|sinal de adição
➖|-|−|diminuir|matemática|menos|símbolo de subtração|sinal de menos|travessão|sinal de subtração|subtração|subtracção
➗|÷|dividir|divisão|matemática|símbolo de divisão|sinal de divisão grande
⤴️|curva|flecha|seta curva de baixo para cima|seta para a direita curvada para cima|seta para cima|para cima|seta para a direita com curva para cima
⤵️|curva|embaixo|flecha|seta curva de cima para baixo|seta para a direita curvada para baixo|seta para baixo|para baixo|seta para a direita com curva para baixo
〰️|onda|ondulado|pontuação|travessão|traço
㊗️|parabéns|alfabeto|botão japonês de parabéns|ideográfico circular parabéns|ideograma|janonês|japonês|"parabéns"|botão "parabéns" em japonês
㊙️|segredo|alfabeto|botão japonês de segredo|ideográfico circular segredo|ideograma|japonês|"segredo"|botão "segredo" em japonês
😀|engraçado|feliz|lol|rindo|risada|riso|rosto risonho|sorridente|cara sorridente|dentes|sorriso
😃|aberto|boca|feliz|olhos arregalados|risada|risonho|rosto sorrindo com boca aberta|sorridente|sorrindo|sorriso|aberta|cara sorridente com olhos bem abertos
😄|aberta|boca|engraçado|feliz|haha|lol|risada|risonho|sorridente|sorriso|cara a sorrir com boca aberta e olhos sorridentes|olho
😁|feliz|olhos sorrindo|rindo|rosto contente com olhos sorridentes|rosto rindo com olhos sorridentes|sorridente|sorrindo|sorriso aberto|cara sorridente com olhos sorridentes|dentes
😆|gargalhada|gargalhando|hahaha|kkk|olhos fechados|rir|rosto risonho com olhos semicerrados|sorriso com olhos fechados|sorriso estilo xd|aberta|ahahah|boca|cara a sorrir com boca aberta e olhos bem fechados|feliz|riso|satisfação
😅|estressada|estressado|nervoso|rindo|rosto risonho com gota de suor|sorriso com suor frio|sorriso mas com suor frio|suando frio|suor frio|aberta|cara a sorrir com boca aberta e suor|frio
🤣|chão|choro|engraçada|feliz|gargalhada|haha|kkk|lágrimas|rindo|rir|risada|rolando|a rebolar no chão a rir|cara|chorar a rir|cómico|hilariante|rebolar a rir
😂|alegria|chorando de rir|engraçada|engraçado|gargalhada|hahaha|kkk|lágrimas de alegria|rosto chorando de rir|rosto com lágrimas de alegria|ahahah|cara com lágrimas de felicidade|chorar a rir|cómico|felicidade|hilariante|riso|sorriso
🙂|feliz|rosto levemente sorridente|rosto sorrindo|sorriso leve|cara a sorrir ligeiramente|contente
🙃|de cabeça para baixo|rosto de cabeça para baixo|rosto invertido|ao contrário|cara ao contrário|sorriso
🫠|calor|derretendo|derreter|desaparecer|dissolver|envergonhada|haha|quente|sarcasmo|sarcástica|vergonha|abrasador|cara a derreter|derretido|líquido|muito calor|muito quente
😉|flerte|piscada|rosto com olho piscando|rosto piscando|cara a piscar o olho|piscadela
😊|alegre|encabulada|envergonhada|feliz|fofo|ruborizar|satisfeita|sim|sorriso|vergonha|cara a sorrir com olhos sorridentes|corado|olho|satisfeito
😇|anjinho|anjo|auréola|inocente|rosto sorridente com auréola|sorriso com auréola|cara a sorrir com auréola|fantasia
🥰|amando|amei|apaixonada|coração|crush|paixão|romance|rosto|sorridente|te amo|amo-te|amor|apaixonado|cara sorridente com corações
😍|amor|apaixonado|coração|olhar apaixonado|olhos de coração|paixão|romance|rosto sorridente com olhos de coração|cara a sorrir com olhos em forma de coração|sorriso
🤩|estrela|gargalhando|olhos|rosto com olhar maravilhado|super animada|super animado|super feliz|superanimada|superanimado|superfeliz|cara sorridente com estrelas nos olhos|entusiasmado
😘|beijo|flerte|jogando beijos|mandando beijo|rosto jogando beijos|rosto mandando um beijo|cara a atirar um beijo|coração|flirt|namoriscar|romântico
😗|beijo|rosto beijando|rosto com beijo|amor|cara a dar um beijo|flirt|namoriscar
☺️|corada|corado|relaxado|rosto sorrindo não preenchido|sorridente|sorriso|cara a sorrir|contorno
😚|beijando com os olhos fechados|beijinho|mandando beijo|olhos fechados|rosto beijando com olhos fechados|beijo|cara a dar um beijo com olhos fechados|corado|fechado|flirt
😙|beijar e sorrir|beijinho|beijos|flerte|mandando beijo|olhos sorrindo|rosto beijando com olhos sorridentes|rosto beijando com um sorriso|sorriso|amor|cara a dar um beijo com olhos sorridentes
🥲|aliviada|chorar|contente|emocionado|felicidade|feliz|grata|gratidão|lágrima|orgulhosa|rir|sorrir|aliviado|cara sorridente com lágrima|grato|orgulhoso|sorridente
😋|apetitoso|comida gostosa|delicioso|gostoso|nham|rosto com sorriso|rosto saboreando comida|saboroso|sorriso|cara a saborear uma refeição deliciosa|saborear
😛|língua para fora|rosto com língua para fora|rosto mostrando a língua|cara com língua de fora
😜|brincadeira|língua para fora com piscadela|piscadela|piscando e mostrando a língua|provocação|rosto piscando e com língua para fora|cara com língua de fora e olho a piscar|olho|piada
🤪|cara de maluco|doida|doido|excêntrico|grande|louca|louco|olhar de maluco|pequeno|rosto bizarro|cara louca|olhos loucos
😝|eca|horrível|língua para fora com os olhos fechados|olhos fechados|rosto com olhos semicerrados e língua para fora|cara com língua de fora e olhos bem fechados|sabor
🤑|avarenta|caro|cifrão|ganância|grana|rica|riqueza|boca|cara com cifrões|dinheiro na boca
🤗|abraço|carinho|feliz|mãos abraçando|rosto abraçando|rosto sorrindo|abraçar|cara a dar um abraço
🤭|hehe|ops|risadinha|risonho|rosto com a mão sobre a boca|sorriso envergonhado|vergonha|cara com mão na boca|risinho|surpresa|ups
🫢|assustada|chocada|descrença|em choque|espanto|nossa|omg|passada|quieta|surpresa|temor|assustado|cara com olhos abertos e mão sobre a boca|chocado|embaraçar|escandalizado|horrorizado|não posso acreditar
🫣|cativada|cativado|envergonhada|envergonhado|esconder|espiadinha|espiando|espiar|olhar fixamente|rosto com olho espiando|smiley|tímida|tímido|vergonha|acanhado|cara com olho a espreitar|cara com olho tapado|espreitar
🤫|faça silêncio|fica quieta|quieta|quieto|rosto fazendo sinal de silêncio|silêncio|cara de segredo|segredo
🤔|curiosa|curioso|dúvida|hmm|ideias|mão no queixo|pensando|pensativa|pensativo|rosto|cara a pensar|queixo|refletir
🫡|boa sorte|exército|ok|respeito|saudação|senhor|sim|bater continência|cara a saudar|ensolarado|tropas
🤐|boca fechada|calada|calado|quieta|quieto|rosto com boca de zíper|segredo|zíper|cara com boca com fecho de correr|fecho de correr
🤨|cética|ceticismo|cético|confusa|confuso|desconfiada|desconfiado|desconfiança|rosto com sobrancelha levantada|cara com sobrancelha levantada|sobrancelha levantada|surpreso
😐|neutro|putz|rosto sem emoção|sem comentários|sem emoção|sem reação|cara|inexpressivo|neutra
😑|aff|inespressiva|inespressivo|nada a dizer|rosto inexpressivo|sem comentários|sem expressão|tanto faz|cara sem expressão|inexpressivo|pouco convencido|pouco impressionado
😶|calada|calado|quieto|rosto sem boca|sem boca|sem comentários|sem palavras|boca|cara sem boca|sem expressão|silencioso
🫥|deprimida|desaparecer|esconder|escondido|indiferença|introvertido|invisível|meh|tanto faz|cara com linha pontilhada|deprimido
😶‍🌫️|cabeça nas nuvens|distraído|rosto nas nuvens|rosto no nevoeiro|cara nas nuvens|cara no nevoeiro
😏|flerte|rosto com sorriso maroto|sorriso maldoso|sorriso malicioso|sorriso maroto|suspeito|cara com sorriso sarcástico|sorriso pretensioso
😒|aff|blasé|nada engraçado|não achou graça|não está feliz|rosto aborrecido|rosto de que não achou graça|rosto de quem não achou graça|aborrecido|cara aborrecida|descontente
🙄|olhando para cima|revirando os olhos|rolando os olhos|rosto com olhos revirados|tanto faz|virando os olhos|a revirar os olhos|cara com olhos revirados|olhos a revirar|revirar
😬|fazendo careta|rosto expressando desagrado|rosto fazendo careta|sem graça|cara a fazer caretas|caretas|dentes|sorrir
😮‍💨|alívio|assobio|assopro|cansaço|cansada|choque|exalar|exausta|fumaça|suspiro|triste|arfar|cara a exalar|desmotivação|desmotivado|exausto|fumo|ofegar|soprar|sopro
🤥|mentindo|mentira|mentiroso|nariz crescendo|pinocchio|pinóquio|rosto de mentiroso|cara de mentiroso
🫨|choque|louco|loucura|meu deus|pânico|rosto|surpresa|susto|terremoto|tremendo|vibração|vibrar|abanar|atordoamento|cara a abanar|desconcerto|espanto|terramoto
🙂‍↔️|balançar|cabeça balançando na horizontal|cabeça virando de um lado para o outro|não|negar|abanar|cabeça a balançar na horizontal|cabeça a virar de um lado para o outro
🙂‍↕️|cabeça balançando na vertical|confirmação|sim|cabeça a abanar de cima para baixo|cabeça a abanar na vertical|confirmar|fazer que sim com a cabeça
😌|alívio|em paz|rosto aliviado|zen|aliviado|cara aliviada|paz|tranquilo
😔|abatido|chateado|deprimido|desanimado|pensativo|pra baixo|rosto|cara pensativa|melancólico|triste
😪|cara de sono|rosto com sono|rosto sonolento|cansado|cara sonolenta|chorar|sono
🤤|babando|babar|rosto|salivando|cara a babar-se
😴|boa noite|cama|cansada|cansado|cochilo|dormindo|dormir|rosto|soneca|sono|zzz|bocejar|bocejo|cara a dormir|tanto faz
🫩|cansaço|cansada|cansado|dorminhoco|exausta|exausto|olheiras|rosto com bolsas embaixo dos olhos|rosto com olheiras|dorminhoca|olhos|tarde
😷|doente|gripado|máscara médica|resfriado|rosto com máscara médica|cara com máscara de médico|constipação|médico|remédio
🤒|de cama|doente|febre|febril|rosto com termômetro|termômetro|cara com termómetro|termómetro
🤕|acidentado|doente|ferimento|machucado|rosto com atadura na cabeça|rosto com curativos|cara com ligadura na cabeça|ligadura|magoado
🤢|doente|enjoado|enjoo|náusea|rosto nauseado|vômito|cara|nauseada|vómito
🤮|doente|nojenta|nojento|nojo|rosto vomitando|vomitando|vômito|cara a vomitar|vomitar|vómito
🤧|de cama|doente|espirrando|espirro|gripado|resfriado|rosto espirrando|cara a espirrar|gripe|santinho
🥵|calor|febre|febril|insolação|língua de fora|ofegante|quente|rosto fervendo de calor|rosto vermelho|suando|suor|cara com calor|cara vermelha|transpiração
🥶|abaixo de zero|azul|congelando|congelei|frio|gelado|gélido|glacial|rosto|cara azul|cara com frio|frieira|gelar|sincelo
🥴|alcoolizado|bêbada|bêbado|boca ondulada|embriagada|embriagado|intoxicado|olhos tortos|rosto|tonta|tonto|cara embriagada
😵|acabado|atordoado|doente|morto|rosto|tontura|cansado|cara atordoada|tonto
😵‍💫|caramba|confuso|desnorteado|eita|espirais|hipnotizado|problema|putz|tonto|tontura|uau|cara com olhos em espiral|rosto com olhos em espiral
🤯|chocada|chocado|chocante|choque|explodindo|incrível|perplexo|surpreendente|surpresa|surpreso|cabeça a explodir|espantoso|explodir
🤠|cara de cauboi|cauboi|caubói|cowboy|rosto com chapéu de caubói|sertanejo|vaqueiro|cara sorridente com chapéu de vaqueiro|chapéu|cobói|vaqueira
🥳|animação|aniversário|apito|chapéu|comemoração|comemorar|feliz aniversário|festa|língua de sogra|parabéns|rosto festivo|viva|cara de festa|corneta
🥸|bigode|disfarce|espião|incógnito|nariz|óculos|pessoa|rosto disfarçado|sobrancelha|cara disfarçada
😎|muito sol|na boa|óculos escuros|rosto sorridente com óculos escuros|sol|sorrindo de óculos escuros|sorriso de óculos|to legal|cara a sorrir com óculos de sol|fixe|luminoso|óculos de sol
🤓|cdf|esperto|estudioso|inteligência|inteligente|nerd|óculos de grau|rosto de nerd|sabe tudo|sabe-tudo|caixa de óculos|cara de cromo|cara de nerd|cromo|sabichão|totó
🧐|conservador|rosto com monóculo|cara com monóculo|formal|luxo|rico
😕|confuso|indeciso|não entendi|não tenho certeza|rosto|cara confusa|não sei|triste
🫤|cético|confusão|decepção|desapontado|dúvida|frustração|indiferença|inseguro|meh|tanto faz|cara com boca diagonal|duvidoso|incerto|rosto com boca diagonal|sei lá|seja o que for
😟|decepcionado|preocupado|rosto|cara preocupada|surpreendido|triste
🙁|rosto meio triste|tristeza|tristinho|cara ligeiramente franzida|sobrolho menos franzido
😮|boca aberta|boquiaberto|empatia|pasmo|rosto com boca aberta|aberta|cara com boca aberta|incrível|não acredito|pena
😯|espantado|rosto|surpreso|uau|cara expectante|espanto|pasmado|surpresa
😲|chocado|estupefato|rosto espantado|totalmente chocado|cara espantada|estupefacto|surpreso
😳|atordoado|deslumbrado|horrorizado|impressionado|rosto|ruborizado|vergonha|aturdido|cara corada|corado|envorganhado
🫪|ansiedade|chocado|inchado|pânico|surpreso|vulnerável|cara distorcida
🥺|implorando|olhar de cachorrinho|olhos grandes|perdão|por favor|por que não|pq não|rosto|triste|cara que implora|cara suplicante|implorar
🥹|admiração|alegria|chorar|com raiva|emoção|gratidão|iti malia|por favor|resistir|tristeza|cara a conter as lágrimas|cara com lágrimas de alegria|cara com lágrimas de emoção|lágrimas de alegria|lágrimas nos olhos|orgulhoso|sentimentos
😦|aberta|assustado|boca|decepcionado|inesperado|rosto assustado|rosto franzido com boca aberta|uau|cara franzida com boca aberta|sobrolho franzido|surpreendido
😧|angustiado|rosto|sofrendo|cara angustiada|descontente|surpreendido
😨|ansiedade|assustado|com medo|medo|preocupado|rosto amedrontado|amedrontado|ansioso|cara cheia de medo
😰|boca aberta|nervoso|rosto ansioso com gota de suor|rosto azul com suor frio|suando frio|suor frio|azul|cara com boca aberta e suor frio|com pressa|frio
😥|aliviado|decepcionado|não|rosto|triste|ufa|ansioso|cara triste, mas aliviada|desiludido
😢|chorando|choro|lágrimas|rosto|triste|cara a chorar|infeliz
😭|chorando alto|chorar|infeliz|lágrimas|rosto chorando aos berros|triste|cara a chorar perdidamente|choro|soluço
😱|assustada|assustado|gritando|grito|medo|rosto|susto|temeroso|amedrontado|cara a gritar de medo|munch
😖|bravo|frustrado|indignado|perplexo|rosto|baralhado|cara perplexa|confuso|zangado
😣|concentração|concentrado|dor de cabeça|foco|perseverança|perseverante|rosto|cara
😞|decepção|desapontado|desapontamento|rosto decepcionado|triste|cara desiludida|desiludido
😓|rosto cabisbaixo com gota de suor|rosto com suor frio|suando frio|suor frio|cara cabisbaixa com gota de suor|frio
😩|aborrecido|cansado|cansei|decepcionado|desolado|exausto|infeliz|perdi|rosto|cara fatigada|sonolento
😫|cansado|desesperado|exausto|rosto|cara cansada|espirro
🥱|bocejo|cansada|cansado|com sono|entediada|entediado|rosto bocejando|sono|zzz|aborrecido|cara a bocejar|dormir|tanto faz
😤|brava|bravo|furiosa|furioso|irritada|irritado|rosto soltando vapor pelo nariz|soltando fumaça|triunfo|vitória|cara com vapor a sair do nariz|zangado
😡|bravo|furioso|irado|rosto|vermelho|zangado|cara amuada|cara zangada|enfurecido|fúria|mal-humorado
😠|irado|rosto|zangado|cara irritada|infeliz|irritado
🤬|boca|censurado|fala|mal|rosto|rude|símbolos|xingando|cara com símbolos na boca|palavrão|praguejar
😈|chifres|diabinho|diabo|malícia|rosto|roxa|sorridente|sorriso|cara a sorrir com cornos|conto de fadas|cornos|fantasia|maldade
👿|bravo|chifres|demônio|diabinho|diabo|rosto|zangado|cara zangada com cornos|demónio|fantasia|mau
💀|caveira|corpo|fadas|morte|rosto|cara|conto de fadas|monstro
💩|cocô|estrume|excremento|fezes|pilha|caca|cara|cheira mal|cocó|desenho|malcheiroso|monstro|monte de cocó|poia
🤡|circo|engraçado|palhaço|piada|cara de palhaço|rosto de palhaço
👹|assustador|conto de fadas|demoníaco|japonês|malvado|máscara|monstro|ogro|oni|rosto|cara|criatura|diabo|fantasia|ogre
👺|bravo|fadas|goblin|japonês|máscara|monstro|raiva|rosto|tengu|zangado|cara|conto de fadas|criatura|duende japonês|fantasia
👻|assombração|assombrado|buu|fadas|fantasma|halloween|rosto|cara|conto de fadas|criatura|fantasia|monstro
👽|alienígena|extraterrestre|ovni|rosto|cara|criatura|espaço|et|fantasia|monstro
👾|alien|e.t.|extraterrestre|game|monstro|ovni|pixelado|cara|criatura|et|fantasia|invasores espaciais|jogo
🤖|monstro|robô|robotizado|rosto|cara de robô
😺|aberta|animal|boca|feliz|gato|rosto|sorrindo|sorriso|cara|sorridente|sorrir
😸|rindo|riso|rosto|sorrindo|sorriso|cara|gato sorridente com olhos sorridentes|olho
😹|alegria|chorando|choro|engraçado|felicidade|feliz|lágrimas|rir|risos|rosto|cara|gato com lágrimas de felicidade
😻|adorei|amor|apaixonado|coração|paixão|rosto|sorriso|cara|gato a sorrir com olhos em forma de coração|olho
😼|irônico|rosto|sorriso|cara|gato com sorriso forçado|irónico|troçar
😽|beijando|beijo|fechado|olho|rosto|cara|gato a dar um beijo com olhos fechados
🙀|choque|desolado|gato|meu deus|oh!|rosto|surpresa|surpreso|cansado|cara de gato cansado|cara de gato surpreendido|exausto|surpreendido
😿|chorando|choro|lágrima|rosto|triste|cara|gato a chorar
😾|bico|bravo|gato|mal-humorado|rosto|amuado|cara
🙈|envergonhado|não veja o mal|não vi nada|tapados|vergonha|cara|gesto|macaco com as mãos a tapar os olhos|macaco com olhos tapados|macaco que não vê nada|olhos tapados|proibido
🙉|não ouça o mal|não ouço|não ouve nada|não quero ouvir|tapados|cara|gesto|macaco com as mãos a tapar os ouvidos|macaco que não ouve nada|ouvidos tapados|ouvir|proibido
🙊|animal|boca tapada|não fale nada|não posso contar|não posso falar|segredo|silencio|ups|cara|falar|gesto|macaco com as mãos a tapar a boca|macaco que não diz nada|proibido
💌|carta de amor|coração|correspondência com coração|romance|amor|correio
💘|amor|cupido|emoção|flechado|paixão|romance|s2|coração com seta|seta
💝|amor|aniversário|dia dos namorados|fita|presente|s2|coração com fita|coração com laço|romance
💖|amor|brilhante|emoção|emocionante|s2|cintilante|coração a brilhar|entusiasmado
💗|amor|animado|batendo|crescendo|emoção|nervosismo|s2|a crescer|coração a crescer|entusiasmado|nervoso|palpitação
💓|amor|batendo|emoção|pulsante|s2|batimento|coração a bater|coração pulsante|palpitante
💞|adorável|amor|bonitinho|coração|emoção|girando|s2|aniversário|corações a girar|corações a rodopiar|corações rodopiantes|girar|rodopiante
💕|amor|aniversário|casal|coração|emoção|s2|corações|dois corações
💟|amor|decorativo|roxo|s2|selo|coração branco|coração decorativo|coração roxo|decoração com coração
💔|amorosa|coração|decepção|desilusão|emoção|partido|quebrado|rompimento|s2|sofrendo|sofrimento|triste|partir
❤️‍🔥|amor|chamas|coração em chamas|coração sagrado|fogo|luxúria
❤️‍🩹|bem|bom|coração remendado|curando|mais saudável|melhorando|recuperação
🩷|adorável|adorei|amo você|amor|coração|curtir|emoção|especial|fofo|gostar|gostei|te amo|cor-de-rosa|querido|rosa|ternura
🧡|emoção|laranja|s2|coração cor de laranja
💛|amarelo|amor|coração|emoção|love|s2
💚|coração|emoção|s2|verde|amor
💙|azul|coração|emoção|s2
🩵|adorar|adorei|amo você|amor|coração|emoção|especial|fofo|gostar|gostei|te amo|afeição|azul-claro|carinho|celeste|cor do céu|ternura
💜|coração lilás|emoção|roxo|s2
🤎|coração|marrom|s2|castanho
🖤|coração|negro|preto|s2|malvado|mau
🩶|adorar|adorei|amo você|amor|coração|emoção|especial|gostar|gostei|te amo|ardósia|chumbo|cinza|cinzento|prata|prateado
🤍|branco|coração|s2
💋|beijo|lábios|marca de beijo|romance|coração
💯|certamente|certeza|conte comigo|pontos|sem dúvida|top|total|100 pontos|cem pontos|concordo totalmente|perfeito|pontuação
💢|com raiva|emoção|engraçado|raiva|símbolo de raiva|desenho|enfurecido|irritado|símbolo de fúria|zangado
🫯|briga|debate|desacordo|discussão|luta|tumulto|bulha|cacetada|nuvem de luta|pancadaria|porrada|rixa
💥|colisão|emoção|engraçado|explosão|símbolo de colisão|bomba|bum|desenho
💫|brilhante|emoção|engraçado|estrelas|olhando para as estrelas|zonzo|desenho|estrela cadente|tonto
💦|borrifo|com suor|emoção|engraçado|pingos de suor|splash|suor|desenho|exercício|gotas de suor
💨|correr|corrida|emoção|engraçado|fugir|rapidez|desenho|ir-se embora|nuvem|peido
🕳️|buraco no chão
💬|balão de conversa|balão de diálogo|diálogo|engraçado|balão de fala|desenho|fala|mensagem
👁️‍🗨️|balão de diálogo|olho no balão de diálogo|testemunha|balão de fala|olho em balão de fala
🗨️|azul|conversa|diálogo|esquerda|balão de fala do lado esquerdo|fala
🗯️|briga|conversa|diálogo|direita|discurso|discussão|enérgico|furioso|irado|raiva|balão de raiva do lado direito|enfurecido|irritado
💭|balão de pensamento|engraçado|ideia|invenção|inventando|pensamento|pensando|desenho|devaneio|sonho
💤|boa noite|cansada|cansado|com sono|dormindo|dormir|emoção|engraçado|roncando|zzz|desenho|sesta|sonolento
👋|acenando|aceno|até mais|está aí?|flw|oi|olá|taí?|tchau|acenar|adeus|corpo|estás aí?|mão a acenar
🤚|dorso|levantada|levantado|para tudo|pare|mão com costas para fora|palma
🖐️|5|aberta|palma|pare|separados|cinco dedos|corpo|dedos abertos|mão aberta com os dedos separados|mão erguida com dedos afastados|parar
✋|5|cinco|erguida|high five|levantada|papel|pare|toca aqui|corpo|dá cá mais cinco|mão erguida|parar
🖖|dedos|jornada nas estrelas|mão|saudação star trek|saudação vulcana|spock|star trek|startrek|corpo|vulcano
🫱|apertar|aperto|direita|pegar|segurar|ajudar|estender a mão|mão estendida para a direita|mão para a direita|para a direita
🫲|apertar|esquerda|pegar|segurar|aperto de mão|mão estendida para a esquerda|mão para a esquerda|para a esquerda
🫳|cair|derrubar|descartar|mão com a palma para baixo|pegar|segurar|soltar|xô|apanhar|deixar cair|largar
🫴|acenar|levantar|mão com a palma para cima|oferecer|pegar|segurar|venha|deitar a mão|vem
🫷|bate aqui|bloquear|empurrar|esperar|esquerda|high five|parar|pausar|recusar|toca aqui|aguardar|mais cinco|mão a empurrar para a esquerda
🫸|bate aqui|bloquear|direita|empurrar|esperar|high five|parar|pausar|recusar|toca aqui|aguardar|mais cinco|mão a empurrar para a direita
👌|beliscar|certo|concordo|ótimo|rude|sinalizando|beliscão|compreendi|corpo|gesto de ok|mão com gesto de ok|ok com a mão|sinal de ok com a mão
🤌|beliscado|coxinha|gesto de mão|hã|interrogação|itália|italiana|mão|maravilha|o quê|sarcástico|dedos comprimidos
🤏|beliscar|pequena quantidade|pequeno|pouco|pouquinho|dedos|mão a dar um beliscão|um pouco
✌️|beleza|paz|sim|v de vitória|vitória|corpo|mão com sinal de vitória|mão em v de vitória
🤞|boa sorte|cruzados|dedos|mão|sorte|torcendo|figas
🫰|<3|amor|army|caro|coração|dinheiro|estalar|k-pop|kpop|mão com dedo indicador e polegar cruzados|dispendioso|gesto de esfregar os dedos
🤟|amor|mão|te amo|amo-te|gesto "amo-te"|gesto de amo-te|três dedos
🤘|chifres|dedos|metal|saudação do rock|cornos|corpo|mão a fazer cornos|rock’n’roll
🤙|legal|ligar|mão|me liga|chamada|gesto "liga-me"|gesto de liga-me|gesto liga-me|liga-me
👈|dedo|dorso|esquerda|indicador|mão|apontar|costas da mão com dedo indicador a apontar para a esquerda
👉|apontar|dedo|direita|dorso|indicador|mão|corpo|costas da mão com dedo indicador a apontar para a direita
👆|cima|dedo para cima|dorso|indicador|mão|apontar|corpo|costas da mão com dedo indicador a apontar para cima|para cima
🖕|dedo do meio|gesto ofensivo|mão|dedo médio
👇|abaixo|dedo apontado para baixo|dedo indicador|dedo para baixo|dorso da mão com dedo indicador apontando para baixo|embaixo|apontar|corpo|costas da mão com dedo indicador a apontar para baixo|indicador|mão|para baixo
☝️|dedo apontando para cima|eu|indicador apontando para cima|mão|apontar|dedo indicador a apontar para cima|para cima
🫵|aí|cutucar|dedo|indicador apontando para o visualizador|mão|tu|você|acusar|apontar o dedo|indicador a apontar para o espetador
👍|beleza|cima|concordo|dedão|joia|mão|ok|sim|sinal|valeu|combinado|compreendi|corpo|fantástico|fixe|gosto|para cima|polegar para cima
👎|dedão para baixo|desaprovação|desaprovado|mão|não gostei|para baixo|polegar para baixo|ruim|sinal|corpo|não concordo|não gosto
✊|pedra|punho erguido|punho levantado|solidariedade|cerrado|corpo|mão|soco
👊|beleza|fechado|força|soco|tá ligado|cerrado|concordo|corpo|mão fechada|punho a aproximar-se|punho fechado
🤛|esquerdo|fechada|mão|soco|esquerda|punho voltado para a esquerda
🤜|direito|soco|direita|punho voltado para a direita
👏|aplauso|bom trabalho|mãos aplaudindo|palmas|parabéns|sinal|aprovação|bater palmas|corpo|mãos a bater palmas
🙌|ambas as mãos|comemoração|levantando ambas as mãos para comemorar|mãos para cima|viva|celebração|corpo|gesto|mãos levantadas|mãos no ar
🫶|<3|amei|amo você|amor|coração|mãos de coração|te amo|amo-te|mão-coração|mãos em forma de coração
👐|abertas|mãos abertas|sinal de mãos abertas|abraço|corpo|mãos de jazz
🤲|cima|devoção|juntas|oração|unidas|mãos abertas|mãos em concha|mãos estendidas|palmas abertas|palmas juntas abertas|palmas juntas para cima|prece
🤝|aperto de mãos|combinado|cumprimento|mãos|acordo|passou-bem|reunião
🙏|gesto|mãos juntas|rezando|rezar|agradecimento|pedido|por favor|reverência
✍️|caneta|escrevendo à mão|corpo|escrever|mão a escrever
💅|cosméticos|esmalte de unha|manicure|mão|unhas|manicura|verniz para as unhas
🤳|camera|câmera|celular|foto|selfie|smartphone|câmara|telemóvel
💪|academia|contraído|engraçado|forte|musculação|músculo|bíceps fletido|corpo|culturismo|desenho|flexão
🦾|acessibilidade|braço mecânico|prótese
🦿|acessibilidade|perna mecânica|prótese
🦵|chute|joelho|membro|pé|perna dobrada|extremidade|pontapé
🦶|calcanhar|chutar|chute|pé|pisão|pisar|tornozelo|bater com o pé|pontapé
👂|corpo|escutar|orelha|ouvido|audição|ouvir|som
🦻|acessibilidade|aparelho auditivo|deficiência auditiva|ouvido com aparelho auditivo|surda|surdo|orelha com aparelho auditivo
👃|cheirar|cheiro|corpo|nariz|odor|rosto|cara|narina
🧠|cérebro|inteligência|inteligente
🫀|anatomia|batimento cardíaco|cardiologia|centro|coração humano|coração vermelho|órgão|pulsação|pulso|s2
🫁|anatomia|espiração|exalação|inalação|órgão|pulmão|pulmões|respiração
🦷|branco|dente|dentista
🦴|cachorro|esqueleto|osso|cão
👀|olhando|olhos|rosto|tô de olho|cara|corpo|espreitar|olhar
👁️|olho|parte do corpo|rosto|corpo|um olho
👅|corpo|rosto|lamber|língua de fora
👄|batom|beijo|boca|corpo|lábios|rosto
🫦|ansioso|batom|beijo|flertar|lábios|medo|mordida|nervoso|preocupação|sedução|sexy|vontade|bâton|desconfortável|flartar|flirt|morder o lábio|namoriscar|preocupado
👶|bebê|bebezinho|grávida|neném|pessoas|recém-nascido|bebé|criança|gravidez|jovem
🧒|criança|filho|jovem|neto|pequeno|género neutro|novo|pessoa
👦|garoto|guri|jovem|loiro|menino|pessoas|piá|criança|rapaz
👧|filha|garota|menina|menininha|neta|pessoas|franja|jovem|rapariga|totós
🧑|adulta|adulto|pessoa|género neutro
👱|cabelo|loiro|louro|pessoa loira|pessoa loura|pessoa: cabelo louro|rosto|cara|loira|loura|pessoa com cabelo loiro|pessoa com cabelo louro
👨|adulto|amigo|homem|irmão|marido|namorado|pessoa|rapaz
🧔|barba|barbudo|homem|pessoa: barba
🧔‍♂️|barba|homem: barba|homem: barbudo
👱‍♂️|cabelo|homem: cabelo loiro|loiro|louro|homem com cabelo loiro|homem com cabelo louro|homem loiro
👩|adulta|garota|guria|loira|menina|mina|mulher|pessoa
🧔‍♀️|barba|mulher: barba
👱‍♀️|garota|guria|loira|loura|menina|mulher: cabelo loiro|mulher com cabelo loiro|mulher com cabelo louro
🧓|adulto|avô|idoso|sábio|velho|vovó|género neutro|pessoa de idade|pessoa idosa
👴|adulto|avô|careca|idoso|pessoas|vovô|homem de idade avançada|sábio|velho
👵|adulta|idosa|pessoas|velhinha|vovó|vovozinha|avó|mulher de idade avançada|sábia|velha
🙍|brava|bravo|chateada|chateado|franzindo a sobrancelha|franzindo a testa|gesto|pessoa franzindo a sobrancelha|triste|aborrecida|cara triste|dececionada|desapontada|descontente|desiludida|pessoa aborrecida|pessoa de sobrolho franzido
🙍‍♂️|carrancudo|chateado|desconfiado|gesto|homem franzindo a sobrancelha|magoado|menino|aborrecido|condenar|descontente|franzir nariz|homem de sobrolho franzido|sobrolho franzido
🙍‍♀️|carrancuda|desconfiada|mulher franzindo a sobrancelha|condenar|desagrado|franzir nariz|homem|mulher de sobrolho franzido
🙎|beicinho|beiço|careta|chateada|chateado|emburrada|emburrado|fazendo bico|gesto|pessoa fazendo bico|aborrecida|amuada|carrancuda|desapontada|desiludida|mal-humorada|mal-humorado|pessoa aborrecida|pessoa amuada|zangada
🙎‍♂️|apontando|bico|cara feia|gesto|homem fazendo bico|homen apontando|amuar|beicinho|homem amuado
🙎‍♀️|bico|cara feia|mulher fazendo bico|beicinho|gesto|mulher amuada
🙅|de jeito nenhum|gesto|mão|não|proibido|sem chance|discordar|errado|negar|negativo|nem pensar|nunca|pessoa a dizer não|pessoa que faz gesto de não|recusar
🙅‍♂️|gesto|homem fazendo gesto de não|mão|menino|não|proibido|proibir|homem que faz gesto de não
🙅‍♀️|gesto|mão|mulher fazendo gesto de não|proibido|mulher que faz gesto de não|não
🙆|exercício|gesto para ok|mãos para cima|ok|pessoa fazendo gesto de ok|braços levantados|pessoa a dizer ok|pessoa que faz gesto de ok
🙆‍♂️|cabeça|exercício|gesto|mão|menino|nossa|ok|homem que faz gesto de ok
🙆‍♀️|gesto|mão|mulher fazendo gesto de ok|ok|mulher que faz gesto de ok
💁|ajuda|diva|divo|fala sério|informações|jogada de cabelo|mão|pessoa com a mão virada para cima|pessoa com a palma virada para cima|sarcasmo|atrevida|boato|fofocar|mexerico|ousada|pessoa atrevida|rumor|sarcástica
💁‍♂️|ajuda|fofoca|garoto|gorjeta|guri|homem com a palma virada para cima|menino|sarcasmo|sarcástico|atrevido|diva|mão de gorjeta|o que quiser
💁‍♀️|mulher com a palma virada para cima|atrevida|mão de gorjeta
🙋|dúvida|eu sei|feliz|gesto|levantando a mão|levantar a mão|pessoa levantando a mão|adeus|aqui|mão levantada|olá|pergunta|pessoa com a mão levantada|pessoa de mão levantada|questão|xau
🙋‍♂️|eu sei|gesto|homem levantando a mão|levantando a mão|menino|pedir a palavra|pergunta|voluntário|homem de mão levantada|mão levantada
🙋‍♀️|gesto|mulher levantando a mão|pedir a palavra|mão levantada|mulher de mão levantada
🧏|acessibilidade|audição|orelha|pessoa surda|surda|surdos
🧏‍♂️|homem|surdo
🧏‍♀️|mulher|surda
🙇|arrependimento|desculpa|desculpe|gesto|meditação|perdão|pessoa fazendo reverência|reverência respeitosa|fazer a vénia|implorar|lamentar|pedido de desculpas|pedir desculpa|perdoar|pessoa a fazer vénia|pessoa a pedir desculpa|vénia
🙇‍♂️|desculpas|gesto|homem fazendo reverência|homem pedindo desculpas|respeito|reverência|favor|homem a fazer a vénia
🙇‍♀️|desculpas|desculpe|gesto|meditação|meditar|mulher fazendo reverência|mulher pedindo desculpas|respeito|reverência|favor|mulher a fazer a vénia
🤦|como assim|decepção|decepcionada|decepcionado|desapontamento|descrença|inacreditável|meu deus|não acredito|não é possível|pessoa dececionada|choque|dececionada|desapontada|desilusão|exasperação|facepalm|frustração|incrédula|incredulidade|mão na cara|palma|pessoa de palma na face|pessoa desapontada|que raio
🤦‍♂️|como assim|decepção|decepcionado|desapontamento|inacreditável|meu deus|não acredito|não é possível|choque|dececionado|desapontado|descrença|desilusão|exaspero|facepalm|frustração|homem de palma na face|incrédulo|mão na cara|que raio
🤦‍♀️|como assim|decepção|decepcionada|desapontamento|inacreditável|meu deus|não acredito|não é possível|choque|dececionada|desapontada|descrença|desilusão|exaspero|facepalm|frustração|incrédula|mão na cara|mulher de palma na face|que raio
🤷|dar de ombros|dúvida|ignorância|indiferença|não sei|ombros|pessoa dando de ombros|quem sabe|tanto faz|encolher os ombros|pessoa a encolher os ombros|sei lá eu|talvez
🤷‍♂️|dar de ombros|dúvida|homem dando de ombros|indiferença|menino|não sei|quem sabe|tanto faz|encolher os ombros|homem a encolher os ombros|ignorância|ombros|sei lá eu|talvez
🤷‍♀️|dar de ombros|dúvida|garota|indiferença|menina|mulher dando de ombros|não sei|quem sabe|tanto faz|encolher os ombros|ignorância|mulher a encolher os ombros|ombros|sei lá eu|talvez
🧑‍⚕️|cuidados de saúde|enfermeira|médico|profissional de saúde|terapeuta|enfermeiro|médica
👨‍⚕️|doutor|enfermeiro|homem profissional da saúde|médico|saúde|terapeuta|profissional da área da saúde|profissional da saúde (homem)|profissional de saúde (homem)
👩‍⚕️|doutora|enfermeira|garota|guria|médica|menina|mulher profissional da saúde|saúde|terapeuta|profissional da área da saúde|profissional da saúde (mulher)|profissional de saúde (mulher)|serviço de saúde
🧑‍🎓|aluno|estudante|graduando|universitário
👨‍🎓|aluno|colando grau|formando|graduação|homem|estudante (homem)|finalista|licenciado|universitário
👩‍🎓|aluna|formanda|mulher|estudante (mulher)|finalista|licenciada|universitária
🧑‍🏫|instrutora|professora na escola|educador|formador
👨‍🏫|educador|homem|instrutor|mestre|professor (homem)
👩‍🏫|instrutora|mestra|mulher|professora
🧑‍⚖️|balança|juiz no tribunal|justiça
👨‍⚖️|balança|homem|juíz|justiça|juiz (homem)
👩‍⚖️|balança|juíza|justiça|mulher
🧑‍🌾|agricultor|jardineiro|rancheiro|lavrador
👨‍🌾|agricultor|fazendeiro|homem|jardineiro|lavrador
👩‍🌾|agricultora|fazendeira|jardineira|mulher|lavradora
🧑‍🍳|chef de cozinha|cozinheiro|chefe de cozinha
👨‍🍳|homem|restaurante|chefe|cozinheiro (homem)
👩‍🍳|cozinheira|mulher|chefe
🧑‍🔧|eletricista|encanador|mecânico trabalhando|prestador de serviço|canalizador|ofício
👨‍🔧|eletricista|encanador|homem|prestador de serviços|canalizador|electricista|mecânico (homem)
👩‍🔧|eletricista|encanadora|mecânica|mulher|prestadora de serviços|canalizadora|electricista
🧑‍🏭|fábrica|funcionário de fábrica|industrial|montagem|trabalhador fabril
👨‍🏭|fábrica|homem|indústria|metalúrgico|trabalhador|industrial|montagem|operário fabril
👩‍🏭|fábrica|indústria|mulher|trabalhadora|industrial|montagem|operária fabril
🧑‍💼|arquiteto|colarinho branco|gerente|negócios|trabalhador de escritório|empregado de escritório
👨‍💼|arquiteto|colarinho branco|empresário|escritório|funcionário de escritório|gerente|homem|administrador|empresa|trabalhador de escritório
👩‍💼|arquiteta|branco|colarinho|empresária|escritório|gerente|mulher|administradora|empresa|funcionária de escritório|trabalhadora de escritório
🧑‍🔬|biólogo|cientista|engenheiro|físico|químico
👨‍🔬|biólogo|cientista homem|físico|homem|professor|químico|cientista (homem)|engenheiro|farmacêutico|matemático
👩‍🔬|bióloga|física|mulher|professora|química|cientista (mulher)|engenheira|farmacêutica|matemática
🧑‍💻|desenvolvedor|inventor|programador|software|tecnólogo|informático
👨‍💻|codificador|computador|criador|desenvolvedor|homem|inventor|programador|software|tecnólogo|informático (homem)
👩‍💻|codificadora|computador|criadora|desenvolvedora|inventora|mulher|programadora|software|tecnóloga|informática
🧑‍🎤|ator|cantor|entretenimento|estrela|rock|vocalista
👨‍🎤|artista|ator|cantor|homem|pop|rock|estrela do rock
👩‍🎤|artista|atriz|cantora|mulher|pop|rock|estrela do rock
🧑‍🎨|artista|paleta
👨‍🎨|homem|pintor|pintura|plástico|quadros|artista (homem)|paleta
👩‍🎨|artista plástica|mulher|pintura|artista (mulher)|paleta|pintora
🧑‍✈️|avião|piloto
👨‍✈️|avião|homem|piloto de avião homem|piloto (homem)
👩‍✈️|avião|garota|guria|mulher|piloto de avião mulher|voando|pilota|piloto (mulher)
🧑‍🚀|astronauta|foguete|foguetão
👨‍🚀|astronauta homem|espaço|foguete|homem|astronauta (homem)
👩‍🚀|espaço|foguete|mulher|astronauta (mulher)
🧑‍🚒|bombeiro|caminhão de bombeiros|camião dos bombeiros|carro dos bombeiros
👨‍🚒|bombeiro|caminhão|corpo de bombeiros|fogo|homem|incêndio|carro de bombeiros|carro dos bombeiros
👩‍🚒|bombeira|caminhão|corpo de bombeiros|fogo|incêndio|mulher|carro de bombeiros|carro dos bombeiros
👮|autoridade|multar|polícia|policial|prender|agente da polícia|apreender|lei|pessoa polícia|senhor agente
👮‍♂️|homem|policial|tira|agente|bófia|chui|polícia (homem)
👮‍♀️|autoridade|mulher|multar|policial|prender|tira|agente da polícia|apreender|bófia|chui|lei|polícia (mulher)|senhora agente
🕵️|detetive|espião|investigador|rosto com lupa|homem
🕵️‍♂️|detetive homem|espião|homem|investigador|detetive (homem)
🕵️‍♀️|espiã|espionar|investigadora|investigar|mulher|crime|detetive (mulher)|espia
💂|guarda|londres|pessoas|segurança|capacete|palácio de buckingham
💂‍♂️|guarda|homem|segurança (homem)|uniforme
💂‍♀️|buckingham|guarda|londres|mulher|palacio|realeza|capacete|palácio de buckingham|segurança (mulher)|uniforme
🥷|assassino|furtividade|guerra|habilidades|lutador|ninja|oculto|pessoa|soldado|escondido|secreto
👷|capacete|chapéu|construção civil|construir|trabalhador de construção civil|empreiteiro|obras|pedreiro|pessoa construtora|remodelação|reparação|trabalhador da construção civil|trolha
👷‍♂️|construção|homem|pedreiro|operário da construção civil|trabalhador da construção civil
👷‍♀️|construção|contrução|mulher|operário|pedreira|pedreiro|capacete de proteção|operária da construção civil|trabalhadora da construção civil
🫅|coroa|monarca|nobre|pessoa com coroa|princesa|príncipe|rainha|realeza|reino
🤴|príncipe|realeza|rei|monarquia
👸|coroa|fadas|fantasia|loira|menina|mulher|pessoas|princesa|rainha|conto de fadas|realeza
👳|pessoa com turbante|turbante|cara com barba|homem|rosto com barba
👳‍♂️|homem com turbante|turbante
👳‍♀️|mulher com turbante|turbante
👲|chapéu chinês|gua pi mao|guapimao|homem com gua pi mao|homem de boné|pessoas|chinês|homem com chapéu chinês
🧕|cabeça|hijab|lenço|mulher com lenço islâmico|mulher com lenço na cabeça|mulher com véu
🤵|festa|gala|homem de smoking|noivo|pessoa de smoking|smoking|formal
🤵‍♂️|homem de smoking|smoking
🤵‍♀️|mulher de smoking|smoking
👰|casamento|noiva com véu|pessoa com véu|pessoas|véu de noiva
👰‍♂️|noivo com véu|véu|homem com véu
👰‍♀️|noiva com véu|véu|mulher com véu
🤰|estou grávida|grávida|gravidez|mulher
🫃|cheia|cheio|comi demais|excesso de peso|gravidez|grávido|inchado|pessoa|barriga de cerveja|comer demais|homem grávido
🫄|cheia|cheio|comi demais|excesso de peso|grávida|gravidez|inchada|barriga cheia|comer demais|pessoa grávida
🤱|amamentação|bebê|leite|mãe|materno|neném|amamentar|bebé|dar de mamar|seio
👩‍🍼|alimentando|amamentação|amamentando|amor|bebê|mãe|mamãe|nascido|neném|pessoa|recém-nascido|alimentar|bebé|mulher a alimentar bebé
👨‍🍼|alimentando|amamentação|amamentando|amor|bebê|neném|pai|papai|pessoa|recém nascido|recém-nascido|alimentar|bebé|homem a alimentar bebé
🧑‍🍼|alimentando|amamentação|amamentar|bebê|homem|mãe|mulher|neném|pai|recém-nascido|alimentar|bebé|pessoa a alimentar bebé
👼|anjo|bebê|fadas|rosto|bebé|cara|conto de fadas|fantasia
🎅|comemoração|festas|natal|noel|papai|celebração|conto de fadas|fantasia|pai
🤶|comemoração|mamãe|natal|noel|vovó|celebração|conto de fadas|fantasia|mãe
🧑‍🎄|chapéu|feliz|festas|gorro|mamãe|natal|noel|pessoa|celebração|comemoração|pai natal|sra. natal
🦸|bem|boa|bom|herói|heroína|super-herói|super-homem|superman|superpoder|capa|supermulher|voar
🦸‍♂️|bom|herói|homem super-herói|superpoder
🦸‍♀️|boa|herói|heroína|mulher|super-heroína|superpoder
🦹|bandido|criminoso|malvado|mau|supervilão|vilão|maléfico|pessoa|superpoderes
🦹‍♂️|criminoso|homem supervilão|mal|vilão|mau|superpoderoso
🦹‍♀️|criminosa|má|superpoder|supervilã|vilã|mulher supervilã
🧙|bruxa|fantasia|feiticeira|feiticeiro|feitiço|maga|magia|mago|rpg|bruxo|mágico|pessoa bruxa|pessoa feiticeira|sábio
🧙‍♂️|feiticeiro|homem mago|mago|bruxo
🧙‍♀️|bruxa|feiticeira|maga
🧚|asas|conto|encantado|fada|fantasia|ser|fábula
🧚‍♂️|fada|homem fada|homem-fada
🧚‍♀️|fada|mulher fada|mulher-fada
🧛|assustador|bruxas|dia|drácula|fantasia|halloween|monstro|sangue|terror|vampiro|dentes|disfarce|morto-vivo|pessoa vampiro|sobrenatural
🧛‍♂️|drácula|homem vampiro|vampiro|homem-vampiro|morto-vivo
🧛‍♀️|mulher vampira|vampira|morta-viva
🧜|canto|cauda|contos|criatura|fada|fundo|mar|oceano|ser encantado|sereia|sirene|tridente|disfarce|fábula|fantasia|peixe|pessoa sereia|sobrenatural|tritão
🧜‍♂️|sereio|tritão (homem)
🧜‍♀️|sereia
🧝|duende|fantasia|légolas|magia|mágico|místico|rpg|ser encantado|conto|disfarce|elfo mágico|fábula|orelhas pontiagudas|pessoa elfo|senhor dos anéis|sobrenatural
🧝‍♂️|duende homem|elfo homem|elfo (homem)|mágico
🧝‍♀️|duende mulher|elfa|elfo (mulher)|mágico
🧞|desejos|fantasia|gênio|lâmpada|mágica|místico|djinn|esfregar a lâmpada|génio|lamparina|magia|pessoa génio
🧞‍♂️|homem gênio|djinn|génio (homem)
🧞‍♀️|mulher gênio|djinn|génio (mulher)
🧟|apocalipse|assustador|bruxas|dia|halloween|morto-vivo|terror|zumbi|pessoa zombie|susto|zombie
🧟‍♂️|cazumbi|homem zumbi|homem zombie|morto-vivo
🧟‍♀️|cazumbi|mulher zumbi|morta-viva|mulher zombie
🧌|fadas|fantasia|gigante|monstro|ogro|troll|conto de fadas|monstrengo|ogre
🫈|críptido|eua|floresta|gigante|pé grande|pé‑grande|peludo|sasquatch|yeti
💆|dor de cabeça|massagem facial|pele|pessoa recebendo massagem facial|relaxar|rosto|spa|tensão|acalmar|cafuné|calma|cara|descontrair|pessoa a receber massagem|pessoa a receber uma massagem|salão de beleza|tratamento
💆‍♂️|acalmar|dor de cabeça|homem recebendo massagem facial|massagem|menino|relaxamento|relaxar|rosto|salão|tensão|tenso|cara|face|homem a receber uma massagem
💆‍♀️|massagem|mulher recebendo massagem facial|relaxamento|cara|face|mulher a receber uma massagem
💇|beleza|cortando o cabelo|corte de cabelo|pessoa cortando o cabelo|salão de beleza|cabeleireiro|cabelo|cortar o cabelo|pessoa a cortar o cabelo|tesouras
💇‍♂️|barbeiro|beleza|cabelo|menino|corte de cabelo|homem a cortar o cabelo|salão de beleza
💇‍♀️|corte de cabelo|mulher cortando o cabelo|salão de beleza|mulher a cortar o cabelo|permanente
🚶|andar|caminhada|caminhar|pedestre|perambulando|deambular|exercício|passear|passos|pessoa a andar|pessoa a caminhar|vaguear
🚶‍♂️|andar|caminhar|homem andando|homem caminhando|boleia|homem a andar
🚶‍♀️|andando|andar|caminhada|caminhando|caminhar|passeio|pedestre|perambulando|boleia|mulher a andar|passear|peão
🧍|de pé|pessoa em pé
🧍‍♂️|em pé|homem em pé
🧍‍♀️|em pé|mulher em pé
🧎|ajoelhado|ajoelhar|joelhos|pedir|por favor|pessoa ajoelhada|pessoa de joelhos
🧎‍♂️|ajoelhado|homem ajoelhando|homem de joelhos
🧎‍♀️|ajoelhada|mulher ajoelhando|mulher de joelhos
🧑‍🦯|acessibilidade|cego|pessoa com bengala para cegos
👨‍🦯|accessibilidade|cego|homem com bengala para cegos|invisual
👩‍🦯|accessibilidade|cega|deficiência visual|invisual|mulher com bengala para cegos
🧑‍🦼|acessibilidade|cadeira de rodas|pessoa em cadeira de rodas motorizada|pessoa em cadeira de rodas elétrica
👨‍🦼|acessibilidade|cadeira de rodas|homem em cadeira de rodas motorizada|homem em cadeira de rodas elétrica
👩‍🦼|acessibilidade|cadeira de rodas|mulher em cadeira de rodas motorizada|mulher em cadeira de rodas elétrica
🧑‍🦽|acessibilidade|cadeira de rodas|pessoa em cadeira de rodas manual
👨‍🦽|acessibilidade|cadeira de rodas|homem em cadeira de rodas manual
👩‍🦽|acessibilidade|cadeira de rodas|mulher em cadeira de rodas manual
🏃|correndo|correr|corrida|esporte|maratona|maratonista|pressa|corredor|despachar|exercício|pessoa a correr|rápido|velocidade
🏃‍♂️|corrida|esporte|homem correndo|maratona|correr|homem a correr|pressa
🏃‍♀️|corredora|correndo|corrida|esporte|garota|guria|maratona|menina|pressa|rápida|rápido|correr|mulher a correr
🧑‍🩰|bailarino|balé|ballet|dançarina|dançarino|bailarina
💃|bailarina|dançando|flamenco|pessoas|salsa|tango|vamos dançar|dançarina|mulher a dançar
🕺|dançando|dançarino|flamenco|homem a dançar|pessoas
🕴️|homem de terno levitando|terno|fato|homem em fato executivo a levitar|negócios
👯|amigas|coelho|dançarinas|festa|gêmeas|coelhinhas|gémeas|melhores amigas|mulher|orelhas de coelho|par|pessoas com orelhas de coelho|pessoas dançarinas|rapariga
👯‍♂️|coelho|dançarino|festa|homem|meninos|amigos|gémeos|homens com orelhas de coelho|máscara|orelhas de coelho|par|rapaz
👯‍♀️|dançarinas|festa|mulheres com orelhas de coelho|orelha de coelho|amigas|gémeas|máscara|orelhas de coelho|par|rapariga
🧖|homem|mulher|relaxar|sauna|spa|banho turco|descontrair|pessoa na sauna|repousar
🧖‍♂️|homem na sauna|sauna|banho turco
🧖‍♀️|mulher na sauna|sauna|banho turco
🧗|alpinista|escalada|escalando|escalar|esporte|montanha|alpinismo|desporto|montanhismo|montanhista|pessoa a escalar|subir|trepadora
🧗‍♂️|escalar|homem escalando|homem a escalar|montanhista
🧗‍♀️|escalar|mulher escalando|montanhista|mulher a escalar
🤺|esgrima|esgrimista|espada|esporte|desporto|pessoa a esgrimir
🏇|esporte|jockey|jóquei|cavalo de corrida|corrida de cavalos|desporto
⛷️|esporte|esquiador|frio|neve
🏂|esporte|inverno|neve|ski|snowboard|desporto|esqui|praticante de snowboard
🏌️|esporte|golfe|golfista|jogando|bola de golfe|campo de golfe|desporto|jogador de golfe|pessoa a jogar golfe|pga|tacada
🏌️‍♂️|golfe|homem golfista|homem jogando golfe|golfista|homem a jogar golfe|taco
🏌️‍♀️|bola|esporte|garota|golfe|golfista|menina|mulher a jogar golfe|taco
🏄|esporte|ondas|praia|prancha|surfista|board|desporto aquático|oceano|pessoa a surfar
🏄‍♂️|homem surfista|surfando|homem a surfar|prancha|surfista
🏄‍♀️|esporte|garota|guria|mar|menina|onda|praia|surfando|surfe|surfista|mulher a surfar|prancha
🚣|bote|canoa|mar|oceano|rio|andar de barco|barco a remos|lago|navegar|pescar|pessoa a remar|remar|remos|veículo
🚣‍♂️|esporte|homem remando|remador|remo|barco|canoa|homem a remar
🚣‍♀️|barco|caiaque|canoa|esporte|garota|menina|pescaria|remadora|remando|remo|rio|lago|mulher a remar
🏊|esporte|natação|olimpíada|triatlo|bruços|desporto aquático|exercício|nadador|nadar de bruços|pessoa a nadar
🏊‍♂️|homem nadando|nadar|natação|homem a nadar
🏊‍♀️|esporte|homem|nadadora|nado|natação|olimpíada|triatlo|desporto|mulher a nadar|nadar
⛹️|arremesso|atleta|bater bola|cesta|esporte|lance livre|afundar|basketball|basquetebol|bola de basquetebol|desporto|driblar|jogador de basquetebol|lançamento livre|pessoa a jogar basquetebol|pessoa com bola
⛹️‍♂️|basquete|bola|esporte|homem jogando basquete|homem com bola
⛹️‍♀️|basketball|basquete|bola|esporte|garota|jogadora|jogo|menina|desporto|mulher com bola
🏋️|bodybuilder|esporte|fisiculturista|força|levantar|culturismo|exercício|ginásio|halteres|halterofilista|levantamento de pesos|musculação|pesos|pessoa a levantar pesos|treino
🏋️‍♂️|esporte|força|homem levantando peso|peso|homem halterofilista|levantamento de pesos
🏋️‍♀️|esporte|força|garota|guria|levantadora de peso|levantar|malhar|menina|peso|desporto|levantamento de pesos|mulher halterofilista
🚴|bicicleta|bike|ciclismo|ciclista|esporte|pedalar|andar de bicicleta|buga|desporto|exercício|pessoa a andar de bicicleta|triatlo
🚴‍♂️|bicicleta|esporte|homem ciclista|passeio|ciclista (homem)|homem a andar de bicicleta
🚴‍♀️|bicicleta|bike|ciclismo|esporte|garota|guria|menina|passeio|pedalando|pedalar|ciclista (mulher)|desporto|mulher a andar de bicicleta
🚵|bicicleta|ciclismo|ciclista|esporte|montanha|mountain bike|pedalando|trilha|andar de bicicleta|betetista|btt|desporto|exercício|pessoa a andar de bicicleta
🚵‍♂️|bicicleta|ciclista|homem fazendo mountain bike|mountain bike|betetista (homem)|montanha
🚵‍♀️|bicicleta|bike|ciclista|esporte|garota|guria|menina|montanha|mountain|mulher|pedalar|betetista (mulher)|btt|desporto
🤸|animada|animado|esporte|estrelinha|feliz|ginasta|ginástica|brincar|cambalhota|desporto|estrela acrobática|fazer a roda|felicidade|pessoa a fazer a roda
🤸‍♂️|animado|esporte|estrela|estrelinha|feliz|ginástica|menino|virar|brincar|cambalhota|desporto|fazer a roda|felicidade|homem a fazer a roda
🤸‍♀️|animada|esporte|estrela|feliz|ginasta|ginástica|menina|virar|brincar|cambalhota|desporto|fazer a roda|felicidade|mulher a fazer a roda
🤼|combate|esporte|greco-romana|livre|torneio|desporto|duelo|luta greco romana|luta livre|lutadores|lutar|pessoas a lutar|pessoas lutando|wrestling
🤼‍♂️|combate|esporte|greco-romana|homem|livre|torneio|desporto|duelo|homens a lutar|luta greco romana|luta livre|lutador de luta livre|lutadores de luta livre|lutar|pessoas|wrestling
🤼‍♀️|combate|esporte|greco-romana|livre|torneio|desporto|duelo|luta greco romana|luta livre|lutadora de luta livre|lutadoras de luta livre|lutar|mulheres a lutar|pessoas|wrestling
🤽|aquático|competição|esporte|piscina|água|desporto aquático|nadar|natação|pessoa a jogar polo aquático|polo aquático
🤽‍♂️|aquático|esporte|jogador|jogando|piscina|desporto aquático|homem a jogar polo aquático|nadar|natação|polo aquático
🤽‍♀️|aquático|esporte|jogadora|menina|piscina|desporto aquático|mulher a jogar polo aquático|nadar|natação|polo aquático
🤾|atleta|esporte|gol|handball|handebol|jogador|passe|andebol|apanhar|atirar|bola de andebol|desporto|jogar andebol|jogo do mata|lançar|pessoa a jogar andebol
🤾‍♂️|bola|esporte|handball|handebol|jogando|menino|quadra|andebol|desporto|homem a jogar andebol|jogador de andebol
🤾‍♀️|esporte|gol|handball|handebol|jogando|menina|passe|quadra|andebol|atirar|bola de andebol|desporto|jogadora de andebol|jogar andebol|jogo do mata|lançar|mulher a jogar andebol
🤹|equilíbrio|habilidade|malabares|malabarismo|multitarefa|homem a fazer malabarismo|malabarista|pessoa a fazer malabarismo
🤹‍♂️|equilíbrio|habilidade|malabares|malabarismo|multitarefa|homem a fazer malabarismo|malabarista
🤹‍♀️|equilíbrio|habilidade|malabarismo|malabarista|multitarefa|mulher a fazer malabarismo
🧘|cruzadas|ioga|lótus|meditação|postura|relaxar|serenidade|yoga|zen|descontrair|paz|pernas cruzadas|pessoa a meditar|posição de lótus
🧘‍♂️|homem na posição de lótus|ioga|meditação|yoga
🧘‍♀️|ioga|meditação|mulher na posição de lótus|yoga
🛀|água|banheira|banho|espuma|pessoa a tomar banho
🛌|cama|cochilo|dormindo|dormir|hotel|noite|soneca|sono|boa noite|cansado|pessoa deitada na cama|pessoa na cama|zzz
🧑‍🤝‍🧑|amigos|casal|dadas|gêmeos|parceiros|parceria|mãos dadas|pessoas de mãos dadas
👭|amigas|casal|dadas|gêmeas|parceiras|parceria|pessoa|duas mulheres de mãos dadas|irmãs|lgbtqia|mãos dadas|mulheres de mãos dadas
👫|amigos|casal|mãos dadas|pessoas|homem e mulher de mãos dadas|mulher e homem de mãos dadas
👬|amigos|casal|gêmeos|homem|irmãos|mãos dadas|namorados|pessoas|dois homens de mãos dadas|gémeos|homens de mãos dadas|lgbtqia|signo
💏|amor|beijar|beijo|casal|coração|pessoas|romance|aniversário
💑|casal apaixonado|casal com um coração|coração|pessoas|romance|amor|casal com coração
🗣️|berro|falando|grito|silhueta|voz|cabeça a falar|cara|falar
👤|busto|mistério|pessoas|sombra|silhueta de busto
👥|amigos|busto|dupla|pessoas|silhueta de bustos
🫂|abraçando|abraço|adeus|amizade|amor|carinho|conforto|obrigado|olá|pessoas se abraçando|pessoas a abraçarem-se|pessoas a darem um abraço|pessoas abraçadas
👪|família|filho|mãe|pai|pessoas|um filho|criança|homem e mulher com rapaz
🧑‍🧑‍🧒|adulto|criança|família
🧑‍🧑‍🧒‍🧒|adultos|crianças|família|filha|filho
🧑‍🧒|adulto|criança|família
🧑‍🧒‍🧒|adulto|crianças|família
👣|corpo|gravura|pegadas|pés descalços|rastro|a caminho|andar|caminhar|descalço
🫆|identidade|impressão digital|investigação forense|segurança
🐵|animal|macaco|rosto de macaco|banana|cara de macaco
🐒|animal|macaco|banana
🦍|animal|gorila|macaco
🦧|macaco|orangotango|primata|animal|símio
🐶|cachorro|rosto de cachorro|animal de estimação|cão|cara de cão
🐕|cachorro|cão|animal de estimação
🦮|acessibilidade|cachorro|cadela|cão-guia|cega|cego|cegueira|deficiência visual|guia|labrador
🐕‍🦺|accessibilidade|assistência|cachorro|cadela|cão de serviço|cão-guia|pastor alemão|serviço|cão de assistência
🐩|animal|cachorro|poodle|caniche|cão
🐺|animal|lobo|rosto de lobo|cara de lobo
🦊|animal|bicho|raposa|rosto de raposa|cara de raposa
🦝|animal|astuto|curioso|guaxinim|travesso
🐱|felino|gatinho|gato|rosto de gato|animal de estimação|cara de gato
🐈|felino|gato|animal de estimação|gatinho
🐈‍⬛|animal|azar|dia das bruxas|felino|gata|gato|halloween|miado|miau|preto
🦁|animal|leão|rosto de leão|zodíaco|cara de leão|signo
🐯|animal|rosto de tigre|tigre|cara de tigre|predador
🐅|animal|tigre|predador|zoo
🐆|animal|leopardo|onça|predador|zoo
🐴|animal|cavalo|equino|rosto de cavalo|cara de cavalo|equitação|quinta
🫎|alce|animal|cervo|chifres|galhada|mamífero|rena|alasca|canadá|hastes|símbolo do canadá
🫏|animais|animal|asno|burro|jegue|mamífero|mula|relinchar|relincho|teimosa|teimoso|coice
🐎|animal|equestre|cavalo de corrida|corrida de cavalo|equitação
🦄|animal|rosto de unicórnio|unicórnio|cara de unicórnio
🦓|animal|listras|zebra|riscas
🦌|animal|cervo|veado
🦬|animal|bisão|bisonte|búfalo|rebanho
🐮|animal|fazenda|leite|muuu|rosto de vaca|vaca|vaquinha|cara de vaca|quinta
🐂|animal|boi|touro|zodíaco|quinta|signo
🐃|água|animal|búfalo-asiático|zoo
🐄|animal|fazenda|vaca|leite|quinta
🐷|animal|porco|rosto de porco|cara de porco
🐖|animal|porco|presunto|quinta|toucinho
🐗|animal|javali|porco
🐽|animal|nariz de porco|porco|rosto|cara|focinho
🐏|animal|áries|chifre|zodíaco|carneiro (animal)|ovelha|signo
🐑|animal|fazenda|lã|ovelha|quinta
🐐|animal|bode|cabra|capricórnio|zodíaco|signo
🐪|animal|camelo de uma só corcova|corcova|deserto|dromedário|bossa
🐫|animal|camelo asiático com duas corcovas|camelo com duas corcovas|corcova|deserto|bossa|camelo com duas bossas
🦙|alpaca|animal|guanaco|lã|lhama|vicunha|lama
🦒|animal|girafa|manchas
🐘|animal|elefante
🦣|animal|extinto|grande|lanoso|mamute|pré-histórico|presa
🦏|animal|rinoceronte
🦛|animal|hipopótamo
🐭|animal|camundongo|ratinho|rato|rosto de camundongo|cara de rato
🐁|animal|camundongo|ratinho|rato
🐀|animal|ratazana|rato
🐹|hamster|rosto de hamster|animal de estimação|cara de hámster|hámster
🐰|coelho|rosto de coelho|animal de estimação|cara de coelho|coelhinho
🐇|coelhinho da páscoa|coelho|animal de estimação
🐿️|animal|esquilo
🦫|animal|castor|dentuço|represa|açude|barragem|dentes|dique
🦔|animal|espinhoso|porco-espinho|ouriço-caixeiro
🦇|animal|morcego|vampiro
🐻|animal|rosto de urso|urso|cara de urso
🐻‍❄️|ártico|branco|urso polar
🐨|animal|coala|austrália|urso
🐼|animal|panda|rosto de panda|cara de panda
🦥|bicho-preguiça|devagar|lenta|lentidão|preguiça|preguiçosa|preguiçoso
🦦|brincalhona|lontra|pesca
🦨|fedida|fedido|fedor|gambá|doninha fedorenta|mau cheiro
🦘|animal|austrália|canguru|filhote|joey|marsupial|pula|pulo|salto|saltar
🦡|animal|incomodar|ratel|texugo de mel|chatear|texugo-do-mel
🐾|animal|patas|patinhas de cachorro|pegada de pata|pegadas de patas
🦃|animal|ave|peru de natal|gluglu|natal
🐔|animal|ave|galinha
🐓|animal|ave|galo
🐣|animal|ave|bebê|chocando|filhote|galinha|pintinho|pinto|bebé|ovo|pintainho a sair do ovo
🐤|animal|ave|bebê|filhote|galinha|pintinho de perfil|pinto|rosto de pintinho|bebé|pintainho
🐥|animal|ave|bebê|fihote|galinha|pintinho de frente|pintinho olhando para frente|pinto|bebé|pintainho a olhar para a frente
🐦|animal|pássaro|ave|ornitologia
🐧|animal|antartica|frio|pinguim|antártida
🕊️|animal|ave branca|pássaro|paz|pomba branca|voar
🦅|águia|pássaro|animal|ave
🦆|animal|pássaro|pato|ave
🦢|animal|ave|cisne|pássaro|patinho feio|pinto de cisne
🦉|coruja|pássaro|sabedoria|animal|mocho|sensato
🦤|animal|ave|dodô|extinto|grande|maurício|pássaro|dodó|maurícias
🪶|leve|pássaro|pena|plumagem|voo
🦩|ave|extravagante|flamingo|tropical
🦚|animal|ave|colorido|orgulhoso|pavão|pavoa|pomposo
🦜|animal|ave|papagaio|pássaro|pirata|repete|falar
🪽|angelical|anjo|asa|ascender|aviação|celestial|mitologia|pássaro|voando|voar alto|ave
🐦‍⬛|animal|ave|bico|corvo|gralha|passarinho|preto|pássaro cinzento|pássaro de bico amarelo
🪿|animal|ave|bobo|gansos|grasno|marreco|pássaro|pato|cisne|ganso branco|grasnido|pateta|pescoço comprido
🐦‍🔥|fantasia|fênix|imortal|pássaro de fogo|reemergir|reencarnação|reencarnar|reincarnação|renascer|renascimento|reviver|transformação|fénix
🐸|animal|rosto de sapo|sapo|cara de sapo|princesa
🐊|animal|crocodilo|jacaré|zoo
🐢|animal|tartaruga|cágado
🦎|animal|lagartixa|lagarto|réptil
🐍|animal|cobra|réptil|serpente|ofiúco|serpentário|signo
🐲|animal|dragão|rosto de dragão|cara de dragão|conto de fadas
🐉|animal|dragão|game of thrones|conto de fadas|guerra dos tronos
🦕|braquiosaurus|braquiossauro|brontossauro|brontossuro|dinossauro|diplódoco|diplodocus|saurópode|diplodoco
🦖|dinossauro|t-rex|tiranossauro rex
🐳|animal|baleia esguichando água|esguicho|baleia com esguicho de água|cara|esguichar|oceano
🐋|animal|baleia|mar|oceano
🐬|animal|golfinho|oceano
🫍|baleia|marinho|oceano
🦭|animal marinho|foca|leão marinho|leão-marinho|oceano|mar
🐟|animal|peixes|pescar|signo de peixes|zodíaco
🐠|animal|peixe tropical|tropical
🐡|animal|baiacu|peixe-balão
🦈|peixe|tubarão|animal
🐙|animal|oceano|octopus|polvo
🐚|animal|caramujo|concha do mar|concha em espiral|búzio|espiral|praia
🪸|coral|mudança climática|oceano|recife|corais|marinho|mergulho|tropical
🪼|água-viva|ai|animal|aquário|ferrão|invertebrado|marinha|medusa|oceano|queimadura|tentáculos|alforreca|geleia
🦀|animal marinho|câncer|signo de câncer|zodíaco|caranguejo (animal)
🦞|animal|bisque|caldo|fruto do mar|garras|lagosta|mariscada|marisco|pinças
🦐|animal|camarão|comida|crustáceo|gamba|marisco
🦑|animal|comida|lula|molusco
🦪|frutos do mar|mar|mergulho|ostra|pérola
🐌|animal|escargot|caracoleta|jardim
🦋|beleza|borboleta|inseto|bonita|insecto
🐛|animal|centopeia|inseto|lagarta|bicho|insecto|jardim
🐜|animal|formiga|inseto|insecto|jardim
🐝|abelha|animal|inseto|natureza|insecto|mel|zangão
🪲|animal|besouro|bicho|inseto|escaravelho
🐞|animal|besouro|inseto|joaninha|tipo de besouro|bicho|jardim|natureza|voa voa
🦗|gafanhoto|grilo|inseto
🪳|animal|baratas|inseto|nojento|nojo|praga
🕷️|animal|aranha|dias das bruxas|halloween|inseto|insecto
🕸️|aranha|halloween|inseto|teia de aranha
🦂|animal|deserto|inseto|zodíaco|escorpião (animal)|signo
🦟|aedes|aegypti|amarela|animal|chicungunha|dengue|doença|febre|inseto|malária|mosquito|pernilongo|vírus|zica|insecto|melga
🪰|animal|apodrecendo|doença|inseto|larva|mosca-varejeira|praga|varejeira|decomposição
🪱|anelídeo|animal|minhoca|parasita|verme
🦠|ameba|bactéria|ciência|micróbio|vírus
💐|aniversário|buquê|flor|planta|romance|amor|ramo de flores
🌸|cereja|flor de cerejeira|planta|primavera|cerejeira em flor|em flor
💮|carimbo de flor|carimbo de parabéns|flor branca
🪷|beleza|budismo|calma|flor de lótus|hinduísmo|índia|lótus|paz|pureza|serenidade|vietnã|espiritual
🏵️|flor amarela|planta|primavera|roseta|rosácea
🌹|flor|rosa|amor|vermelha
🥀|flor|morrendo|murchando
🌺|flor|hibisco|planta|primavera
🌻|flor|girassol|planta|sol
🌼|florescer|planta|malmequer
🌷|flor|tulipa|planta|túlipa
🪻|arbusto|bluebonnet|flor-crânio-do-dragão|jacinto|lavanda|lilás|lupinus|planta|primavera|roxo|violeta|desabrochar|florescer
🌱|brotar|broto|jovem|muda de planta|planta jovem|plantinha|árvore jovem|nova|rebento|viveiro
🪴|casa|chato|decoração|nutrir|plantar|samambaia|sem utilidade|vaso com planta
🌲|árvore de pinheiro|conífera|floresta|natal|pinheirinho|pinheiro|árvore de folha perene|árvore de natal|planta
🌳|árvore cheia|caidiça|desfolha|natureza|árvore de folha caduca|caduca|floresta
🌴|árvore de palmeira|coqueiro|palmeira|palma|planta|praia|tropical
🌵|cacto|deserto|natureza|planta|seca|cato
🌾|arroz|comida|espiga de arroz|fazenda|grãos|planta de arroz|planta do arroz|feixe de arroz
🌿|folha|planta|erva aromática
🍀|folhas|irlandês|planta|quatro|sorte|sortudo|trevo de quatro folhas|4
🍁|folha caída|folha de bordo|folha vermelha|maple|outono|ácer|folha de ácer|planta|queda
🍂|caídas|cair|folhas|outono|folha caída|planta|queda
🍃|folha ao vento|soprando|vento|esvoaçar|folha a esvoaçar ao vento|planta|soprar
🪹|aninhando|galhos|lar|ninho vazio|passarinho|pássaro|aninhada|aninhado|aninhar|casa|melancolia|nidificar
🪺|aninhando|galhos|lar|ninho com ovos|ovos|passarinho|pássaro|aninhada|aninhado|aninhar|nidificar
🍄|champignon|cogumelo|fungo|mario|planta|venenoso
🪾|árvore seca|árvore sem folhas|inverno|seca|madeira|morta|ramos|sem folhas|tronco
🍇|fruta|uvas|baco|vinho
🍈|fruta|melão|meloa
🍉|fruta|melancia|fatia
🍊|cítrica|fruta|laranja|tangerina|clementina|vitamina c
🍋|azedo|cítrico|fruta|lima|limão siciliano|ácido|citrino
🍋‍🟩|acidez|caipirinha|cítrica|cítrico|drink|fruta|lima|limão|limonada|tequila|tropical|verde|ácido|azedo|citrino|cocktail|refrescante|sumo
🍌|banana|fruta|potássio
🍍|abacaxi|comida|fome|fruta|ananás|tropical
🥭|comida|fruta|manga|tropical|alimento|batido
🍎|fruta|maçã|vermelha|comida|pêro|saúde
🍏|comida|fome|fruta|maçã|verde
🍐|comida|fome|fruta|pera
🍑|fruta|pêssego
🍒|comida|fome|frutas vermelhas|cerejas|ginja
🍓|comida|fome|frutas vermelhas|morango|baga
🫐|alimento|azul|baga|blueberry|comida|fruta|mirtilos|silvestre
🥝|comida|fruta|kiwi|quivi
🍅|fruta|fruto|legume|tomate|vegetal|alimento|comida
🫒|alimento|azeitona|comida|oliveira|azeite
🥥|coco|fruta|palmeira|piña colada
🥑|abacate|comida|fruta
🍆|beringela|berinjela|comida|legume|vegetal
🥔|batata|comida|fome|legume|vegetal
🥕|cenoura|comida|fome|legume|salada|vegetal
🌽|comida|espiga de milho|fome|milho|cereal
🌶️|apimentada|apimentado|pimenta|tempero|legume|malagueta|picante
🫑|alimento|capsicum|comida|pimenta|pimentão verde|vegetal|pimento
🥒|comida|fome|legume|pepino|picles|salada|vegetal|pickle
🥬|alface|bok choy|comida|couve|hambúrguer|repolho chinês|salada|verdura
🥦|brócolis|brócolos|legume
🧄|alho|tempero
🧅|cebola|tempero
🥜|amendoim|comida|amendoins|leguminosa|noz|vegetal
🫘|alimento|comida|feijão|feijões|grão|legume
🌰|castanha|planta|amêndoa
🫚|cerveja|comida|erva|especiaria|gengibre|natural|raiz|saúde|tempero|alimentação|plantas
🫛|comida|edamame|ervilha|feijão|grão|legume|leguminosa|pé de feijão|vagem|vegetal|alimentação|feijões|verde
🍄‍🟫|champignon|cogumelo marrom|comida|fungos|natureza|trufa|vegetal|vegetariano|cogumelo castanho|ingrediente|shiitake|topping
🫜|beterraba|legume|nabo|raiz|tubérculo|vegetal
🍞|pão de forma|pão para fatiar|restaurante|torrada|tostex|hidrato de carbono
🥐|café da manhã|comida|croissant|fome|pão|folhado|francês|pequeno-almoço
🥖|baguete|bisnaga|comida|pão francês|cacete|francês
🫓|alimento|arepa|comida|lavash|naan|pão folha|pão sírio|pita
🥨|pão torcido|pretzel|retorcido
🥯|café da manhã|chimia|comida|confeitaria|pão|rosca|rosquinha|argola|bagel|padaria|pequeno-almoço
🥞|café da manhã|comida|crepes|fome|panquecas|doce|pequeno-almoço
🧇|doce|gofre|wafel|waffle|wafle|pequeno-almoço
🧀|comida|fome|queijo suíço|fatia de queijo
🍖|carne com osso|carne no osso|churrasco|restaurante|osso com carne
🍗|aves|comida|coxa de frango|coxinha|fome|osso|peru|restaurante|coxa de ave|frango|galinha|perna
🥩|bife|carne vermelha|corte de carne|costela de cordeiro|costeleta de porco|porco|costeleta de cordeiro|naco de carne
🥓|bacon|comida|fome|toucinho|carne
🍔|búrguer|cheese burguer|hambúrguer|restaurante|cheeseburger|comer|comida|fast food|fome|hambúrger
🍟|batata frita|comida|fast food|fome|fritas|lanchonete|restaurante|alimento|batatas
🍕|fatia|pizza|restaurante|comida|piza|queijo
🌭|cachorro quente|cachorro-quente|hot dog|pão com salsicha|pão com vina|vina|salsicha
🥪|pão de forma|sanduíche|sandes
🌮|comida mexicana|mexicano|tacos|mexicana
🌯|burrito|comida mexicana|mexicano|mexicana
🫔|alimento|comida|enrolado|mexicano|milho|pamonha|tamale|wrap
🥙|comida|kebab|pão recheado|recheio|wrap|falafel|faláfel|pita|recheado
🧆|almôndega|falafel|grão de bico|faláfel|grão-de-bico
🥚|comida|fome|ovo|alimento
🍳|comida|culinária|frigideira|ovo estrelado|ovo frito|restaurante|cozinhar
🥘|caçarola com comida|comida|fome|paella|panela|rasa|caçarola de comida|guisado|paelha
🍲|ensopado|panela|restaurante|tigela de comida|caçarola com comida|comida|guisado|sopa|tacho com comida
🫕|alimento|chocolate|comida|derretido|fondue|panela|queijo|suíço|esqui|suíça
🥣|café da manhã|cereal|prato de sopa|tigela com colher|aveia|cereais|flocos|pequeno-almoço
🥗|comida|fome|restaurante|verde|alface|salada verde|verdura
🍿|cinema|balde de pipocas|filme|pipoca de cinema|pipocas
🧈|laticínio|manteiga|margarina
🧂|comida|condimento|sabor|saleiro|salgado
🥫|comida enlatada|lata|comida de lata
🍱|almoço japonês|bentô|caixa de bentô|restaurante|caixa de refeições|comida|marmita japonesa|refeições
🍘|arroz|biscoito de arroz|bolacha de arroz|cracker|comida
🍙|arroz|bolinho de arroz|comida|fome|japonês|onigiri|restaurante|bola de arroz|nigiri
🍚|arroz cozido|comida|fome|restaurante|cozido|tigela de arroz
🍛|arroz com curry|curry e arroz|restaurante|arroz com caril|caril|comida
🍜|comida|fome|lámen|macarrão|miojo|quentinha|ramen|restaurante|sopa|tigela de macarrão|massa|noodles|quente|tigela com comida quente
🍝|comida|espaguete|fome|italiano|macarrão|macarronada|restaurante|almôndegas|esparguete|massa
🍠|assada|doce|restaurante|batata-doce assada|comida
🍢|espetinho|frutos do mar no espetinho|oden|restaurante|comida|espetada|kebab|marisco
🍣|comida japonesa|restaurante japonês|sashimi|sushi
🍤|camarão empanado|camarão frito|restaurante|tempura|frito|gamba
🍥|bolinho de peixe|croquete|peixe|redemoinho|restaurante|comida|espiral|pastel de peixe com espiral
🥮|bolo da lua|bolo lunar|comida|confeitaria|festival chinês|outono|yuèbǐng
🍡|bolinho de mochi no espetinho|bolinho japonês|comida|dango|doce|fome|japonês|mochiko|sobremesa|espetada|espeto|japonesa
🥟|asiático|chinês|dumpling|empanada|gyōza|jiaozi|massa|pierogi|potsticker|bolinho asiático|guioza|ravioli
🥠|biscoito chinês|biscoito da fortuna|biscoito da sorte|profecia|sorte|bolinho
🥡|caixa para viagem|caixinha para levar|delivery|marmita|caixa de takeaway|comida pronta|pauzinhos|takeaway
🍦|doce|fome|sobremesa|sorvete de casquinha|sorvete de massa|sorvete italiano|sorvete na casquinha|cone de gelado|creme|cremoso|gelado|gelo
🍧|gelo|raspadinha de gelo|restaurante|sobremesa|doce|granizado
🍨|creme|gelo|restaurante|sobremesa|sorvete|comida|doce|gelado|natas
🍩|comida|donut|fome|restaurante|rosquinha|sonho doce|doce|dónute|sobremesa
🍪|biscoito|comida|cookie|doce|fome|sobremesa|bolacha de chocolate
🎂|aniversário|bolo de aniversário|comemoração|doce|feliz aniversário|festa|niver|bolo de anos|celebração|parabéns|pastelaria|sobremesa
🍰|bolo recheado|doce|fatia de bolo|pão de ló de morango|restaurante|sobremesa|pastelaria
🧁|açúcar|bolinho|bolo|comida|confeitaria|confeito|cupcake|doce|sobremesa|torta|pastelaria|queque
🥧|abóbora|carne|doce|fatia de torta|fruta|maçã|padaria|recheio|salgado|torta|empadão|pastelaria|tarte
🍫|barra de chocolate|chocolate|doce|fome|sobremesa|tablete de chocolate
🍬|bala|balinha|doce|cárie|guloso|rebuçado|sobremesa
🍭|bala|doce|pirulito|chupa-chupa|guloseima|sobremesa
🍮|pudim de leite|pudim de ovos|restaurante|creme de leite|doce|sobremesa
🍯|mel|pote de mel|restaurante|doce
🍼|bebê|leite|leitinho|mamadeira|mamar|neném|bebé|beber|biberão|recém-nascido
🥛|copo de leite|leite|bebida
🫖|alimento|bebida|bule|chá|chaleira|comida|infusão
🍵|bebida|chá verde|xícara de chá sem alça|beber|chávena de chá sem asa
🍶|bar|bebida|copo|garrafa e copo de saquê|japonês|restaurante|saquê|saqué|taça
🍾|aniversário|bar|champagne|champanha|champanhe|cidra|comemorar|espumante|estourar|festa|parabéns|beber|bebida|garrafa com rolha a saltar|garrafa de champanhe|rolha|saltar
🍷|bar|bebida|cálice de vinho|restaurante|taça|vinho|beber|copo de vinho
🍸|bar|beber|bebida|cachaça|coquetel|happy hour|martini|restaurante|taça de coquetel|cocktail|copo de cocktail
🍹|bar|bebida|coquetel de frutas|drink|happy hour|restaurante|tropical
🍺|bar|bebida|caneca de cerveja|cerveja|chopp|gelada|happy hour|restaurante|beber
🍻|bar|caneca|cerveja|chope|chopp|restaurante|beber|bebida|brindar|brinde com canecas de cerveja
🥂|brinde|champagne|champanhe|comemoração|taças brindando|tim-tim|bebida|celebrar|copo|flute
🥃|bar|bebida|drink|whisky|baixo|copo de whisky|shot
🫗|acabou|acidente|água|bebida|copo|derramar|derrubar|fim|líquido|ops|pingar|vazio|a derramar líquido|entornar|vidro
🥤|água|canudo|copo com canudo|refrigerante|suco|copo com palhinha|sumo
🧋|bebida|bolha|bubble tea|chá perolado|comida|leite|pérola|pobá|chá bubble|chá de bolhas
🧃|caixa de suco|caixinha de suco|suco de caixa|suquinho|bebida|doce|pacote de sumo|palinha|sumo
🧉|bebida|chimarrão|cuia de chimarrão|mate|tereré
🧊|cubo de gelo|gelado|gelo|frio|icebergue
🥢|comida japonesa|hashi|pauzinhos
🍽️|almoço|fome|garfo|jantar|prato com talheres ao lado|restaurante|talheres|cozinhar|faca e garfo com prato
🍴|almoço|comer|comida|fome|garfo e faca|jantar|restaurante|talheres|com fome|cozinhar|faca e garfo|refeição
🥄|colher|comer|talheres
🔪|chef|cozinhar|faca de cozinha|arma|cortar|utensílio
🫙|armazenar|condimento|conserva|jarra|jarro|molho|nada|pote|recipiente|vazio|vidro|frasco
🏺|ânfora|ornamento chinês|vaso chinês|beber|jarro|líquidos|utensílio
🌍|áfrica|europa|globo mostrando europa e áfrica|terra|globo com a europa e a áfrica visíveis|mundo
🌎|as américas|globo mostrando as américas|terra|américas|globo com as américas visíveis|mundo
🌏|ásia|austrália|globo mostrando ásia e oceania|oceania|planeta terra|terra|globo a mostrar ásia e austrália|globo com a ásia e a austrália visíveis|mundo
🌐|globo com meridianos|meridianos|internet|mundo|terra
🗺️|geografia|mapa-múndi|mundo|mapa do mundo
🗾|japão|mapa do japão
🧭|bússola magnética|direção|ímã|magnético|navegação|norte|orientação|pontos cardeais
🏔️|alpes|frio|montanha com neve|neve|montanha coberta de neve
⛰️|montanha|natureza|monte|serra
🛘|avalanche|desastre|montanha|perigo|rochas|terremoto
🌋|erupção vulcânica|lava|natureza|vulcão|montanha
🗻|montanha|monte fuji|fuji|natureza
🏕️|acampamento|barraca|acampar|campismo|tenda
🏖️|guarda-sol|praia e guarda-sol|praia com guarda-sol
🏜️|clima seco|deserto|areia|cato
🏝️|ilha deserta|palmeira|praia|deserta
🏞️|parque com rio|parque nacional|reserva florestal|rio
🏟️|arena|estádio
🏛️|arquitetura|clássico|grego|prédio grego|edifício clássico|edifício da antiguidade
🏗️|guindaste|construção civil|edifício|obras
🧱|argamassa|argila|cimento|muro|parede|terra|tijolo
🪨|pedra|pedregulho|pesado|rocha|seixo|sólido|resistente
🪵|lenha|madeira serrada|tora|tronco
🛖|abrigo|cabana|casa|yurt
🏘️|casas|edifícios de habitação|habitação
🏚️|casa abandonada|abandonado|casa em ruínas
🏠|casa|construção|domicílio|lar|residência|edifício|habitação
🏡|casa com jardim|construção|jardim|lar|habitação|vivenda
🏢|edifício comercial|cidade|edifício de escritórios|escritórios|trabalho
🏣|japonês|oriental|prédio|correios|edifício|estação de correios japonesa
🏤|europeu|prédio|correios|edifício|estação de correios
🏥|doente|hospital|internado|médico|prédio|edifício|medicina
🏦|banco|prédio|banca|edifício
🏨|hotel|prédio|edifício
🏩|amor|motel|prédio|edifício|hotel com coração
🏪|24 horas|24h|conveniência|loja de conveniência|prédio|edifício
🏫|colégio|escola|prédio da escola|edifício
🏬|departamentos|estabelecimento comercial|loja de departamentos|comércio|edifício|grande armazém|lojas
🏭|fábrica|prédio|edifício
🏯|castelo|japonês|pagoda|pagode|prédio|edifício
🏰|castelo europeu|castelo medieval|prédio|edifício|europeu
💒|capela de casamento|casamento|romance
🗼|japão|tóquio|torre de tóquio
🗽|estátua da liberdade|liberdade|nova iorque
⛪|capela|cristão|igreja|missa|prédio|religião|cruz
🕌|mesquita|muçulmano|religião|islão
🛕|hindu|templo
🕍|judaísmo|judeu|judia|religião|sinagoga|templo|judaica
⛩️|japonês|oriental|religião|santuário|xintoísmo|templo xintoísta
🕋|caaba islã|islã|muçulmano|religião|islamismo
⛲|água|chafariz|fonte|praça
⛺|acampamento|acampar|barraca|campismo|tenda
🌁|bruma|cerração|enevoado|neblina|névoa|nevoeiro|nublado
🌃|cidade à noite|estrelas|noite estrelada|prédios|noite com estrelas
🏙️|cidade|prédios|urbano|edifícios|paisagem urbana
🌄|aurora sobre montanhas|montanha|nascer do sol sobre as montanhas|sol da manhã|manhã|nascer do sol nas montanhas
🌅|amanhecer|aurora sobre água|natureza|oceano|rio|sol da manhã|sol nascendo|manhã|nascer do sol
🌆|anoitecer|cidade ao anoitecer|noite|pôr do sol|prédio|crepúsculo|paisagem urbana ao anoitecer|sol
🌇|anoitecer|calor|cidade|entardecer|pôr do sol sobre prédios|prédio|crepúsculo|edifícios|pôr-do-sol|sol
🌉|noite|ponte à noite|pontilhão
🎠|carrossel|cavalo de carrossel|entretenimento|parque de diversão
🛝|brincar|brinquedo|escorregador|escorregar|parque de diversões|parquinho|playground|parque infantil
🎡|entretenimento|gigante|parque de diversões|roda
🎢|entretenimento|parque de diversões|parque temático|russa|montanha-russa
💈|barbearia|barbeiro|barber pole|cortar cabelo|poste de barbeiro|corte de cabelo|símbolo de barbearia
🎪|circo|entretenimento|lona de circo|tenda de circo
🚂|locomotiva|trem|vapor|veículo|comboio|linha ferroviária|máquina
🚃|bonde|elétrico|ferroviário|transporte|trem|trólebus|vagão|veículo|carro|carruagem|comboio|eléctrico|linha ferroviária|trólei|troleibus|troleicarro
🚄|alta|bala|japonês|trem|trens|veículo|velocidade|veloz|comboio de alta velocidade|linha ferroviária|shinkansen
🚅|bala|ferrovia|japão|trem|velocidade|veloz|viagem|comboio de alta velocidade|comboio-bala|linha ferroviária|shinkansen|veículo
🚆|ferrovia|trem|veículo|comboio|linha férrea|linha ferroviária
🚇|metrô|trem|túnel subterrâneo|veículo|metropolitano
🚈|chegada|cheguei|leve|trem urbano|veículo|linha ferroviária|metro de superfície|monocarril
🚉|estação de trem|metrô|trem|comboio|linha ferroviária
🚊|bonde elétrico|trólebus|veículo|eléctrico|elétrico
🚝|monotrilho|trem|veículo|monocarril
🚞|carro|estrada de ferro na montanha|montanha|teleférico|veículo|carruagem|comboio de montanha|linha ferroviária|transporte
🚋|bonde elétrico|carro|trólebus|veículo|comboio elétrico|elétrico
🚌|ônibus|transporte público|veículo|autocarro|escola
🚍|ônibus se aproximando|se aproximando|veículo|aproximação|autocarro a aproximar-se|autocarro a chegar
🚎|bonde elétrico|ônibus movido a eletricidade|trólebus|veículo|autocarro|trólei|troleibus|troleicarro
🚐|mini ônibus|ônibus|van|veículo|veraneio|autocarro|miniautocarro
🚑|ambulância|veículo|emergência
🚒|caminhão do corpo de bombeiros|carro do corpo de bombeiros|fogo|incêndio|veículo|bombeiros|camião|carro de bombeiros
🚓|carro patrulha|polícia|veículo|viatura policial|carro da polícia|patrulha
🚔|polícia|veículo|viatura policial se aproximando|aproximação|carro da polícia a aproximar-se
🚕|táxi|veículo|taxista|uber
🚖|chegada|transporte|veículo|aproximação|chamar táxi|táxi a aproximar-se
🚗|automóvel|carro|veículo
🚘|carona|carro se aproximando|chegada|se aproximando|veículo|aproximação|automóvel a aproximar-se
🚙|carro|suv|trailer|veículo recreacional|recreio|utilitário
🛻|automóvel|caçamba|caminhão|caminhonete|carro|picape|pick-up|pickup|transporte|veículo|camião|carrinha
🚚|caminhão de entrega|veículo|camião de entregas|entregas
🚛|caminhão articulado|trailer|veículo|camião articulado|semirreboque
🚜|obra|trator|veículo
🏎️|automobilismo|carro de corrida|corrida
🏍️|corrida|motocicleta|veículo|mota|motociclismo|motociclo
🛵|monareta|motinho|motoca|scooter|lambreta|motorizada
🦽|acessibilidade|cadeira de rodas manual
🦼|acessibilidade|cadeira de rodas motorizada|cadeira de rodas elétrica
🛺|automóvel riquixá|autorriquixá|tuk tuk|riquexó motorizado|tuk-tuk
🚲|bicicleta|bike|veículo|bicla|ciclismo
🛴|brinquedo|patinete|empurrar com pé|pontapé|trotineta|trotinete
🛹|rodinhas|skate|skatista|prancha|rodas
🛼|esporte|patinação|patins de rodas|rodas|roller|desporto
🚏|busão|ônibus|ponto de ônibus|transporte público|autocarro|paragem de autocarro
🛣️|caminho|estrada|viagem|viajar|autoestrada|via rápida
🛤️|trem|trilhos|comboio|linha ferroviária
🛢️|lata|latão|óleo|barril de petróleo|petróleo
⛽|abastecer|álcool|combustível|gasolina|abastecimento|bomba de gasolina|posto de gasolina
🛞|carro|círculo|direção|girar|veículo|volante|pneumático|rodar|viatura
🚨|carro da polícia|farol policial|luz de viatura policial|luz giratória|sirene|luz de carro da polícia|polícia
🚥|cruzamento|horizontal|luz|sinaleira|trânsito|semáforo horizontal|sinais de trânsito
🚦|cruzamento|luz|sinaleira|trânsito|vertical|semáforo vertical|sinais de trânsito
🛑|pare|sinal de pare|octagonal|sinal de stop|stop
🚧|construção|em construção|símbolo para em construção|barreira|obras
🛟|flutuar|guarda-vidas|guardar|nadar|resgate|salva-vidas|segurança|vidas|boia circular|colete salva-vidas|salvamento
⛵|iate|navegar|oceano|praia|resort|vela|barco à vela|estância|mar|veículo|veleiro
🛶|barco|canoa
🚤|barco|férias|lancha|praia|veículo|verão|milionário|viagem
🛳️|barco|cruzeiro|embarcação|passageiros|veículo|navio de passageiros
⛴️|balsa|barco|ferry boat|ferry-boat|navegar|passageiro
🛥️|lancha|motor|navio|veículo|barco a motor
🚢|aquático|barco|cruzeiro|férias|navio|veículo|viagem|passageiro|titanic
🛩️|aéreo|jatinho|jato|pequeno|veículo|avião pequeno|avioneta
🛫|decolar|férias|fui|partindo|partiu|viagem|viajando|avião a levantar|check-in|levantar|partida|veículo
🛬|aterrissagem|aterrissando|chegando|pousando|veículo|voltando|aterragem|avião a aterrar|chegadas
🪂|asa-delta|paraquedas|paraquedista|saltar de paraquedas|paraquedismo|parasailing
💺|assento|cadeira|poltrona
🚁|helicóptero|veículo|viagem|viajar|voo
🚟|estrada de ferro suspensa|suspensão|trem|veículo|monocarril suspenso
🚠|bonde|cabo suspenso usado em teleféricos nas montanhas|montanha|teleférico na montanha|veículo|teleférico de montanha
🚡|aérea|bonde|gôndola|linha|teleférico|veículo|aéreo|cabo|funicular
🛰️|antena|espaço|satélite|veículo
🚀|espaço|foguete|veículo|foguetão
🛸|alienígena|et|óvni|terrestre|voador|disco voador|extraterrestre|ovni
🛎️|hotel|portaria|sineta|sino|campainha de receção|paquete|rececionista
🧳|bagagem|mala|rodinhas|viagem|trólei
⌛|areia|ampulheta terminada|horas|temporizador
⏳|areia|cheia|contando|em cima|relógio|ampulheta com areia a cair|horas|temporizador
⌚|relógio de pulso|tempo|horas
⏰|alarme|atrasada|atrasado|despertador|horário|relógio|horas
⏱️|cronômetro|relógio|tempo|cronómetro|horas
⏲️|cronômetro|relógio temporizador|timer|cronómetro|temporizador
🕰️|relógio antigo|relógio de mesa|horas|relógio de lareira
🕛|12 horas|12h00|doze|meia-noite|meio-dia|relógio|00|12:00|horas|vinte e quatro
🕧|12h30|doze e meia|relógio|12:30|doze e trinta|meia-noite e meia|meio-dia e meia|trinta
🕐|1 hora|1h00|relógio|1:00|13:00|13h00|horas|treze|uma hora
🕜|1:30|13:30|13h30|1h30|relógio|uma e meia|horas|treze|uma hora
🕑|2 horas|2h00|duas|relógio|14:00|14h00|2:00|catorze|horas
🕝|2:30|2h30|duas e meia|relógio|14:30|14h30|30|meia|trinta
🕒|3 horas|3:00|3h00|horário|relógio|três|15:00|15h00|horas|quinze
🕞|3:30|3h30|relógio|três e meia|15:30|15h30|30|meia|trinta
🕓|4 horas|4:00|4h00|horário|quatro|relógio|16:00|16h00|dezasseis|horas
🕟|4h30|quatro e meia|relógio|16:30|16h30|30|4:30|meia|trinta
🕔|5 horas|5h00|cinco|relógio|17:00|17h00|5:00|dezassete|horas
🕠|17h30|5h30|cinco e meia|relógio|17:30|5:30|meia|trinta
🕕|6 horas|6h00|relógio|seis|18:00|18h00|6:00|dezoito|horas
🕡|18h30|6h30|relógio|seis e meia|18:30|30|6:30|meia|trinta
🕖|7 horas|7h00|relógio|sete|19:00|19h00|7:00|dezanove|horas
🕢|7:30|7h30|relógio|sete e meia|19:30|19h30|30|meia|trinta
🕗|8 horas|8:00|8h00|oito|relógio|20:00|20h00|horas|vinte
🕣|8:30|8h30|oito e meia|relógio|20:30|20h30|30|meia|trinta
🕘|9 horas|9h00|nove|relógio|21:00|21h00|9:00|horas|vinte e uma
🕤|9:30|9h30|hora|nove e meia|relógio|21:30|21h30|30|meia|trinta
🕙|10 horas|10h00|dez|relógio|10:00|22:00|22h00|horas|vinte e duas
🕥|10h30|22h30|dez e meia|relógio|10:30|22:30|30|meia|trinta
🕚|11 horas|11:00|11h00|onze|relógio|23:00|23h00|horas|vinte e três
🕦|11h30|23h30|onze e meia|relógio|11:30|23:30|30|meia|trinta
🌑|escuro|lua negra|noite|nova|espaço|lua nova|meteorologia
🌒|côncava|crescente|noite|espaço|lua crescente convexa|lua crescente gibosa|lua na primeira falcada|meteorologia
🌓|lua de quarto crescente|quarto crescente|crescente|espaço|lua em quarto crescente|meteorologia|quatro
🌔|convexa|crescente|espaço|gibosa|lua na primeira giba|meteorologia
🌕|cheia|luar|espaço|meteorologia
🌖|convexa|lua|minguante|espaço|meteorologia
🌗|lua de quarto minguante|quarto minguante|espaço|lua em quarto minguante|meteorologia|minguante|quatro
🌘|côncava|lua|minguante|crescente|espaço|meteorologia
🌙|crescente|espaço|lua crescente sem sombra|meteorologia
🌚|lua nova com rosto|rosto da lua nova|cara de lua nova|espaço|lua nova com cara|meteorologia
🌛|crescente|noite|rosto|cara|espaço|lua em quarto crescente com cara|meteorologia|quarto crescente
🌜|lua com rosto|lua de quarto minguante|quarto minguante com rosto|rosto da lua de quarto minguante|cara|espaço|lua em quarto minguante com cara|meteorologia
🌡️|clima|temperatura|tempo|termômetro|meteorologia|termómetro
🌝|cheia|lua cheia com rosto|lua com rosto|rosto da lua cheia|brilhante|cara|espaço|lua cheia com cara|meteorologia
🌞|praia|rosto|brilhante|calor|cara|espaço|meteorologia|sol com cara
🪐|anéis|saturnino|saturno|planeta anelado|planeta com anéis
⭐|amarela|astronomia|estrela amarela|estrela branca média
🌟|brilhante|brilho|cintilante|estrela|luminosa|reluzente
🌠|cadente|cai|estrela|espaço
🌌|céu|espaço|estrelado|via láctea
⛅|clima|nublado|nuvem|encoberto|meteorologia|sol atrás de nuvem
⛈️|chuva|clima|relâmpago|temporal|trovão|meteorologia|nuvem com relâmpago e chuva|trovoada
🌤️|clima|ensolarado|nublado|nuvem|meteorologia|sol atrás de nuvem pequena
🌥️|clima|nublado|nuvem|meteorologia|sol atrás de nuvem grande
🌦️|chuva|clima|nuvem|sol com chuva|meteorologia|sol atrás de nuvem com chuva
🌧️|chovendo|chuva|clima|meteorologia|nuvem com chuva
🌨️|clima|frio|neve|meteorologia|nuvem com neve
🌩️|clima|nuvem com trovão|relâmpago|meteorologia|nuvem com relâmpago
🌪️|clima|furacão|nuvem|tornado|meteorologia
🌫️|clima|furacão|neblina|nevoeiro|nuvem|meteorologia|névoa
🌬️|clima|nuvem|rosto|soprar|sopro|vento|cara de vento|meteorologia
🌀|ciclone|clima|espiral|furacão|tonto|twister|zonzo|meteorologia|tufão
🌈|arco-íris|chuva|clima|gay|lésbica|lgbtqia+|natureza|orgulho|queer|transgênero|cores|meteorologia
🌂|chuva|chuvoso|guarda-chuva fechado|acessório|meteorologia
⛱️|chuva|clima|praia|sol|sombra|sombrinha|guarda-chuva no chão|guarda-sol na areia|guarda-sol no chão|meteorologia
⚡|eletricidade|natureza|perigo|relâmpago|sinal|tensão|alta tensão|choque elétrico|voltagem
⛄|frio|inverno|neve|boneco de neve sem neve|meteorologia
🔥|chama|fogo|incêndio
💧|com suor|engraçado|gota de suor|suor|desenho|frio|lágrima|meteorologia
🌊|água|mar|oceano|onda|praia|surfe|tsunami|meteorologia|natureza|surfar
🎃|comemoração|dia das bruxas|halloween|jack|lanterna|abóbora de halloween|celebração
🎄|comemoração|natal|pinheirinho|árvore de natal|celebração|pinheiro de natal
🎆|ano novo|comemoração|fogos de artifício|celebração|fogo de artifício
🎇|comemoração|fogo de artifício vela estrela|vela estrela|celebração|faísca|vela com faísca
🧨|artifício|bomba|bombinha|chiando|dinamite|estourar|explosivo|faísca|luz|pirotecnia|roubada|fogo de artifício|fogos de artifício|petardo
🎈|aniversário|balão|celebração|comemoração|festa|parabéns
🎉|alegria|aniversário|celebrar|comemoração|cone|eba|festa|oba|parabéns|celebração|confetti|lança-confetes|lança-confetti|surpresa
🎊|celebração|comemoração|confete|eba|oba|parabéns|bola de confete|bola de confetti|confetti
🎋|comemoração|estrelas|festival|japonesa|papel|tanabata|tiras|árvore do tanabata|celebração|faixa|japonês
🎍|bambu|comemoração|decoração de pinhas|decoração de pinhos|japonês|pinha|celebração|decoração com bambu|planta
🎎|comemoração|festival|japanesas|japonês|bonecas japonesas|bonecas japoneses|celebração
🎏|carpas|comemoração|koinobori|bandeira de carpas|bandeirola de carpas|celebração
🎐|carrilhão de vento|sino|som|vento|campainha|celebração|espanta-espíritos
🎑|cerimônia de contemplação da lua|comemoração|contemplação da lua|lua|celebração|cerimónia da lua
🧧|boa sorte|dinheiro|envelope vermelho|hóngbāo|lai see|presente
🎀|comemoração|fita|presente|celebração|festa|laço de fita
🎁|comemoração|embrulhado|mimo|presente|caixa|celebração|natal
🎗️|celebração|comemoração|fita de lembrete|lembrete|laço de solidariedade|solidariedade
🎟️|cinema|entrada|ingresso|ticket|bilhetes
🎫|entretenimento|ingresso|bilhete|entrada
🎖️|condecoração|medalha|militar|prêmio|celebração
🏆|campeão|prêmio|troféu|prémio|taça|vitória
🏅|medalha esportiva|vitória|medalha desportiva|ouro
🥇|1o. lugar|1º. lugar|ouro|vitória|medalha de 1.º lugar|medalha de ouro|primeiro
🥈|2o. lugar|2º. lugar|prata|segundo|medalha de 2.º lugar|medalha de prata
🥉|3o. lugar|3º. lugar|bronze|terceiro|medalha de 3.º lugar|medalha de bronze
⚽|bola|futebol|jogar|desporto|messi|ronaldo
⚾|beisebol|esportes|bola de beisebol|desporto
🥎|bola|esporte|luva|softball|softbol|desporto|por baixo do braço
🏀|bola|cesta|esporte|jogo|basquetebol|cesto|desporto
🏐|bola|jogar|jogo|vôlei|voleibol
🏈|americano|esporte|futebol|super bowl|bola de futebol americano|desporto
🏉|americano|bola|esporte|futebol|rugby|desporto|râguebi
🎾|bola|esporte|raquete|tênis|desporto|ténis
🥏|disco|esporte|frisbee|ultimate|voador
🎳|bola|boliche|jogo|strike|bowling|desporto
🏏|betes|bola|críquete|jogo|taco
🏑|bola|campo|hóquei de campo|jogo|taco|hóquei em campo|stick
🏒|disco|gelo|hóquei no gelo|jogo|taco|stick e disco de hóquei no gelo
🥍|bastão|bola|esporte|lacrosse|raquete|taco|baliza|desporto|golo
🏓|mesa|pingpong|pingue-pongue|raquete|tênis|bola|jogo|ténis de mesa
🏸|badminton|jogo|peteca|raquete|badmínton|pena|volante
🥊|boxe|esporte|luta|desporto|luva de boxe|pugilismo|pugilista
🥋|esporte|faixa|judô|karatê|marciais|preta|taekwondo|uniforme|artes marciais|desporto|judo|karaté|quimono de artes marciais
🥅|esporte|futebol|goleira|goleiro|rede|baliza|desporto|golo|objetivo
⛳|buraco|esporte|golfe|bandeira no buraco|desporto
⛸️|gelo|patinação|patins|patim de gelo|patinagem no gelo
🎣|entretenimento|peixe|pescador|pescaria|recreação|vara|cana de pesca|desporto
🤿|esnórquel|mergulhador|mergulho|scuba|snorkeling|máscara de mergulho
🎽|camiseta|corrida|esporte|faixa|atletismo|camisola de corrida|t-shirt de alças
🎿|bota|esporte|esquiar|neve|esquis
🛷|neve|tobogã|trenó
🥌|curling|jogo|pedra de curling
🎯|alvo|certeiro|dardos|jogo|mira|mosca|centro|em cheio no alvo|tiro certeiro
🪀|brinquedo|ioiô|flutuar|ioió
🪁|pipa|planar|voar|papagaio de papel
🔫|água|arma|ferramenta|pistola d’água|revólver|pistola de água
🎱|bilhar|bola oito|jogo|bola 8|oito|snooker
🔮|adivinhação|cristal|destino|futuro|prever|bola de cristal|conto de fadas|fantasia|instrumento|magia|sorte
🪄|bruxa|condão|magia|mágica|mago|feiticeiro|mágico|varinha mágica
🎮|controle|game|jogos|playstation|videogame|xbox|comando de consola|comando de jogos|videojogo
🕹️|atari|controle|game|jogo|joystick|videogame|videojogo
🎰|aposta|azar|caça-níquel|cassino|máquina|jogo de azar|slot machine
🎲|dados|sorte|entretenimento|jogo de dados|valor
🧩|dica|encaixe|peça de puzzle|pista|puzzle|quebra-cabeças
🧸|bichinho|brinquedo|enchimento|pelúcia|urso|peluche|ursinho de peluche
🪅|cinco de maio|comemoração|festa|festival|pinhata|doces|mexicano|méxico
🪩|balada|boate|brilho|dançar|discoteca|espelhado|espelho|festa|night|bola de espelhos|globo de espelhos
🪆|boneca|matriosca|matrioska|russa
♟️|peão de xadrez|truque|xadrez|dispensável
🃏|baralho|carta|coringa|curinga|jogo|joker|jogar|jóquer
🀄|jogo|mahjong|vermelho|dragão vermelho de mahjong|peça de mahjong
🎴|carta de baralho|carta de flores|flores|hanafuda|jogo de baralho|baralho de cartas com flores|japonês|jogar
🎭|ator|atriz|drama|dramática|entretenimento|espetáculo|peça|performance|teatro|arte dramática|artes|máscaras|performativas
🖼️|arte|emoldurado|museu|pintura|imagem|moldura com imagem|quadro com moldura
🎨|arte|artista|artística|museu|pintor|pintura|tinta|paleta de artista
🧵|agulha|barbante|carretel|costura|linha|carrinho de linhas|fio
🪡|agulha|alfaiataria|bordados|costura|linha|pontos|suturas|vagonite|coser
🧶|bola|crochê|lã|novelo|tricô|tricotar|croché
🪢|amarrar|corda|cordel|emaranhado|fio|laço|marinheiro|nó
👓|acessório|óculos|olhos
🕶️|óculos de sol|óculos escuros|acessório|escuro|olhos
🥽|mergulho|natação|olhos|proteção|ski|soldagem|óculos de proteção
🥼|cientista|dr.|experiência|experimento|jaleco|médico|roupa|bata branca|bata de laboratório
🦺|emergência|refletivo|salva-vidas|segurança|colete de segurança
👔|acessório|gravata|roupa|camisa com gravata|vestuário
👕|camisa|camiseta|roupa|camisola|manga curta|t-shirt|vestuário
👖|jeans|roupa|calças de ganga|vestuário
🧣|cachecol|frio|inverno|pescoço|écharpe|lenço
🧤|inverno|luvas|mãos
🧥|agasalho|blusa|casaco|frio|jaqueta
🧦|meião|meias|peúgas
👗|peça única|roupa|vestido|elegante|moda|vestuário
👘|quimono|roupa|vestir|confortável|vestuário
🥻|índia|indiana|roupa|sari|vestido|vestuário
🩱|banho|maiô|nadar|praia|fato de banho|roupa de banho
🩲|banho|cueca|íntima|nadar|praia|sunga|calções|fato de banho|peça única|roupa de banho|roupa interior|slip de banho
🩳|banho|bermuda|nadar|praia|shorts|calções de banho|fato de banho|roupa de praia|roupa interior|slip
👙|banho|biquíni|piscina|praia|roupa|nadar|vestuário
👚|azul|blusa|camiseta|feminina|camisa|roupa de senhora|roupas de senhora|senhora|vestuário
🪭|abanar|arejar|balançar|calor|flertar|quente|refrescar|timidez|acessório|dançar|feminino|flamenco|leque dobrável|refrescante
👛|acessório|bolsa|bolsinha|niqueleira|rosa|carteira|dinheiro|moedas|porta-moedas|vestuário
👜|acessório|bolsa|fashion|mão|carteira|mala de mão|saco|vestuário
👝|acessório|carteira|fashion|pequena|bolsa pequena|mala de mão|pochete|saco|vestuário
🛍️|compras|presente|sacolas|shopping|hotel|sacos de compras
🎒|bolsa|escola|viagem|viajar|mochila da escola|pasta|saco
🩴|alpargatas|chinelo|piscina|praia|rasteirinha|sandália|havaiana|sapato
👞|acessório|sapato masculino|sapatos|calçado masculino|homem|sapato de homem|vestuário
👟|acessório|correr|corrida|esportivo|sapato|tênis|calçado|desporto|sapatilha|ténis|vestuário
🥾|acampamento|acampar|bota de trekking|caminhada|marrom|mochilão|natureza|trilha|bota de caminhada|mochila|sapato castanho
🥿|confortável|sapatilha de balé|sem fivela|chinelo|sabrina|sapato raso|slip-on
👠|acessório|alto|chique|fashion|moda|mulher|scarpin|calçado|saltos altos|sapato de salto alto|senhora
👡|acessório|feminino|médio|salto|calçado|sandália de senhora|senhora|vestuário
🩰|bailarina|balé|dança|ballet|sapatilha de balé|sapatos de ballet
👢|acessório|calçado|feminina|médio|salto|bota de senhora|botas|senhora|vestuário
🪮|afro|cabelo|crespo|pente garfo|pentear|retrô|pente de cabelo
👑|acessório|coroa|família real|game of thrones|medieval|rainha|realeza|reinado|vestuário
👒|acessório|fashion|feminino|chapéu de senhora|senhora|vestuário
🎩|cartola|chique|entretenimento|roupa|acessório|chapéu alto|vestuário
🎓|capelo|comemoração|formatura|acessório|celebração|chapéu de finalista|chapéu de graduação|educação|licenciatura
🧢|boné de beisebol|chapéu de baseball
🪖|capacete|exército|guerra|guerreiro|militar|soldado
⛑️|ajuda|branca|cruz|primeiros|resgate|rosto|salvamento|socorrista|socorros|vermelho|capacacete de socorrista|capacete de socorrista|cara|chapéu
📿|acessório|oração|religião|reza|rosário de oração|terço|colar|contas
💄|batom|cosméticos|makeup|maquiagem|vermelho|bâton|maquilhagem
💍|anel|diamante|romance|casamento|noivado
💎|diamante|joia|pedra preciosa|casamento|jóia|preciosa|romance
🔇|alto-falante|calar|mudo|mute|quieto|silenciar|silêncio|som|altifalante desligado|sem som|silencioso|volume
🔈|alto-falante|baixo|mudo|música|silêncio|altifalante baixo|som baixo|volume baixo
🔉|alto-falante|baixo|diminuir|médio|altifalante médio|onda sonora|som médio|volume médio
🔊|alto-falante|gritar|música|som|volume|altifalante|elevado
📢|alto-falante|aviso|buzina|comunicado|discurso|gritar|megafone|altifalante|comunicações públicas|público|som
📣|aplausos|comunicação|megafone|apoiar|torcer
📯|corneta|correios|postal|trompa dos correios
🔔|capela|sino|igreja|som
🔕|mudo|notificação|proibido|quieto|sem som|silêncio|silencioso|não|sino com barra|sino riscado|sino silenciado
🎼|música|partitura musical|nota|pauta
🎵|música|nota musical|som
🎶|música|notas musicais
🎙️|estúdio|microfone de estúdio|música
🎚️|controle de volume|música|volume|controlo de nível|controlo do volume|nível|seletor
🎛️|botões giratórios|controle|música|botões de controlo|comando
🎤|cantar|entretenimento|karaokê|microfone|música|karaoke
🎧|entretenimento|fone|música|ouvido|som|auscultador|intra-auricular
📻|rádio|radiola|som|vídeo|entertenimento|música
🎷|instrumento musical|música|saxofone
🎺|instrumento musical|música|trompete
🪊|instrumento|jazz|música|sopro|triste
🪗|acordeão|concertina|instrumento|música|sanfona
🎸|instrumento musical|música|guitarra elétrica
🎹|instrumento musical|música|piano|teclado musical
🎻|instrumento musical|música|violino|stradivarius
🪕|banjo|cordas|instrumento|música
🥁|baquetas|música|percussão|tambor
🪘|atabaque|batida|comprido|conga|instrumento|percussão|ritmo|tambor alto|tambor comprido
🪇|chacoalhar|chocalho|dança|festa|maracas|maracás|mexer|música|percussão|abanar|instrumento musical|ritmo
🪈|banda|flautim|marcial|música|orquestra|pífano|pife|sopro|tubo|flauta de cana|flautista|gravador|instrumento musical|pífaro
🪉|amor|cupido|harpa|instrumento|música|orquestra
📱|celular|telefone móvel|comunicação|telemóvel
📲|celular|chamada|fazer|ligar|receber|seta|smartphone|telefone|comunicação|telemóvel com seta
☎️|gancho|telefone no gancho|telefone fixo
📞|aparelho de telefone|comunicação|telefone|auscultador de telefone
📟|comunicação|pager
📠|comunicação|fax|máquina de fax
🔋|bateria|pilha
🪫|acabando|cansado|descarregada|eletrônico|energia|fim|fraca|sem|bateria fraca|eletrónico|pilha fraca|pouca bateria|pouca energia
🔌|cabo|elétrica|eletricidade|energia|plugue|tomada|ficha
💻|computador|laptop|notebook|pc|pessoal|trabalho|portátil
🖥️|computador de mesa|desktop|mesa|monitor|computador de secretária|secretária
🖨️|acessório|computador|documento|impressão|impressora|imprimir
🖱️|acessório|computador|mouse|rato de computador
🖲️|acessório|bolinha|computador|mouse|trackball|informática|rato
💽|computação|disco|hd|md|rígido|computador|minidisco|ótico
💾|computador|disco flexível|disquete|floppy
💿|blu-ray|cd|computador|disco|dvd|óptico|ótico
📀|blu-ray|cd|computador|disco|dvd|óptico|ótico
🧮|ábaco|calculadora|cálculo|matemática|número
🎥|câmera|cinema|entretenimento|filmar|filme|hollywood|câmara de filmar
🎞️|cinema|filme|rolo de filmes|fotogramas|película
📽️|cinema|filme|projetor de filmes|vídeo|projetor de cinema
🎬|cena|claquete|entretenimento|filme|tomada|cinema
📺|canal|televisão|tv|vídeo|televisor
📷|câmera|selfie|vídeo|câmara|fotografia|máquina fotográfica
📸|câmera|flash|fotografia|vídeo|câmara|máquina fotográfica com flash
📹|câmera|filmadora|vídeo|câmara de vídeo
📼|cassete|fita|vhs|vídeo|videocassete
🔍|aumento|busca|esquerda|ferramenta|lente|procura|ampliar|investigar|lupa inclinada para a esquerda|pesquisar
🔎|aumento|busca|direita|ferramenta|lente|procura|investigação|lupa inclinada para a direita|pesquisar
🕯️|acesa|luz|vela
💡|elétrica|ideia|lâmpada|luz|quadrinhos|tenho uma ideia|desenho|eletricidade
🔦|elétrica|ferramenta|lanterna|luz|eletricidade|utensílio
🏮|bar|izakaya|papel|restaurante|vermelha|japonês|lanterna de papel vermelha|lanterna vermelha de papel|luz
🪔|diya|lâmpada de óleo|óleo
📔|agenda|caderno|capa|decoração|escola|livro|bloco de notas com capa decorada|decorada
📕|apostila|fechado|livro|educação
📖|aberto|biblioteca|leitura|lendo|ler|livraria|livro|educação
📗|biblioteca|caderno|colégio|escola|estudar|lendo|ler|livraria|livro|verde|educação|leitura
📘|apostila|azul|escola|estudo|leitura|livro
📙|apostila|cartilha|laranja|cor de laranja|educação|leitura|livro cor de laranja
📚|biblioteca|estudando|estudar|leitura|lendo|ler|livraria|livros|escola
📓|caderno|folhas|bloco de notas
📒|caderno|livro contábil|bloco de notas|livro-razão
📃|dobrado|documento|papel|página com dobra|página dobrada
📜|pergaminho|rolo de papel|papel
📄|documento|oficial|papel|página virada para cima
📰|jornal|notícias|comunicação|imprensa|papel
🗞️|enrolado|jornal|notícias|imprensa|papel
📑|marcar|página|marcador de página|marcadores de folhas
🔖|livro|página|marcador de livros|marcador de página|marcar
🏷️|etiqueta|identificar|rótulo
🪙|dinheiro|dólar|euro|metal|moeda|ouro|prata|real|rica|rico|tesouro
💰|dinheiro|dólares|banco|pagamento|saco de dinheiro
🪎|dinheiro|joias|ouro|prata|prêmio|riqueza|tesouro|prémio
💴|cédula|dinheiro|grana|iene|moeda|banco|nota bancária|nota de iene
💵|dinheiro|dólar|moeda|nota bancária|nota de dólar|banco
💶|cédula|dinheiro|euro|grana|moeda|banco|nota bancária|nota de euro
💷|cédula|dinheiro|grana|libra|moeda|banco|nota bancária|nota de libra
💸|asas|banco|cédula|dinheiro indo embora|nota|voando|dinheiro com asas|dólar|voar
💳|banco|crédito|débito|dinheiro|cartão de crédito|pagamento
🧾|contabilidade|escrituração|evidência|fatura|prova|recibo|comprovativo|tesouraria
💹|ascendente|ascensão|crescimento|dinheiro|gráfico subindo com iene|iene em alta|mercado|banco|gráfico a subir com iene|moeda|subida|tendência
📧|carta|comunicação|correspondência|e-mail|correio
📨|carta|chegando|comunicação|correspondência|e-mail|nova|recebida|chegada|correio|email|envelope a chegar|receber
📩|carta|comunicação|correspondência|e-mail|email|seta|correio|envelope com seta|enviado|para baixo|saída
📤|comunicação|correspondência|enviada|saída|bandeja de correio a enviar|caixa de saída|carta|correio|e-mail|enviado|enviar
📥|comunicação|correspondência|e-mail|email|entrada|recebida|recebido|bandeja de correio recebido|caixa de entrada|carta|correio|receber
📦|caixa|embrulho|pacote|embalagem|encomenda
📫|bandeira|correio|correspondência|fechada|levantada|caixa de correio fechada com bandeirola para cima|para cima
📪|abaixada|bandeira|correio|correspondência|fechada|vazia|caixa de correio fechada com bandeirola para baixo|para baixo
📬|aberta|bandeira|caixa de correio aberta com bandeira levantada|caixa de correspondência aberta com bandeira levantada|correspondência|caixa de correio aberta com bandeirola para cima|correio
📭|aberta|bandeira|caixa de correio aberta com bandeira abaixada|caixa de correspondência aberta com bandeira abaixada|caixa de correspondência aberta e vazia|correspondência|caixa de correio aberta com bandeirola para baixo|caixa do correio|correio|para baixo
📮|carta|correio|correspondência|enviar|caixa de correio
🗳️|cédula|eleição|eleitoral|votar|voto|caixa|urna com voto
✏️|lápis|escrever
🖋️|destro|tinteiro|caneta de tinta permanente|tinta permanente
🖊️|caneta|esferográfica|tinteiro
🖌️|pincel|pintando|pintar
🖍️|cera|desenho|giz|vermelho|lápis de cera
📝|anotações|caderno|comunicação|lápis|memorando|notas|folha
💼|mala|maleta|pasta|escritório
📁|arquivo|pasta de arquivos
📂|aberta|abrir|arquivo|pasta de arquivo aberta|pasta de arquivos aberta
🗂️|arquivo|divisor|índice|organizador|fichas|pastas|separadores de fichas
📅|calendário|datas
📆|data|destacáveis|destacável|dia|folha|páginas|várias|calendário destacável
🗒️|caderno|espiral|bloco de notas com espiral|notas
🗓️|bloco|data|espiral|calendário com espiral
📇|índice de cartões|fichas|rolodex
📈|crescimento|diagrama|gráfico de tendência de crescimento|gráfico subindo|tendência de crescimento|gráfico a subir|subida
📉|diagrama|gráfico caindo|gráfico de tendência negativa|negativa|tendência negativa|dados|descida|gráfico a descer
📊|diagrama|barras|gráfico de barras
📋|anotações|prancheta|bloco de notas com mola|lista de tarefas|notas
📌|alfinete|tacha|pionés
📍|localização|mapa|redonda|tacha|alfinete de cabeça redonda|redondo
📎|clipe de papel
🖇️|clipes de papel conectados|clipes ligados|ligação
📏|régua reta|ângulo|matemática
📐|ângulo|geometria|matemática|régua|triangular|triângulo|esquadro
🗃️|arquivo|cartão|documentos|ficheiro|caixa de arquivos|fichas
🗄️|arquivo|escritório|gabinete|gavetas de escritório|armário|arquivador|ficheiro|módulo de gavetas
🗑️|lixeira|lixo|caixote do lixo|cesto de lixo|cesto do lixo
🔒|cadeado|fechado|trancado
🔓|aberto|cadeado|destrancado
🔏|caneta|privacidade|privado|tinteiro|aparo|cadeado com caneta|tinta
🔐|chave|fechado|seguro|trancado|cadeado com chave|cadeado fechado com chave
🔑|senha|trancado|trancar|abrir|chave-mestra|fechadura|palavra-passe|proteção
🗝️|antiga|chave|fechadura|pista
🔨|construção|ferramenta|martelada|martelo|reparo|bricolage
🪓|cortar|machado|madeira|partir|cutelo|lenha|rachar
⛏️|ferramenta|mineração|picareta
🛠️|chave-inglesa|ferramenta|inglesa|chave inglesa|martelo e chave inglesa
🗡️|adaga|arma|faca|punhal
💣|bomba|emoção|engraçado|explosão|explosivo|bum|desenho|perigoso
🪃|aborígene|arma|austrália|bumerangue|rebote|repercussão
🏹|arco e flecha|arma|flecha|sagitário|zodíaco|arqueiro|seta
🛡️|arma|escudo
🪚|carpinteiro|cortar|ferramenta|madeira|serrar|serrote
🔧|ferramenta|inglesa|obra|reforma|bricolage|chave de porcas
🪛|ferramenta|aparafusar|cabeça chata|chave de fendas|útil
🔩|construção|ferramenta|parafuso|porca e parafuso
🗜️|braçadeira|compressão|ferramenta|morsa|torno|grampo
🦯|acessibilidade|cega|cego|cegueira|deficiente|visual|bengala para invisuais|invisual
🔗|anéis|corrente|dois|link|símbolo|vínculo|elos|ligação
⛓️‍💥|liberdade|quebrada|quebrando|quebrar|algemas|corrente partida|partir|romper
⛓️|metal|correntes
🪝|atração para venda|bandido|curva|gancho|pegar|prender
🧰|ferramenta|mecânico|vermelha|caixa de ferramentas|caixa vermelha|mala de ferramentas
🧲|atração|ferradura|ímã|magnético|positivo-negativo|íman
🪜|degrau|escada|mão|subir|descer|trepar
🪏|buraco|cavar|pá|pazinha
🧪|ciência|ensaio|experiência|experimento|laboratório|química|químico|tubo de ensaio
🧫|bactéria|biologia|biologista|biólogo|ciência|cultura|laboratório|petri|placa de petri
🧬|biologista|biólogo|código|dna|evolução|gene|genética|genético|vida|adn
🔬|ciência|ferramenta|microscópico|microscópio|experiência|instrumento
🔭|ciência|ferramenta|telescópio|instrumento
📡|antena|comunicação|parabólica|satélite
💉|agulha|injeção|médico|remédio|seringa|vacinação|doente|medicamento
🩸|medicina|menstruação|sangrar|sangue|doação de sangue|ferimento|gota de sangue
💊|cápsula|comprimido|medicina|médico|pílula|remédio|doente
🩹|adesiva|atadura|bandaid|bandeide|curativo|penso rápido
🩼|bastão|bengala|deficiência|desculpa|lesão|machucar|mobilidade|muleta|ajuda à mobilidade|apoio para mobilidade|canadiana|incapacidade|magoado
🩺|coração|estetoscópio|médica|medicina|médico|tum tum
🩻|doutor|esqueleto|médico|ossos|radiografia|raio x|raios x
🚪|fechada|porta|armário
🛗|acessibilidade|descer|elevador|elevar|subir
🪞|espéculo|espelho|maquiagem|refletor|reflexão|reflexo|maquilhagem
🪟|abertura|fresco|janela|quadro|transparente|vidro|vista|ar fresco
🛏️|cama|dormir|hotel|sono
🛋️|hotel|lâmpada|sofá e luminária|candeeiro|sofá e candeeiro
🪑|assento|cadeira|sentar
🚽|banheiro|patente|privada|sanitário|toalete|vaso|casa de banho|sanita
🪠|banheiro|cocô|desentupidor|encanador|fezes|sanitário|sucção|vaso|casa de banho|desentupir
🚿|água|banho|chuveiro|ducha|duche
🛁|banheira|banho
🪤|armadilha|atrair|isca|prender|queijo|ratoeira|apanhar|engodo|isco
🪒|afiada|afiado|barbeador|barbear|depilar|gilete|raspar|lâmina de barbear
🧴|condicionador|creme|hidratante|loção|shampoo|solar|xampu|champô|frasco de loção|protetor solar
🧷|alfinete de segurança|fralda|rock|alfinete de dama|punk rock
🧹|bruxa|limpar|limpeza|varrer|vassoura
🧺|agrícola|agricultura|cesta|lavanderia|lavoura|piquenique|roupa|suja|cesto de roupa
🧻|higiênico|papel de cozinha|papel higiénico|rolo de cozinha|rolo de papel|toalhas de papel
🪣|balde|baldinho|barril|água|limpeza
🧼|banho|barra|espuma|limpar|limpeza|saboneteira
🫧|água|aquática|aquático|arroto|bolhas|embaixo d’água|flutuar|limpo|pérolas|sabão|bolas de sabão|debaixo de água|subaquático
🪥|banheiro|dental|dentes|escova de dentes|limpeza|higiene oral
🧽|absorção|absorvente|encharcar|esponja|limpeza|porosa|poroso
🧯|apagar|extinguir|fogo|incêndio|extintor de incêndio
🛒|compras|mercado|supermercado|carrinho de compras
🚬|cigarro|é permitido fumar|fumante|fumar|fumo|símbolo para é permitido fumar|tabaco
⚰️|caixão funerário|funeral|morte|velório|morto|vampiro
🪦|cemitério|descanse em paz|lápide|morto|rip|sepultura|tumba|túmulo|campa|morte
⚱️|cinzas|funeral|morte|urna funerária
🧿|amuleto|conta|grego|mau-olhado|miçanga|nazar|talismã|missanga|olho grego|olho turco
🪬|amuleto|fátima|guia|hamsa|hamsá|maria|miriam|proteção|sorte|chamsá|cinco dedos da mão|islão|judaísmo|mão de deus|mão de fátima|mau-olhado|palma da mão com cinco dedos estendidos|talismã
🗿|estátua|moai|moyai|rosto|cara|ilha de páscoa
🪧|aviso|cartaz|demonstração|letreiro|piquete|protesto|sinal|manifestação|placard
🪪|carteira|crachá|credenciais|documento|habilitação|identidade|licença|motorista|rg|segurança|carta de condução|cartão de identidade|cartão de identificação|identificação|passe
🏧|atm|automático|banco|caixa|dinheiro|eletrônico|grana|saque|símbolo|mb|multibanco|sinal de caixa automática|sinal de multibanco
🚮|coloque o lixo no lixo|lata|lixeira|lixo|símbolo|cesto do lixo|sinal de lixo no caixote do lixo
🚰|água|beber|potável|símbolo|torneira
♿|acesso|rodas|sinal|acessibilidade|cadeira de rodas|símbolo de cadeira de rodas
🚹|banheiro|homem|lavatório|masculino|símbolo|toalete|wc|casa de banho para homens|quarto de banho
🚺|banheiro|feminino|lavabo|lavatório|mulher|símbolo|toalete|wc|casa de banho para senhoras|quarto de banho|senhora
🚻|banheiro|lavabo|sanitário|símbolo|toalete|casa de banho|quarto de banho|wc
🚼|bebê|fralda|fraldário|bebé|símbolo de fraldário|trocar fraldas
🚾|latrina|lavabo|privada|toalete|vaso sanitário|wc|casa de banho
🛂|controle|passaporte|controlo de passaportes
🛃|aduana|aduaneira|alfândega|bens|federal|impostos|receita|encomenda
🛄|aeroporto|área|bagagem|bagagens|esteira|férias|mala|recolhimento|restituição|viagem|avião|chegada|recolha de bagagem
🛅|bagagem|esquecida|malas|serviço|cacifo|depósito de bagagem
⚠️|atenção|aviso|cuidado|sinal
🚸|atravessando|pedestre|símbolo|tráfego|atravessar|crianças a atravessar|passagem de crianças|peões|trânsito
⛔|entrada|entre|não|placa|proibido|sinal|trânsito|falha|proibida a entrada|transitar
🚫|entrada|não|proibida|proibido|símbolo|sinal|fumar
🚳|bicicleta|não|permitidas|sem|proibido andar de bicicleta|veículo
🚭|cigarro|fumar|não é permitido fumar|proibido|símbolo|não fumadores
🚯|jogar|lixo|não jogue lixo no chão|proibido|símbolo|não colocar lixo|não deitar lixo para o chão
🚱|água|consumo|não|potável|proibido|seco|sem|beber|imprópria para consumo
🚷|não|passagem|pedestre|permitidos|proibida|peões|proibido a peões
📵|celular|não|permitidos|sem|smartphone|telefone|proibido usar telemóveis|telemóvel
🔞|18|anos|dezoito|idade|menores|restrição|menor de idade|proibido a menores de dezoito anos
⬆️|cardinal|direção|norte|seta para cima|cardeal
➡️|direção|direita|flecha|leste|seta para a direita|cardeal|cardinal|este
⬇️|abaixo|baixo|cardinal|direção|embaixo|flecha|sul|cardeal|para baixo|seta para baixo
⬅️|atrás|direção|esquerda|flecha|oeste|voltar|cardeal|cardinal|seta para a esquerda
↩️|curva|flecha|retorno|seta curva da direita para a esquerda|seta curva da direita para esquerda|voltar à esquerda|esquerda|seta para a direita com curva para a esquerda
↪️|curva|flecha|retorno|seta curva da esquerda para a direita|seta curva da esquerda para direita|voltar à direita|direita|seta para a esquerda com curva para a direita
🔃|flechas|recarregar|sentido horário|setas em sentido horário na vertical|setas verticais no sentido horário|símbolo de recarregar|sentido dos ponteiros do relógio|setas verticais no sentido dos ponteiros do relógio
🔄|anti-horário|atualizar|botão de setas em sentido anti-horário|botão de setas no sentido anti-horário|sentido anti-horário|setas em sentido anti-horário|rebobinar|repetir|sentido contrário ao dos ponteiros do relógio|setas no sentido contrário ao dos ponteiros do relógio
🔙|flecha|seta "back"|seta para a esquerda|seta para voltar|voltar com seta para a esquerda|para trás|seta back
🔚|fim com seta para a esquerda|final|seta "end"|seta para a esquerda|seta para ir para o fim|para o fim|seta end
🔛|flecha|marca|on!|seta "on!"|seta on|ligado
🔜|soon com seta para a direita|em breve|flecha|seta "soon"|símbolo soon|a caminho|brevemente|seta soon
🔝|cima|para cima|seta "top"|seta para cima|símbolo top|top com seta para cima|parte superior|seta top
🛐|culto|local de culto|local sagrado|oração|religião|local de oração|rezar
⚛️|ateísmo|ateu|átomo|símbolo de átomo|símbolo do ateísmo|ateísta|símbolo do átomo
🕉️|om|religião|aum|hinduísmo
☯️|religião|taoistas|yang|yin-yang|taoismo
✝️|cristão|cruz latina|religião
☪️|estrela e lua crescente|muçulmano|religião|símbolo islã|islão|ramadão
☮️|paz|símbolo da paz|cura|pacífico
🕎|candelabro judeu|castiçal|judaísmo|memorah|menorá|religião|chanucá
🔯|adivinhação|destino|seis pontas|estrela de seis pontas com ponto|fortuna|judaísmo|sorte
🪯|deg tegh fateh|fé|khalsa|khanda|religião|sikhismo|siquismo|bandeira|punjabe|sagrado|sique
♊|gêmeos|signo de gêmeos|zodíaco|gémeos|horóscopo
♋|câncer|caranguejo|signo de câncer|zodíaco|horóscopo
♌|leão|signo de leão|zodíaco|horóscopo
♍|signo de virgem|virgem|zodíaco|horóscopo
♎|balança|justiça|libra|signo de libra|signo de virgem|zodíaco|horóscopo
♏|escorpião|signo de escorpião|zodíaco|horóscopo
⛎|cobra|ofiúco|ophiuchus|serpente|signo de ofiúco|zodíaco|serpentário
🔀|botão de músicas aleatórias|cruzadas|flechas|setas cruzadas em direção à direita|botão de reprodução aleatória de faixas
🔁|botão de repetir|flechas|horário|repetir|sentido horário|setas em sentido horário|botão de repetição|sentido dos ponteiros do relógio
🔂|botão de repetir uma única faixa|horário|número 1|repetir uma vez|sentido horário|setas em sentido horário com número 1|uma vez|botão de repetição única|sentido dos ponteiros do relógio
▶️|botão reproduzir|direita|play|reproduzir|seta para a direita|triângulo|botão de reprodução
⏩|avançar|botão avançar|direita|dupla|flechas|passar para a frente|rápido|seta dupla para a direita|botão de avançar|duas setas
⏭️|avançar|botão de próxima faixa|flechas duplas|passar para frente|próxima cena|próxima faixa|seta dupla para a direita|botão de faixa seguinte|cena seguinte|faixa seguinte|triângulo
⏯️|botão de reproduzir ou pausar|direita|pausar|pause|play|reproduzir ou pausar|seta para a direita|triângulo|botão de reprodução ou pausa|reprodução
◀️|botão de voltar|esquerda|seta para a esquerda|triângulo|voltar|botão de inversão|inverter|retroceder
⏪|botão de retroceder|dupla|esquerda|retroceder|seta dupla para a esquerda|seta dupla para trás|voltar|botão de inversão rápida|duas setas|rebobinar
⏮️|anterior|botão de faixa anterior|cena anterior|faixa anterior|flechas para esquerda|seta dupla para a esquerda|setas para a esquerda|triângulo|última faixa|voltar|botão de última faixa
🔼|acima|botão apontando para cima|botão de triângulo apontando para cima|para cima|seta|triângulo apontando para cima|vermelho|botão para cima
⏫|botão de avanço para cima|dupla|flechas para cima|para cima|seta dupla para cima|botão rapidamente para cima|duas setas
🔽|botão apontando para baixo|botão de triângulo apontando para baixo|para baixo|seta|triângulo apontando para baixo|vermelho|botão para baixo
⏬|botão de avanço para baixo|flechas para baixo|para baixo|retroceder rápido|seta dupla para baixo|botão rapidamente para baixo|duas setas|dupla
⏸️|barra|botão pausar|dupla|pausado|pausar|pause|vertical|botão de pausa|colocar em pausa|duas barras
⏹️|botão parar|parar|quadrado|stop|botão de paragem
⏺️|círculo|gravar|botão de gravação
⏏️|botão ejetar|ejetar|botão de ejeção|ejecção|ejectar
🎦|cinema|entretenimento|filme|símbolo do cinema|câmara
🔅|botão de diminuir brilho|brilho|diminuir|escurecer|símbolo para reduzir brilho|baixo|botão de escurecer|luminosidade
🔆|aumentar brilho|botão de aumentar brilho|brilho|símbolo para aumentar brilho|botão de brilho|brilhante|luminosidade|luz
📶|antena com barras|barras de sinal|celular|conexão|força do sinal|internet|sinais de telefonia móvel|telefone|barras de antena|rede|sinal|telemóvel
🛜|banda larga|computador|conectividade|internet|ponto de acesso|rede|roteador|smartphone|wi-fi|wifi|wireless|hotspot|ligação wi-fi|sem fios|telemóvel
📳|celular|modo vibratório|smartphone|telefone|vibração|comunicação|modo de vibração|telemóvel
📴|celular|desligado|desligue o celular|smartphone|telefone|telemóvel
⚧️|símbolo transgênero|transgênero|símbolo transgénero|transgénero
🟰|conta|iguais|igualdade|matemática|resposta|resultado|sinal de igual
♾️|eternidade|ilimitado|infinito|universal
‼️|!!|dupla exclamação|exclamação dupla|explosão|ponto de exclamação duplo|pontuação
💱|banco|câmbio de moeda|dinheiro|moeda
💲|cifrão|dinheiro|dólar|grana|moeda|símbolo do dólar em negrito|símbolo de dólar
♻️|reciclagem|reclicar|símbolo de reciclagem sólido universal|sinal|reciclar
⚜️|cavaleiros|flor-de-lis|símbolo|fleur-de-lis
🔱|âncora|emblema de tridente|ferramenta|navio|símbolo de tridente|tridente
📛|crachá|identificação|nome|dístico
🔰|folha verde e amarela|iniciante|japonês|símbolo japonês de principiante|símbolo japonês para iniciante|verde e amarela|verde e amarelo|amarelo|divisa|insígnia|principiante|símbolo japonês para principiante
⭕|aro|círculo grande oco|círculo vermelho vazio|grande|o|vermelho|círculo vermelho oco|encarnado
❌|×|cancelar|multiplicação|multiplicar|vermelho|xis|cruz
❎|×|botão com x|botão de caixa com x|botão de xis|marcado|multiplicar|quadrado|x em um quadrado verde|x verde|botão com cruz|multiplicação
➰|laço encaracolado|loop|onda|ondulado|volta|caracol
➿|duas vezes|duplo|encaradolado|loop encaracolado duas vezes|onda|ondulado|caracol|espiral|laço encaracolado duplo
〽️|canto|japonês|símbolo japonês de canto|sinal japonês indicando início de música|entrada|marca de alternância parcial|música|parcial
🫟|mancha|pingo|respingo|tinta
🔠|abcd|caracteres latinos maiúsculos|digitação|inserir caracteres latinos maiúsculos|latinas|letras|maiúsculas|maiúsculos|introdução de maiúsculas latinas
🔡|abcd|caracteres latinos minúsculos|digitação|latinas|latino|letras|minúsculas|minúsculos|introdução de minúsculas latinas
🔢|1234|digitação|inserir números|números|introdução de números
🔣|〒♪&%|digitação|inserir símbolos|símbolos|introdução de símbolos
🔤|abc|alfabeto|digitação|inglês|inserir alfabeto latino|latinas|latino|letras|abecedário|introdução de letras latinas
🅰️|a|botão a (tipo sanguíneo)|sangue|tipo a|tipo sanguíneo a|botão a (tipo de sangue)|grupo sanguíneo
🆎|ab|botão ab (tipo sanguíneo)|sangue|tipo ab|tipo sanguíneo ab|botão ab (tipo de sangue)|grupo sanguíneo
🅱️|botão b (tipo sanguíneo)|sangue|tipo b|tipo sanguíneo b|blood|botão b (tipo de sangue)|grupo sanguíneo
🆑|botão cl|cl|limpar|símbolo do cl
🆒|botão "cool"|botão cool|cool|legal|símbolo cool|fixe
🆓|botão "free"|free|grátis|gratuito|símbolo free|livre
🆔|botão id|identidade|símbolo id|identificação
Ⓜ️|círculo com a letra m|letra m|m|círculo com letra m
🆕|botão "new"|new|novo|símbolo|botão new
🆖|botão ng|ng|símbolo ng
🅾️|botão o (tipo sanguíneo)|o|sangue|tipo o|tipo sanguíneo o|0|botão 0 (tipo de sangue)|botão o (tipo de sangue)|grupo sanguíneo
🆗|botão ok|ok|sim|símbolo ok
🅿️|botão p|estacionamento|estacionar|garagem de carros|p
🆘|ajuda|botão sos|símbolo sos|socorro|sos
🆙|botão "up!"|para cima|símbolo up!|up!|força!
🆚|botão vs|símbolo vs|versus|vs
🈁|"aqui"|aqui|alfabeto|botão japonês de aqui|japonês|katakana|koko|botão "aqui" em japonês
🈂️|taxa de serviço|alfabeto|botão japonês de taxa de serviço|japonês|katakana|katanaka|sa|"taxa de serviço"|botão "taxa de serviço" em japonês
🈷️|quantidade mensal|alfabeto|botão japonês de quantidade mensal|ideográfico|ideograma|japonês|valor mensal|"montante mensal"|botão "montante mensal" em japonês|botão "valor mensal" em japonês
🈶|não gratuito|alfabeto|botão japonês de não gratuito|ideográfico|ideograma|japonês|"não gratuito"|botão "não gratuito" em japonês
🈯|reservado|alfabeto|botão japonês de reservado|ideográfico|ideograma|japonês|"reservado"|botão "reservado" em japonês
🉐|barganha|alfabeto|botão japonês de barganha|ideográfico|ideograma|japonês|pechincha|"boa oportunidade"|botão "boa oportunidade" em japonês
🈹|desconto|alfabeto|botão japonês de desconto|ideográfico|ideograma|japonês|"desconto"|botão "desconto" em japonês
🈚|gratuito|alfabeto|botão japonês de gratuito|de graça|grátis|ideográfico|ideograma|japonês|sem custo|"gratuito"|botão "gratuito" em japonês
🈲|proibido|alfabeto|botão japonês de proibido|ideográfico quadrado proibir|ideograma|japonês|proibir|"proibido"|botão "proibido" em japonês
🉑|aceitável|aceitar|alfabeto|botão japonês de aceitável|chinês|ideográfico circular aceitar|ideograma|japonês|"aceitável"|botão "aceitável" em japonês
🈸|aplicação|alfabeto|aplicar|botão japonês de aplicação|chinês|ideográfico quadrado aplicar|ideograma|japonês|"aplicação"|botão "aplicação" em japonês
🈴|nota mínima|alfabeto|botão japonês de nota mínima|chinês|ideográfico quadrado juntos|ideograma|japonês|juntos|botão "nota positiva" em japonês|nota positiva
🈳|vago|alfabeto|botão japonês de vago|ideográfico|ideograma|japonês|vaga|vazio|"com vagas"|"vago"|botão "com vagas" em japonês|botão "vaga" em japonês
🈺|aberto para negócios|botão japonês de aberto para negócios|chinês|ideográfico quadrado operando|ideograma|japonês|operando|"aberto"|botão "aberto" em japonês|botão "em funcionamento" em japonês
🈵|sem vagas|alfabeto|botão japonês de sem vagas|completude|ideográfico quadrado completude|ideograma|japonês|"sem vagas"|botão "sem vagas" em japonês
🔴|bola vermelha|círculo vermelho grande|geométrico|vermelho
🟠|laranja|círculo cor de laranja|cor de laranja
🟡|amarelo|círculo
🟢|círculo|verde
🔵|azul|bolinha azul|círculo azul grande|geométrico
🟣|círculo|roxo
🟤|círculo|marrom|castanho
⚫|geométrico|preto|círculo preto
⚪|branco|geométrico|círculo branco
🟥|quadrado|vermelho
🟧|laranja|cor de laranja|quadrado cor de laranja
🟨|amarelo|quadrado
🟩|quadrado|verde
🟦|anil|azul|quadrado
🟪|púrpura|quadrado|roxo
🟫|marrom|quadrado|castanho
⬛|geométrico|preto|quadrado preto grande
⬜|geométrico|quadrado branco grande
◼️|geométrico|quadrado preto médio
◻️|geométrico|quadrado branco médio
◾|geométrico|preto|quadrado preto médio menor|quadrado preto pequeno/médio
◽|branco|geométrico|quadrado branco médio menor|quadrado branco pequeno/médio
▪️|geométrico|pequeno|preto|quadrado preto pequeno
▫️|branco|geométrico|pequeno|quadrado branco pequeno
🔶|cor de laranja|diamante cor de laranja grande|diamante laranja grande|geométrico|laranja|losango laranja grande|losango cor de laranja grande
🔷|azul|balão|diamante azul grande|geométrico|losango azul grande
🔸|cor de laranja|diamante cor de laranja pequeno|diamante laranja pequeno|geométrico|laranja|losango laranja pequeno|losango cor de laranja pequeno
🔹|azul|diamante azul pequeno|geométrico|losango azul pequeno
🔺|geométrico|triângulo vermelho apontando para cima|triangulo vermelho para cima|triângulo vermelho para cima|vermelho|para cima|triângulo vermelho a apontar para cima
🔻|geométrico|triângulo vermelho apontando para baixo|triangulo vermelho para baixo|triângulo vermelho para baixo|vermelho|para baixo|triângulo vermelho a apontar para baixo
💠|cômico|dentro|diamante com ponto|diamante com um ponto|formato de diamante|geométrico|desenho|interior|losango com um ponto
🔘|botão de opção|geométrico|rádio|botão de rádio|opção
🔳|botão quadrado branco e preto|quadrado|delineado|geométrico
🔲|botão quadrado preto e branco|geométrico|quadrado
🏁|chegada|corrida|esporte|quadriculada|vitória|axadrezado|bandeira axadrezada|nascar
🚩|bandeira|informações|localização|poste|triangular|vermelha|vermelho|construção|golfe
🎌|comemoração|cruzadas|cruzar|japão|japonês|bandeiras cruzadas|bandeiras do japão cruzadas|celebração|cruzado
🏴|preta|tremulando|abanar|bandeira preta a abanar|ondulante
🏳️|branca|paz|tremulando|abanar|bandeira branca a abanar|ondulante
🏳️‍🌈|arco-íris|bandeira|bissexual|gay|lésbica|lgbtqia|orgulho|transexual|transgênero|travesti|glbtq|homossexual|não-binário|queer|transgénero
🏳️‍⚧️|azul claro|bandeira|branco|rosa|transgênero|azul clara|branca|transgénero
🏴‍☠️|caveira|osso|pirata|saque|tesouro|bandeira pirata|perna-de-pau
🇦🇩|andorra
🇦🇪|emirados árabes unidos
🇦🇫|afeganistão
🇦🇬|antígua e barbuda
🇦🇮|anguila
🇦🇱|albânia
🇦🇲|armênia|arménia
🇦🇴|angola
🇦🇶|antártida
🇦🇷|argentina
🇦🇸|samoa americana
🇦🇹|áustria
🇦🇺|austrália
🇦🇼|aruba
🇦🇽|ilhas aland|alanda
🇦🇿|azerbaijão
🇧🇦|bósnia e herzegovina
🇧🇧|barbados
🇧🇩|bangladesh|bangladeche
🇧🇪|bélgica
🇧🇫|burquina faso
🇧🇬|bulgária
🇧🇭|barein|barém
🇧🇮|burundi
🇧🇯|benin|benim
🇧🇱|são bartolomeu
🇧🇲|bermudas
🇧🇳|brunei
🇧🇴|bolívia
🇧🇶|países baixos caribenhos
🇧🇷|brasil
🇧🇸|bahamas|baamas
🇧🇹|butão
🇧🇼|botsuana
🇧🇾|bielorrússia
🇧🇿|belize
🇨🇦|canadá
🇨🇨|ilhas cocos (keeling)|ilhas dos cocos (keeling)
🇨🇩|congo - kinshasa|congo-kinshasa
🇨🇫|república centro-africana
🇨🇬|república do congo|congo-brazzaville
🇨🇭|suíça
🇨🇮|costa do marfim|côte d’ivoire (costa do marfim)
🇨🇰|ilhas cook
🇨🇱|chile
🇨🇲|camarões
🇨🇳|china
🇨🇴|colômbia
🇨🇶|sark
🇨🇷|costa rica
🇨🇺|cuba
🇨🇻|cabo verde
🇨🇼|curaçao|curaçau
🇨🇽|ilha christmas|ilha do natal
🇨🇾|chipre
🇨🇿|tchéquia|chéquia
🇩🇪|alemanha
🇩🇯|djibuti|jibuti
🇩🇰|dinamarca
🇩🇲|dominica|domínica
🇩🇴|república dominicana
🇩🇿|argélia
🇪🇨|equador
🇪🇪|estônia|estónia
🇪🇬|egito
🇪🇭|saara ocidental|sara ocidental
🇪🇷|eritreia
🇪🇸|espanha
🇪🇹|etiópia
🇪🇺|união europeia
🇫🇮|finlândia
🇫🇯|fiji
🇫🇰|ilhas malvinas|ilhas falkland
🇫🇲|micronésia
🇫🇴|ilhas faroé
🇫🇷|frança
🇬🇦|gabão
🇬🇧|reino unido
🇬🇩|granada
🇬🇪|geórgia
🇬🇫|guiana francesa
🇬🇬|guernsey|guernesey
🇬🇭|gana
🇬🇮|gibraltar
🇬🇱|groenlândia|gronelândia
🇬🇲|gâmbia
🇬🇳|guiné
🇬🇵|guadalupe
🇬🇶|guiné equatorial
🇬🇷|grécia
🇬🇸|ilhas geórgia do sul e sandwich do sul
🇬🇹|guatemala
🇬🇺|guame
🇬🇼|guiné-bissau
🇬🇾|guiana
🇭🇰|hong kong, rae da china
🇭🇳|honduras
🇭🇷|croácia
🇭🇹|haiti
🇭🇺|hungria
🇮🇨|ilhas canárias
🇮🇩|indonésia
🇮🇪|irlanda
🇮🇱|israel
🇮🇲|ilha de man
🇮🇳|índia
🇮🇴|território britânico do oceano índico
🇮🇶|iraque
🇮🇷|irão
🇮🇸|islândia
🇮🇹|itália
🇯🇪|jersey
🇯🇲|jamaica
🇯🇴|jordânia
🇯🇵|japão
🇰🇪|quênia|quénia
🇰🇬|quirguistão
🇰🇭|camboja
🇰🇮|quiribati|quiribáti
🇰🇲|comores
🇰🇳|são cristóvão e névis|são cristóvão e neves
🇰🇵|coreia do norte
🇰🇷|coreia do sul
🇰🇼|kuwait|koweit
🇰🇾|ilhas cayman|ilhas caimão
🇰🇿|cazaquistão
🇱🇦|laos
🇱🇧|líbano
🇱🇨|santa lúcia
🇱🇮|liechtenstein|listenstaine
🇱🇰|sri lanka|sri lanca
🇱🇷|libéria
🇱🇸|lesoto
🇱🇹|lituânia
🇱🇺|luxemburgo
🇱🇻|letônia|letónia
🇱🇾|líbia
🇲🇦|marrocos
🇲🇨|mônaco|mónaco
🇲🇩|moldávia
🇲🇪|montenegro
🇲🇬|madagascar|madagáscar
🇲🇭|ilhas marshall
🇲🇰|macedônia do norte|macedónia do norte
🇲🇱|mali
🇲🇲|mianmar (birmânia)
🇲🇳|mongólia
🇲🇴|macau, rae da china
🇲🇵|ilhas marianas do norte
🇲🇶|martinica
🇲🇷|mauritânia
🇲🇸|montserrat|monserrate
🇲🇹|malta
🇲🇺|maurício|maurícia
🇲🇻|maldivas
🇲🇼|malaui|maláui
🇲🇽|méxico
🇲🇾|malásia
🇲🇿|moçambique
🇳🇦|namíbia
🇳🇨|nova caledônia|nova caledónia
🇳🇪|níger
🇳🇫|ilha norfolk
🇳🇬|nigéria
🇳🇮|nicarágua
🇳🇱|países baixos
🇳🇴|noruega
🇳🇵|nepal
🇳🇷|nauru
🇳🇺|niue|niuê
🇳🇿|nova zelândia
🇴🇲|omã
🇵🇦|panamá
🇵🇪|peru
🇵🇫|polinésia francesa
🇵🇬|papua-nova guiné
🇵🇭|filipinas
🇵🇰|paquistão
🇵🇱|polônia|polónia
🇵🇲|são pedro e miquelão
🇵🇳|ilhas pitcairn
🇵🇷|porto rico
🇵🇸|territórios palestinos|territórios palestinianos
🇵🇹|portugal
🇵🇼|palau
🇵🇾|paraguai
🇶🇦|catar
🇷🇪|reunião
🇷🇴|romênia|roménia
🇷🇸|sérvia
🇷🇺|rússia
🇷🇼|ruanda
🇸🇦|arábia saudita
🇸🇧|ilhas salomão
🇸🇨|seicheles
🇸🇩|sudão
🇸🇪|suécia
🇸🇬|singapura
🇸🇭|santa helena
🇸🇮|eslovênia|eslovénia
🇸🇰|eslováquia
🇸🇱|serra leoa
🇸🇲|san marino|são marinho
🇸🇳|senegal
🇸🇴|somália
🇸🇷|suriname
🇸🇸|sudão do sul
🇸🇹|são tomé e príncipe
🇸🇻|el salvador|salvador
🇸🇽|sint maarten|são martinho (sint maarten)
🇸🇾|síria
🇸🇿|essuatíni
🇹🇨|ilhas turcas e caicos
🇹🇩|chade
🇹🇫|territórios franceses do sul|territórios austrais franceses
🇹🇬|togo
🇹🇭|tailândia
🇹🇯|tadjiquistão|tajiquistão
🇹🇰|tokelau|toquelau
🇹🇱|timor-leste
🇹🇲|turcomenistão|turquemenistão
🇹🇳|tunísia
🇹🇴|tonga
🇹🇷|turquia
🇹🇹|trinidad e tobago|trindade e tobago
🇹🇻|tuvalu
🇹🇼|taiwan
🇹🇿|tanzânia
🇺🇦|ucrânia
🇺🇬|uganda
🇺🇸|estados unidos
🇺🇾|uruguai
🇺🇿|uzbequistão|usbequistão
🇻🇦|cidade do vaticano
🇻🇨|são vicente e granadinas
🇻🇪|venezuela
🇻🇬|ilhas virgens britânicas
🇻🇮|ilhas virgens americanas|ilhas virgens dos eua
🇻🇳|vietnã|vietname
🇻🇺|vanuatu
🇼🇫|wallis e futuna
🇼🇸|samoa
🇽🇰|kosovo
🇾🇪|iêmen|iémen
🇾🇹|mayotte|maiote
🇿🇦|áfrica do sul
🇿🇲|zâmbia
🇿🇼|zimbábue|zimbabué
🏴󠁧󠁢󠁥󠁮󠁧󠁿|inglaterra
🏴󠁧󠁢󠁳󠁣󠁴󠁿|escócia
🏴󠁧󠁢󠁷󠁬󠁳󠁿|país de gales